trial,subject,y,sk_cls,hw_cls,fixed_cls,sk_p0,sk_p1,sk_p2,hw_p0,hw_p1,hw_p2,lat_cycles,wall_ns
0,0,1,2,2,2,0.102880,0.413036,0.484084,0.102921,0.413376,0.483673,1845,0
1,0,1,1,1,1,0.026416,0.564705,0.408879,0.026398,0.565018,0.408554,1845,0
2,0,0,0,0,0,0.803813,0.188770,0.007417,0.803116,0.189423,0.007446,1845,0
3,0,2,2,2,2,0.013136,0.230858,0.756005,0.013138,0.231140,0.755692,1845,0
4,0,1,1,1,1,0.056169,0.596671,0.347160,0.056152,0.597092,0.346725,1845,0
5,0,2,2,2,2,0.001515,0.081814,0.916671,0.001495,0.081985,0.916489,1845,0
6,0,1,1,1,1,0.317416,0.634373,0.048211,0.317261,0.634537,0.048187,1845,0
7,0,0,0,0,0,0.942202,0.056909,0.000889,0.942108,0.056992,0.000870,1845,0
8,0,2,2,2,2,0.000817,0.075786,0.923397,0.000809,0.075943,0.923218,1845,0
9,0,0,0,0,0,0.879438,0.117383,0.003179,0.879074,0.117737,0.003174,1845,0
10,0,1,1,1,1,0.428083,0.519399,0.052518,0.427719,0.519775,0.052490,1845,0
11,0,1,0,0,0,0.524389,0.448599,0.027012,0.523071,0.449783,0.027130,1845,0
12,0,0,0,0,0,0.791474,0.202608,0.005919,0.790558,0.203476,0.005951,1845,0
13,0,1,0,0,0,0.589316,0.394221,0.016463,0.587997,0.395462,0.016525,1845,0
14,0,2,2,2,2,0.002249,0.135935,0.861816,0.002243,0.136200,0.861542,1845,0
15,0,1,1,1,1,0.055767,0.586915,0.357318,0.055771,0.587341,0.356873,1845,0
16,0,1,0,0,0,0.534955,0.451765,0.013281,0.534500,0.452194,0.013290,1845,0
17,0,1,1,1,1,0.060229,0.692137,0.247634,0.060165,0.692368,0.247452,1845,0
18,0,0,0,0,0,0.963426,0.036136,0.000438,0.963257,0.036301,0.000427,1845,0
19,0,2,2,2,2,0.000382,0.034895,0.964724,0.000381,0.035385,0.964218,1845,0
20,0,1,2,2,2,0.050080,0.431084,0.518836,0.050110,0.431656,0.518219,1845,0
21,0,2,2,2,2,0.002347,0.201443,0.796210,0.002335,0.201584,0.796051,1845,0
22,0,1,1,1,1,0.252968,0.700635,0.046396,0.252426,0.701080,0.046463,1845,0
23,0,0,0,0,0,0.926964,0.071714,0.001323,0.926636,0.072006,0.001328,1845,0
24,0,2,2,2,2,0.000908,0.065027,0.934065,0.000916,0.066711,0.932358,1845,0
25,0,0,0,0,0,0.783064,0.210381,0.006555,0.782166,0.211212,0.006592,1845,0
26,0,1,1,1,1,0.077403,0.587193,0.335403,0.077423,0.587555,0.335007,1845,0
27,0,1,0,0,0,0.561662,0.412534,0.025803,0.543518,0.428864,0.027588,1845,0
28,0,0,0,0,0,0.915014,0.083569,0.001417,0.914612,0.083954,0.001419,1845,0
29,0,1,1,1,1,0.292937,0.634898,0.072165,0.292618,0.635193,0.072159,1845,0
30,0,2,2,2,2,0.000489,0.060167,0.939344,0.000473,0.060303,0.939194,1845,0
31,0,1,1,1,1,0.019305,0.620142,0.360553,0.019257,0.620132,0.360580,1845,0
32,0,1,1,1,1,0.360977,0.600041,0.038982,0.360458,0.600494,0.039032,1845,0
33,0,1,1,1,1,0.155356,0.665351,0.179292,0.155304,0.665649,0.179031,1845,0
34,0,0,0,0,0,0.838979,0.157260,0.003761,0.838196,0.158005,0.003769,1845,0
35,0,2,2,2,2,0.019496,0.371574,0.608930,0.019501,0.372147,0.608337,1845,0
36,0,1,1,1,1,0.050890,0.592499,0.356611,0.050888,0.592789,0.356308,1845,0
37,0,2,2,2,2,0.000171,0.024640,0.975189,0.000153,0.024658,0.975159,1845,0
38,0,1,1,1,1,0.094101,0.737988,0.167911,0.093826,0.738098,0.168060,1845,0
39,0,0,0,0,0,0.767386,0.224225,0.008388,0.766693,0.224869,0.008408,1845,0
40,0,2,2,2,2,0.001620,0.111098,0.887283,0.001617,0.111328,0.887039,1845,0
41,0,0,0,0,0,0.867669,0.129288,0.003043,0.867081,0.129852,0.003052,1845,0
42,0,1,2,2,2,0.010767,0.206932,0.782301,0.010773,0.207321,0.781876,1845,0
43,0,1,1,1,1,0.281234,0.631629,0.087137,0.281021,0.631882,0.087067,1845,0
44,0,0,0,0,0,0.799766,0.193604,0.006630,0.799362,0.193970,0.006638,1845,0
45,0,1,1,1,1,0.244106,0.687556,0.068337,0.255249,0.678406,0.066315,1845,0
46,0,2,2,2,2,0.001424,0.158769,0.839807,0.001419,0.159012,0.839554,1845,0
47,0,1,1,1,1,0.044097,0.683004,0.272898,0.044052,0.683258,0.272675,1845,0
48,0,1,1,1,1,0.168206,0.694623,0.137171,0.168396,0.693954,0.137634,1845,0
49,0,1,1,1,1,0.082860,0.624112,0.293028,0.082825,0.624405,0.292755,1845,0
50,0,0,0,0,0,0.695295,0.293324,0.011381,0.694412,0.294144,0.011414,1845,0
51,0,2,2,2,2,0.001132,0.079702,0.919166,0.001114,0.079849,0.919006,1845,0
52,0,1,1,1,1,0.093569,0.613985,0.292447,0.093536,0.614166,0.292267,1845,0
53,0,2,2,2,2,0.001725,0.162242,0.836033,0.001709,0.162338,0.835922,1845,0
54,0,1,1,1,1,0.065223,0.721763,0.213014,0.065201,0.721909,0.212875,1845,0
55,0,0,0,0,0,0.740794,0.250043,0.009163,0.739929,0.250839,0.009201,1845,0
56,0,2,2,2,2,0.000320,0.038624,0.961056,0.000305,0.038696,0.960968,1845,0
57,0,0,0,0,0,0.787354,0.205753,0.006893,0.786819,0.206238,0.006912,1845,0
58,0,1,2,2,2,0.023529,0.458926,0.517545,0.023514,0.459351,0.517120,1845,0
59,0,1,0,0,0,0.725843,0.266007,0.008150,0.724762,0.267029,0.008179,1845,0
60,0,0,0,0,0,0.904846,0.093486,0.001667,0.904404,0.093903,0.001663,1845,0
61,0,1,0,0,0,0.577564,0.406597,0.015838,0.576630,0.407471,0.015884,1845,0
62,0,2,2,2,2,0.003159,0.181468,0.815374,0.003311,0.154327,0.842331,1845,0
63,0,1,1,1,1,0.072376,0.642759,0.284865,0.072311,0.643036,0.284622,1845,0
64,0,1,1,1,1,0.142846,0.721777,0.135377,0.147202,0.719437,0.133347,1845,0
65,0,1,1,1,1,0.050199,0.671791,0.278011,0.050140,0.672028,0.277802,1845,0
66,0,0,1,1,1,0.382953,0.572221,0.044826,0.382004,0.573013,0.044952,1845,0
67,0,2,2,2,2,0.008069,0.224942,0.766989,0.008072,0.225418,0.766495,1845,0
68,0,1,1,1,1,0.044667,0.621993,0.333339,0.044571,0.622116,0.333298,1845,0
69,0,2,2,2,2,0.000686,0.088767,0.910547,0.000671,0.088943,0.910370,1845,0
70,0,1,1,1,1,0.339479,0.624565,0.035956,0.339111,0.624878,0.035995,1845,0
71,0,0,0,0,0,0.884130,0.113593,0.002277,0.883682,0.114014,0.002274,1845,0
72,0,2,2,2,2,0.011800,0.207263,0.780937,0.011795,0.207443,0.780746,1845,0
73,0,0,0,0,0,0.906141,0.092129,0.001730,0.905777,0.092468,0.001724,1845,0
74,0,1,1,1,1,0.077943,0.701827,0.220229,0.077896,0.702057,0.220032,1845,0
75,0,1,0,0,0,0.510041,0.470926,0.019033,0.508850,0.472015,0.019104,1845,0
76,0,0,0,0,0,0.947662,0.051502,0.000836,0.947449,0.051712,0.000824,1845,0
77,0,1,1,1,1,0.149722,0.744050,0.106228,0.149414,0.744263,0.106293,1845,0
78,0,2,2,2,2,0.000637,0.055600,0.943763,0.000626,0.055710,0.943649,1845,0
79,0,1,1,1,1,0.044090,0.590440,0.365470,0.044037,0.590668,0.365265,1845,0
80,0,1,1,1,1,0.136639,0.770968,0.092394,0.136566,0.771057,0.092346,1845,0
81,0,1,1,1,1,0.056827,0.607092,0.336081,0.056824,0.607437,0.335724,1845,0
82,0,0,1,1,1,0.396088,0.564153,0.039758,0.400208,0.560654,0.039124,1845,0
83,0,2,2,2,2,0.001035,0.084823,0.914142,0.001022,0.084976,0.913971,1845,0
84,0,1,1,1,1,0.256581,0.656427,0.086993,0.255737,0.657074,0.087158,1845,0
85,0,2,2,2,2,0.002107,0.141312,0.856581,0.002090,0.141479,0.856400,1845,0
86,0,1,1,1,1,0.437335,0.534310,0.028355,0.436630,0.534943,0.028412,1845,0
87,0,0,0,0,0,0.906740,0.090635,0.002624,0.906555,0.090805,0.002625,1845,0
88,0,2,2,2,2,0.000437,0.043751,0.955811,0.000427,0.043823,0.955719,1845,0
89,0,0,1,1,1,0.467494,0.498035,0.034471,0.466721,0.498718,0.034531,1845,0
90,0,1,2,2,2,0.015474,0.366569,0.617956,0.015472,0.367111,0.617401,1845,0
91,0,1,1,1,1,0.458586,0.511089,0.030325,0.466156,0.504242,0.029587,1845,0
92,0,0,0,0,0,0.784875,0.208338,0.006788,0.784012,0.209152,0.006821,1845,0
93,0,1,0,0,0,0.552037,0.422102,0.025861,0.550751,0.423248,0.025970,1845,0
94,0,2,2,2,2,0.001587,0.113539,0.884874,0.001572,0.113693,0.884705,1845,0
95,0,1,1,1,1,0.199828,0.708039,0.092133,0.199249,0.708450,0.092285,1845,0
96,0,1,1,1,1,0.201615,0.611628,0.186757,0.201645,0.611923,0.186417,1845,0
97,0,1,1,1,1,0.094051,0.682759,0.223190,0.093979,0.682938,0.223068,1845,0
98,0,0,0,0,0,0.872706,0.124934,0.002360,0.872131,0.125488,0.002365,1845,0
99,0,2,2,2,2,0.000598,0.058639,0.940763,0.000595,0.058746,0.940643,1845,0
100,0,1,1,1,1,0.025690,0.559628,0.414681,0.025635,0.559677,0.414673,1845,0
101,0,2,2,2,2,0.003238,0.185869,0.810893,0.003220,0.185989,0.810776,1845,0
102,0,1,0,0,0,0.543760,0.433667,0.022573,0.539948,0.437149,0.022888,1845,0
103,0,0,0,0,0,0.970318,0.029379,0.000303,0.970169,0.029526,0.000290,1845,0
104,0,2,2,2,2,0.000543,0.063353,0.936105,0.000519,0.062286,0.937180,1845,0
105,0,0,0,0,0,0.804178,0.190981,0.004841,0.803329,0.191788,0.004852,1845,0
106,0,1,1,1,1,0.125440,0.770227,0.104333,0.125137,0.770462,0.104370,1845,0
107,0,1,1,1,1,0.223424,0.723695,0.052881,0.223328,0.723770,0.052887,1845,0
108,0,0,0,0,0,0.884663,0.112430,0.002908,0.884354,0.112717,0.002914,1845,0
109,0,1,1,1,1,0.354447,0.600115,0.045439,0.353638,0.600815,0.045532,1845,0
110,0,2,2,2,2,0.000170,0.023772,0.976058,0.000153,0.023788,0.976044,1845,0
111,0,1,1,1,1,0.133899,0.550441,0.315660,0.133835,0.550812,0.315323,1845,0
112,0,1,1,1,1,0.228896,0.715094,0.056010,0.228500,0.715393,0.056091,1845,0
113,0,1,1,1,1,0.039875,0.611562,0.348562,0.039734,0.611404,0.348831,1845,0
114,0,0,0,0,0,0.743775,0.248894,0.007331,0.742828,0.249786,0.007355,1845,0
115,0,2,2,2,2,0.002023,0.135112,0.862865,0.002014,0.135361,0.862610,1845,0
116,0,1,1,1,1,0.207739,0.703437,0.088824,0.208160,0.703049,0.088776,1845,0
117,0,2,2,2,2,0.000731,0.061572,0.937697,0.000717,0.061676,0.937576,1845,0
118,0,1,1,1,1,0.184341,0.734494,0.081165,0.183823,0.734848,0.081314,1845,0
119,0,0,0,0,0,0.958273,0.041065,0.000662,0.958176,0.041153,0.000656,1845,0
120,0,2,2,2,2,0.000524,0.079237,0.920239,0.000519,0.079407,0.920059,1845,0
121,0,0,0,0,0,0.812149,0.183203,0.004648,0.811432,0.183884,0.004654,1845,0
122,0,1,1,1,1,0.123370,0.748996,0.127634,0.122925,0.749191,0.127853,1845,0
123,0,1,1,1,1,0.061963,0.727415,0.210622,0.061951,0.727631,0.210403,1845,0
124,0,0,0,0,0,0.887217,0.110509,0.002274,0.886856,0.110855,0.002274,1845,0
125,0,1,0,0,0,0.493780,0.488604,0.017616,0.492996,0.489334,0.017639,1845,0
126,0,2,2,2,2,0.001322,0.106708,0.891971,0.001312,0.106949,0.891724,1845,0
127,0,1,2,2,2,0.022707,0.424561,0.552732,0.022705,0.425156,0.552109,1845,0
128,0,1,1,1,1,0.147398,0.771336,0.081267,0.147034,0.771576,0.081375,1845,0
129,0,1,1,1,1,0.118524,0.757498,0.123979,0.118179,0.757721,0.124069,1845,0
130,0,0,0,0,0,0.918492,0.080244,0.001264,0.918076,0.080643,0.001266,1845,0
131,0,2,2,2,2,0.001854,0.127893,0.870253,0.001846,0.128174,0.869949,1845,0
132,0,2,2,2,2,0.000382,0.040919,0.958699,0.000366,0.040421,0.959198,1845,0
133,0,1,1,1,1,0.250943,0.677934,0.071124,0.250443,0.678345,0.071198,1845,0
134,0,0,0,0,0,0.899169,0.099007,0.001824,0.898651,0.099503,0.001816,1845,0
135,0,0,0,0,0,0.689544,0.299870,0.010586,0.688492,0.300858,0.010620,1845,0
136,0,1,1,1,1,0.251254,0.666322,0.082424,0.250305,0.667038,0.082642,1845,0
137,0,1,1,1,1,0.216419,0.711840,0.071741,0.215942,0.712250,0.071777,1845,0
138,0,0,0,0,0,0.972406,0.027304,0.000290,0.972305,0.027390,0.000275,1845,0
139,0,2,2,2,2,0.002741,0.145319,0.851940,0.002731,0.145538,0.851700,1845,0
140,0,1,1,1,1,0.041785,0.606124,0.352091,0.037537,0.583862,0.378586,1845,0
141,0,1,0,0,0,0.930069,0.068594,0.001337,0.929825,0.068817,0.001328,1845,0
142,0,1,1,1,1,0.063204,0.557300,0.379496,0.063217,0.557632,0.379120,1845,0
143,0,0,0,0,0,0.885131,0.112614,0.002256,0.884521,0.113205,0.002258,1845,0
144,0,2,2,2,2,0.003772,0.227494,0.768734,0.003754,0.227463,0.768768,1845,0
145,0,1,1,1,1,0.041041,0.667561,0.291398,0.041000,0.667770,0.291214,1845,0
146,0,2,2,2,2,0.003474,0.161560,0.834966,0.003464,0.161972,0.834549,1845,0
147,0,1,1,1,1,0.303304,0.652086,0.044609,0.302536,0.652740,0.044693,1845,0
148,0,0,0,0,0,0.762496,0.228982,0.008522,0.761612,0.229813,0.008560,1845,0
149,0,2,2,2,2,0.000522,0.067912,0.931566,0.000504,0.068054,0.931412,1845,0
150,0,0,1,1,1,0.335506,0.580293,0.084201,0.334457,0.581070,0.084457,1845,0
151,0,1,1,1,1,0.068256,0.745092,0.186651,0.068069,0.745117,0.186783,1845,0
152,0,1,1,1,1,0.402588,0.564770,0.032642,0.401596,0.565643,0.032745,1845,0
153,0,0,0,0,0,0.823744,0.172706,0.003551,0.823044,0.173370,0.003555,1845,0
154,0,1,0,0,0,0.859801,0.136709,0.003490,0.859177,0.137299,0.003494,1845,0
155,0,2,2,2,2,0.000278,0.035092,0.964631,0.000259,0.035141,0.964569,1845,0
156,0,1,1,1,1,0.346710,0.602078,0.051212,0.345963,0.602692,0.051315,1845,0
157,1,1,1,1,1,0.221101,0.626366,0.152534,0.221283,0.626312,0.152390,1845,0
158,1,1,1,1,1,0.061158,0.640409,0.298433,0.061234,0.640900,0.297852,1845,0
159,1,0,1,1,1,0.279187,0.648456,0.072357,0.279449,0.648224,0.072311,1845,0
160,1,2,2,2,2,0.001479,0.085342,0.913179,0.001465,0.085526,0.912979,1845,0
161,1,1,1,1,1,0.030535,0.657442,0.312022,0.030533,0.657715,0.311722,1845,0
162,1,2,2,2,2,0.044599,0.443218,0.512182,0.044617,0.443939,0.511414,1845,0
163,1,1,1,1,1,0.343652,0.612718,0.043631,0.344009,0.612396,0.043579,1845,0
164,1,0,1,1,1,0.244783,0.682580,0.072637,0.245041,0.682388,0.072540,1845,0
165,1,2,2,2,2,0.002080,0.087398,0.910521,0.002075,0.087555,0.910355,1845,0
166,1,0,0,0,0,0.638675,0.349231,0.012094,0.638550,0.349350,0.012085,1845,0
167,1,1,1,1,1,0.199009,0.707503,0.093488,0.199112,0.707504,0.093353,1845,0
168,1,1,0,0,0,0.675475,0.305481,0.019044,0.675583,0.305374,0.019028,1845,0
169,1,0,0,0,0,0.621803,0.363558,0.014639,0.621979,0.363373,0.014618,1845,0
170,1,1,1,1,1,0.304552,0.640554,0.054894,0.304749,0.640381,0.054855,1845,0
171,1,2,2,2,2,0.003960,0.165180,0.830859,0.003952,0.165680,0.830338,1845,0
172,1,1,1,1,1,0.100511,0.602214,0.297275,0.100586,0.602707,0.296692,1845,0
173,1,1,1,1,1,0.438410,0.530568,0.031022,0.438721,0.530273,0.030991,1845,0
174,1,1,1,1,1,0.135540,0.687663,0.176797,0.135635,0.687607,0.176727,1845,0
175,1,0,0,0,0,0.817932,0.176933,0.005135,0.817963,0.176910,0.005112,1845,0
176,1,2,2,2,2,0.003953,0.144111,0.851936,0.003952,0.144440,0.851578,1845,0
177,1,1,1,1,1,0.029024,0.535441,0.435535,0.029053,0.536041,0.434875,1845,0
178,1,2,1,1,1,0.122602,0.673438,0.203960,0.122696,0.673721,0.203568,1845,0
179,1,1,0,0,0,0.743972,0.243462,0.012565,0.743927,0.243484,0.012558,1845,0
180,1,0,0,0,0,0.824663,0.169930,0.005406,0.824615,0.169968,0.005402,1845,0
181,1,2,1,1,1,0.183912,0.717626,0.098462,0.184082,0.717621,0.098282,1845,0
182,1,0,1,1,1,0.274264,0.591895,0.133841,0.274445,0.591721,0.133820,1845,0
183,1,1,1,1,1,0.155464,0.728068,0.116468,0.155487,0.728256,0.116226,1845,0
184,1,1,0,0,0,0.562650,0.413639,0.023712,0.562729,0.413559,0.023697,1845,0
185,1,0,0,0,0,0.510742,0.464539,0.024719,0.510895,0.464386,0.024704,1845,0
186,1,1,0,0,0,0.748481,0.244239,0.007280,0.605392,0.380005,0.014572,1845,0
187,1,2,2,2,2,0.008819,0.273582,0.717600,0.009293,0.290451,0.700241,1845,0
188,1,1,2,2,2,0.008720,0.189967,0.801313,0.008713,0.190216,0.801041,1845,0
189,1,1,2,2,2,0.011513,0.408338,0.580149,0.011520,0.408951,0.579514,1845,0
190,1,0,1,1,1,0.474483,0.489064,0.036453,0.474594,0.488953,0.036438,1845,0
191,1,2,2,2,2,0.003981,0.154120,0.841899,0.003983,0.154495,0.841507,1845,0
192,1,1,2,2,2,0.030025,0.378752,0.591223,0.030045,0.379181,0.590744,1845,0
193,1,2,2,2,2,0.001319,0.063662,0.935019,0.001312,0.063751,0.934906,1845,0
194,1,1,1,1,1,0.290659,0.663785,0.045556,0.318558,0.639282,0.042145,1845,0
195,1,0,0,0,0,0.508739,0.463302,0.027960,0.508698,0.463333,0.027954,1845,0
196,1,2,2,2,2,0.006973,0.185348,0.807680,0.006973,0.185791,0.807205,1845,0
197,1,0,0,0,0,0.767898,0.223127,0.008976,0.767914,0.223099,0.008957,1845,0
198,1,1,1,1,1,0.053472,0.582100,0.364428,0.053467,0.582565,0.363937,1845,0
199,1,1,1,1,1,0.360494,0.591172,0.048334,0.360596,0.591049,0.048325,1845,0
200,1,0,1,1,1,0.412797,0.547688,0.039515,0.420425,0.540817,0.038727,1845,0
201,1,1,0,0,0,0.817443,0.177915,0.004642,0.817566,0.177780,0.004623,1845,0
202,1,2,2,2,2,0.014230,0.333219,0.652551,0.014252,0.333939,0.651794,1845,0
203,1,1,2,2,2,0.016504,0.386245,0.597251,0.016510,0.387009,0.596451,1845,0
204,1,1,0,0,0,0.547893,0.430035,0.022072,0.547928,0.430008,0.022049,1845,0
205,1,1,1,1,1,0.072740,0.762006,0.165254,0.072800,0.762039,0.165146,1845,0
206,1,0,0,0,0,0.550726,0.421720,0.027553,0.550858,0.421616,0.027496,1845,0
207,1,2,1,1,1,0.050033,0.673777,0.276190,0.050079,0.673935,0.275970,1845,0
208,1,1,1,1,1,0.077558,0.629043,0.293400,0.077621,0.629562,0.292786,1845,0
209,1,2,1,1,1,0.049716,0.483626,0.466658,0.049759,0.484116,0.466110,1845,0
210,1,1,1,1,1,0.366923,0.589254,0.043823,0.367035,0.589127,0.043808,1845,0
211,1,0,0,0,0,0.762658,0.229262,0.008081,0.762695,0.229218,0.008057,1845,0
212,1,2,2,2,2,0.016134,0.261907,0.721959,0.016022,0.259979,0.723984,1845,0
213,1,0,0,0,0,0.564581,0.417527,0.017892,0.564621,0.417480,0.017868,1845,0
214,1,1,2,2,2,0.003387,0.116367,0.880246,0.003387,0.116440,0.880142,1845,0
215,1,1,0,0,0,0.714009,0.273440,0.012551,0.714005,0.273422,0.012543,1845,0
216,1,0,0,0,0,0.661289,0.324713,0.013997,0.661179,0.324814,0.013977,1845,0
217,1,1,1,1,1,0.284761,0.651461,0.063778,0.285126,0.651154,0.063690,1845,0
218,1,2,2,2,2,0.000767,0.047992,0.951241,0.000748,0.047897,0.951324,1845,0
219,1,1,1,1,1,0.022787,0.495871,0.481342,0.022797,0.496368,0.480820,1845,0
220,1,1,1,1,1,0.208348,0.691101,0.100551,0.208755,0.690872,0.100357,1845,0
221,1,1,2,2,2,0.011301,0.251780,0.736919,0.011307,0.252213,0.736450,1845,0
222,1,0,1,1,1,0.467124,0.491887,0.040989,0.467331,0.491669,0.040970,1845,0
223,1,2,2,2,2,0.026312,0.348494,0.625194,0.026337,0.349152,0.624496,1845,0
224,1,1,1,1,1,0.062347,0.773899,0.163754,0.062363,0.774124,0.163498,1845,0
225,1,2,2,2,2,0.024871,0.310992,0.664137,0.024887,0.311539,0.663559,1845,0
226,1,1,0,0,0,0.840388,0.155241,0.004371,0.840393,0.155228,0.004364,1845,0
227,1,0,0,0,0,0.653388,0.325358,0.021253,0.653534,0.325211,0.021240,1845,0
228,1,2,1,1,1,0.048579,0.611215,0.340205,0.048615,0.611389,0.339966,1845,0
229,1,0,1,1,1,0.436575,0.522638,0.040787,0.437057,0.522232,0.040695,1845,0
230,1,1,1,1,1,0.053376,0.796110,0.150514,0.053375,0.796204,0.150391,1845,0
231,1,1,1,1,1,0.364086,0.580799,0.055115,0.364227,0.580658,0.055099,1845,0
232,1,0,1,1,1,0.414049,0.553574,0.032377,0.414551,0.553116,0.032318,1845,0
233,1,1,1,1,1,0.464169,0.502346,0.033485,0.464478,0.502075,0.033432,1845,0
234,1,2,2,2,2,0.010000,0.248753,0.741247,0.010025,0.249496,0.740463,1845,0
235,1,1,1,1,1,0.070161,0.776468,0.153371,0.070175,0.776443,0.153366,1845,0
236,1,1,1,1,1,0.123240,0.757095,0.119665,0.123306,0.757080,0.119598,1845,0
237,1,1,2,2,2,0.011440,0.397970,0.590590,0.011444,0.398621,0.589905,1845,0
238,1,0,0,0,0,0.668893,0.315204,0.015903,0.668961,0.315125,0.015884,1845,0
239,1,2,2,2,2,0.027715,0.392782,0.579503,0.027740,0.393646,0.578598,1845,0
240,1,1,2,2,2,0.037617,0.416102,0.546282,0.037613,0.416595,0.545761,1845,0
241,1,2,1,1,1,0.065485,0.497709,0.436806,0.065506,0.498184,0.436279,1845,0
242,1,1,0,0,0,0.632089,0.353844,0.014067,0.632065,0.353851,0.014053,1845,0
243,1,0,0,0,0,0.577543,0.401900,0.020557,0.577286,0.402161,0.020538,1845,0
244,1,2,2,2,2,0.012213,0.369494,0.618293,0.012222,0.370193,0.617554,1845,0
245,1,0,0,0,0,0.921194,0.077432,0.001373,0.921127,0.077484,0.001358,1845,0
246,1,1,1,1,1,0.101719,0.724540,0.173741,0.101700,0.724777,0.173508,1845,0
247,1,1,1,0,0,0.468377,0.498072,0.033551,0.535782,0.437912,0.026291,1845,0
248,1,0,0,0,0,0.684104,0.299701,0.016195,0.684067,0.299728,0.016190,1845,0
249,1,1,1,1,1,0.195719,0.671384,0.132897,0.195969,0.671326,0.132690,1845,0
250,1,2,2,2,2,0.001214,0.096660,0.902126,0.001205,0.096985,0.901779,1845,0
251,1,1,1,1,1,0.090751,0.683348,0.225901,0.090759,0.683655,0.225571,1845,0
252,1,1,0,0,0,0.537715,0.429248,0.033037,0.537750,0.429214,0.033020,1845,0
253,1,1,1,1,1,0.028782,0.569853,0.401365,0.028809,0.570328,0.400833,1845,0
254,1,0,0,0,0,0.570316,0.406828,0.022856,0.570480,0.406677,0.022812,1845,0
255,1,2,1,1,1,0.105382,0.574319,0.320298,0.105515,0.574692,0.319778,1845,0
256,1,1,1,1,1,0.043649,0.681733,0.274618,0.039337,0.705933,0.254700,1845,0
257,1,2,2,2,2,0.010624,0.371904,0.617472,0.010635,0.372528,0.616821,1845,0
258,1,1,1,1,1,0.391333,0.564435,0.044232,0.391327,0.564407,0.044250,1845,0
259,1,0,0,0,0,0.721493,0.264912,0.013594,0.721603,0.264801,0.013580,1845,0
260,1,2,2,2,2,0.002980,0.219752,0.777269,0.002975,0.220230,0.776764,1845,0
261,1,0,0,0,0,0.571554,0.400423,0.028023,0.571609,0.400375,0.027985,1845,0
262,1,1,1,1,1,0.061479,0.747192,0.191330,0.061523,0.747391,0.191055,1845,0
263,1,1,1,1,1,0.116772,0.772070,0.111158,0.116867,0.772018,0.111084,1845,0
264,1,0,0,0,0,0.631829,0.343944,0.024226,0.631760,0.344009,0.024216,1845,0
265,1,1,1,1,1,0.342068,0.598047,0.059885,0.342621,0.597656,0.059708,1845,0
266,1,2,2,2,2,0.002394,0.088097,0.909509,0.002380,0.088242,0.909363,1845,0
267,1,1,1,1,1,0.040401,0.696952,0.262648,0.040421,0.697220,0.262344,1845,0
268,1,1,1,1,1,0.449656,0.518316,0.032028,0.449814,0.518158,0.032013,1845,0
269,1,1,1,1,1,0.043135,0.598534,0.358331,0.043167,0.598969,0.357834,1845,0
270,1,0,0,0,0,0.625372,0.351744,0.022885,0.625366,0.351761,0.022858,1845,0
271,1,2,2,2,2,0.002031,0.088634,0.909334,0.002029,0.088821,0.909134,1845,0
272,1,1,2,2,2,0.004022,0.279477,0.716501,0.004013,0.279984,0.715973,1845,0
273,1,2,2,2,2,0.022843,0.330318,0.646839,0.022858,0.330872,0.646255,1845,0
274,1,1,1,1,1,0.110111,0.755919,0.133969,0.110245,0.755859,0.133881,1845,0
275,1,0,0,0,0,0.776566,0.214720,0.008714,0.776657,0.214615,0.008698,1845,0
276,1,2,2,2,2,0.013198,0.153886,0.832916,0.013199,0.154129,0.832657,1845,0
277,1,0,1,0,0,0.449061,0.514578,0.036361,0.567001,0.407776,0.025208,1845,0
278,1,1,1,1,1,0.141966,0.753096,0.104938,0.142059,0.753098,0.104828,1845,0
279,1,1,1,1,1,0.161733,0.746606,0.091661,0.161880,0.746475,0.091614,1845,0
280,1,0,0,0,0,0.788103,0.206642,0.005255,0.788254,0.206482,0.005234,1845,0
281,1,1,1,1,1,0.081305,0.632125,0.286570,0.081360,0.632660,0.285965,1845,0
282,1,2,1,1,1,0.084180,0.675583,0.240238,0.084290,0.675797,0.239899,1845,0
283,1,1,1,1,1,0.046363,0.761221,0.192416,0.046371,0.761337,0.192276,1845,0
284,1,1,0,0,0,0.778690,0.214701,0.006609,0.785400,0.208252,0.006332,1845,0
285,1,1,2,2,2,0.028553,0.461669,0.509779,0.028641,0.462341,0.508987,1845,0
286,1,0,0,0,0,0.922085,0.076490,0.001425,0.922089,0.076477,0.001419,1845,0
287,1,2,1,1,1,0.024421,0.496418,0.479161,0.024460,0.496674,0.478851,1845,0
288,1,1,1,1,1,0.085824,0.784353,0.129823,0.085861,0.784378,0.129745,1845,0
289,1,2,2,2,2,0.032868,0.368617,0.598515,0.032898,0.369217,0.597855,1845,0
290,1,1,0,0,0,0.534698,0.446117,0.019184,0.534943,0.445877,0.019165,1845,0
291,1,0,0,0,0,0.678546,0.309897,0.011558,0.678574,0.309860,0.011536,1845,0
292,1,2,2,2,2,0.020742,0.311776,0.667482,0.020767,0.312408,0.666794,1845,0
293,1,0,0,0,0,0.842171,0.153126,0.004704,0.842224,0.153061,0.004684,1845,0
294,1,1,1,1,1,0.171722,0.721961,0.106317,0.171692,0.722107,0.106171,1845,0
295,1,1,1,1,1,0.458913,0.509780,0.031308,0.459122,0.509567,0.031281,1845,0
296,1,0,0,0,0,0.808276,0.184601,0.007123,0.808426,0.184448,0.007111,1845,0
297,1,1,0,0,0,0.526694,0.447620,0.025686,0.526978,0.447357,0.025650,1845,0
298,1,2,2,2,2,0.009351,0.244162,0.746488,0.009354,0.244766,0.745850,1845,0
299,1,1,1,1,1,0.104800,0.710092,0.185108,0.105988,0.713058,0.180923,1845,0
300,1,1,1,1,1,0.371331,0.591547,0.037122,0.371796,0.591141,0.037033,1845,0
301,1,1,1,1,1,0.089898,0.766323,0.143779,0.089996,0.766312,0.143677,1845,0
302,1,0,0,0,0,0.907484,0.091106,0.001410,0.907440,0.091141,0.001404,1845,0
303,1,2,2,2,2,0.034771,0.387930,0.577299,0.034805,0.388580,0.576599,1845,0
304,1,1,1,1,1,0.280804,0.650296,0.068900,0.281021,0.650116,0.068832,1845,0
305,1,2,1,1,1,0.119445,0.674399,0.206156,0.119568,0.674622,0.205780,1845,0
306,1,1,1,1,1,0.408875,0.552803,0.038321,0.408966,0.552719,0.038300,1845,0
307,1,0,0,0,0,0.847107,0.147075,0.005819,0.861115,0.133759,0.005112,1845,0
308,1,2,2,2,2,0.194739,0.382946,0.422315,0.194550,0.383102,0.422318,1845,0
309,1,0,1,1,1,0.463579,0.502561,0.033859,0.463806,0.502380,0.033798,1845,0
310,1,1,1,1,1,0.045656,0.674277,0.280066,0.045685,0.674515,0.279785,1845,0
311,1,1,1,1,1,0.128165,0.702089,0.169746,0.128265,0.701950,0.169754,1845,0
312,1,0,1,1,1,0.454955,0.494443,0.050601,0.340927,0.587921,0.071136,1845,0
313,1,1,1,1,1,0.314195,0.632352,0.053452,0.314377,0.632172,0.053421,1845,0
314,1,2,1,1,1,0.155721,0.549329,0.294949,0.155762,0.549713,0.294510,1845,0
315,1,1,1,1,1,0.117008,0.641140,0.241852,0.117111,0.641373,0.241486,1845,0
316,2,1,1,1,1,0.082022,0.671144,0.246834,0.082596,0.671234,0.246140,1845,0
317,2,1,1,1,1,0.059735,0.616390,0.323875,0.060120,0.616608,0.323257,1845,0
318,2,0,0,0,0,0.607883,0.370654,0.021463,0.610535,0.368225,0.021225,1845,0
319,2,2,2,2,2,0.046446,0.357219,0.596335,0.046631,0.357758,0.595596,1845,0
320,2,1,1,1,1,0.097779,0.633919,0.268302,0.098053,0.633820,0.268112,1845,0
321,2,2,2,2,2,0.014372,0.218688,0.766939,0.014389,0.218872,0.766708,1845,0
322,2,1,1,1,1,0.167232,0.687011,0.145757,0.168060,0.686523,0.145401,1845,0
323,2,0,0,0,0,0.844373,0.151822,0.003805,0.845718,0.150513,0.003754,1845,0
324,2,2,1,1,1,0.109939,0.528172,0.361890,0.110504,0.528183,0.361298,1845,0
325,2,0,1,1,1,0.245606,0.625449,0.128945,0.246399,0.625000,0.128571,1845,0
326,2,1,2,2,2,0.057904,0.464297,0.477799,0.057922,0.464340,0.477722,1845,0
327,2,1,1,1,1,0.129236,0.768836,0.101928,0.129883,0.768372,0.101730,1845,0
328,2,0,0,0,0,0.730672,0.258183,0.011144,0.732574,0.256378,0.011032,1845,0
329,2,1,1,1,1,0.120518,0.740853,0.138629,0.121246,0.740463,0.138260,1845,0
330,2,2,1,1,1,0.066227,0.714524,0.219248,0.066574,0.714554,0.218857,1845,0
331,2,1,1,1,1,0.132542,0.753956,0.113502,0.133194,0.753555,0.113235,1845,0
332,2,1,1,1,1,0.130770,0.749127,0.120103,0.131210,0.748856,0.119919,1845,0
333,2,1,1,1,1,0.108344,0.658197,0.233459,0.109467,0.658142,0.232376,1845,0
334,2,0,0,0,0,0.507488,0.454293,0.038219,0.509491,0.452576,0.037918,1845,0
335,2,2,2,2,2,0.016560,0.300633,0.682806,0.016602,0.301010,0.682358,1845,0
336,2,1,1,1,1,0.157504,0.729926,0.112570,0.158936,0.728958,0.112076,1845,0
337,2,2,1,1,1,0.139352,0.618128,0.242519,0.139481,0.617996,0.242493,1845,0
338,2,1,1,1,1,0.286687,0.658526,0.054787,0.288177,0.657227,0.054581,1845,0
339,2,0,0,0,0,0.816739,0.176676,0.006586,0.818298,0.175186,0.006485,1845,0
340,2,2,2,2,2,0.008590,0.147523,0.843887,0.008575,0.147552,0.843842,1845,0
341,2,0,0,0,0,0.836017,0.159857,0.004126,0.837601,0.158325,0.004059,1845,0
342,2,1,1,1,1,0.108054,0.521360,0.370586,0.108109,0.521271,0.370590,1845,0
343,2,1,1,1,1,0.101038,0.713010,0.185953,0.101395,0.712860,0.185715,1845,0
344,2,0,0,0,0,0.781986,0.208356,0.009658,0.768463,0.221008,0.010513,1845,0
345,2,2,2,2,2,0.017691,0.365005,0.617304,0.017776,0.365463,0.616730,1845,0
346,2,1,1,1,1,0.069996,0.604011,0.325994,0.070068,0.603943,0.325974,1845,0
347,2,1,1,1,1,0.091422,0.534509,0.374069,0.091980,0.535019,0.372971,1845,0
348,2,1,1,1,1,0.066937,0.537396,0.395667,0.067490,0.537796,0.394699,1845,0
349,2,0,1,1,1,0.262890,0.612788,0.124321,0.265427,0.611115,0.123428,1845,0
350,2,2,2,2,2,0.029650,0.368686,0.601664,0.030014,0.369705,0.600266,1845,0
351,2,1,0,1,1,0.569876,0.395245,0.034879,0.407410,0.528351,0.064224,1845,0
352,2,2,2,2,2,0.065056,0.367913,0.567032,0.065048,0.368057,0.566864,1845,0
353,2,1,1,1,1,0.045640,0.626175,0.328184,0.047058,0.628510,0.324417,1845,0
354,2,0,1,1,1,0.399808,0.545875,0.054316,0.402649,0.543442,0.053879,1845,0
355,2,2,2,2,2,0.042749,0.463811,0.493440,0.043274,0.464752,0.491943,1845,0
356,2,0,0,0,0,0.715900,0.274666,0.009434,0.718216,0.272446,0.009323,1845,0
357,2,1,1,1,1,0.054088,0.537572,0.408341,0.054749,0.564224,0.381012,1845,0
358,2,1,1,1,1,0.090774,0.801722,0.107504,0.091171,0.801468,0.107330,1845,0
359,2,0,0,0,0,0.620957,0.364529,0.014514,0.623856,0.361771,0.014343,1845,0
360,2,1,1,1,1,0.096142,0.754922,0.148936,0.096649,0.754669,0.148651,1845,0
361,2,2,2,2,2,0.052629,0.459120,0.488251,0.052872,0.459457,0.487656,1845,0
362,2,1,1,1,1,0.034596,0.700674,0.264730,0.034653,0.700623,0.264694,1845,0
363,2,1,1,1,1,0.180459,0.751602,0.067939,0.181244,0.750961,0.067780,1845,0
364,2,1,2,2,2,0.011976,0.434980,0.553044,0.012070,0.435715,0.552200,1845,0
365,2,0,1,1,1,0.350109,0.596625,0.053265,0.352875,0.594269,0.052841,1845,0
366,2,2,2,2,2,0.028521,0.362876,0.608603,0.028549,0.362991,0.608429,1845,0
367,2,1,1,1,1,0.040459,0.664034,0.295506,0.040482,0.663849,0.295639,1845,0
368,2,2,2,2,2,0.029442,0.380599,0.589959,0.029633,0.381378,0.588959,1845,0
369,2,1,1,1,1,0.133621,0.764935,0.101444,0.134796,0.764145,0.101028,1845,0
370,2,0,1,1,1,0.291797,0.647025,0.061179,0.293579,0.645523,0.060883,1845,0
371,2,2,2,2,2,0.029521,0.248894,0.721585,0.029526,0.248947,0.721497,1845,0
372,2,0,1,1,1,0.322878,0.607464,0.069658,0.325287,0.605530,0.069168,1845,0
373,2,1,1,1,1,0.147099,0.705543,0.147357,0.148010,0.705048,0.146912,1845,0
374,2,1,1,1,1,0.107138,0.671584,0.221278,0.107300,0.671432,0.221252,1845,0
375,2,0,0,0,0,0.712349,0.276213,0.011438,0.714371,0.274307,0.011307,1845,0
376,2,1,1,1,1,0.099182,0.727010,0.173808,0.099609,0.726837,0.173523,1845,0
377,2,2,1,1,1,0.028844,0.529961,0.441195,0.028961,0.530075,0.440933,1845,0
378,2,1,1,1,1,0.052529,0.690225,0.257246,0.052902,0.690445,0.256638,1845,0
379,2,1,1,1,1,0.105549,0.735998,0.158454,0.106155,0.735764,0.158051,1845,0
380,2,1,1,1,1,0.090387,0.721612,0.188001,0.090775,0.721390,0.187820,1845,0
381,2,0,0,0,0,0.795064,0.198993,0.005943,0.796799,0.197311,0.005859,1845,0
382,2,2,1,1,1,0.043840,0.478695,0.477465,0.044067,0.479095,0.476822,1845,0
383,2,1,1,1,1,0.049976,0.562463,0.387561,0.050064,0.562363,0.387543,1845,0
384,2,2,1,1,1,0.342235,0.576037,0.081728,0.345108,0.573761,0.081116,1845,0
385,2,1,1,1,1,0.357737,0.603204,0.039058,0.360077,0.601089,0.038803,1845,0
386,2,0,0,0,0,0.804354,0.190236,0.005410,0.805847,0.188782,0.005341,1845,0
387,2,2,2,2,2,0.028124,0.304053,0.667823,0.028168,0.304230,0.667587,1845,0
388,2,0,1,1,1,0.208252,0.511218,0.280530,0.209061,0.511230,0.279694,1845,0
389,2,1,1,1,1,0.125909,0.752084,0.122007,0.126541,0.751663,0.121765,1845,0
390,2,1,1,1,1,0.163379,0.680865,0.155756,0.165085,0.679871,0.155014,1845,0
391,2,0,0,0,0,0.473811,0.473320,0.052868,0.475662,0.471817,0.052490,1845,0
392,2,1,1,1,1,0.082914,0.623478,0.293608,0.083679,0.623550,0.292755,1845,0
393,2,2,2,2,2,0.008799,0.271256,0.719946,0.008820,0.271515,0.719650,1845,0
394,2,1,1,1,1,0.141247,0.667755,0.190998,0.141769,0.667618,0.190582,1845,0
395,2,1,0,0,0,0.899407,0.098426,0.002167,0.900055,0.097778,0.002136,1845,0
396,2,1,1,1,1,0.118555,0.763293,0.118152,0.119736,0.762589,0.117645,1845,0
397,2,0,1,1,1,0.194094,0.712777,0.093129,0.195480,0.711731,0.092773,1845,0
398,2,2,2,2,2,0.006344,0.217787,0.775868,0.006348,0.217880,0.775757,1845,0
399,2,1,1,1,1,0.044227,0.590459,0.365314,0.044296,0.590500,0.365173,1845,0
400,2,2,1,1,1,0.062917,0.727932,0.209151,0.063385,0.727951,0.208649,1845,0
401,2,1,1,1,1,0.053935,0.654935,0.291130,0.054001,0.654770,0.291199,1845,0
402,2,0,0,0,0,0.484643,0.483525,0.031832,0.487167,0.481277,0.031525,1845,0
403,2,2,1,1,1,0.020249,0.543043,0.436708,0.020325,0.543167,0.436493,1845,0
404,2,0,0,0,0,0.524885,0.442262,0.032853,0.527313,0.440125,0.032547,1845,0
405,2,1,1,1,1,0.229700,0.687740,0.082560,0.230438,0.687134,0.082413,1845,0
406,2,1,0,0,0,0.491506,0.482811,0.025683,0.494354,0.480179,0.025452,1845,0
407,2,0,0,0,0,0.649599,0.335877,0.014524,0.652176,0.333450,0.014359,1845,0
408,2,1,1,1,1,0.159028,0.719065,0.121907,0.160461,0.718201,0.121323,1845,0
409,2,2,2,2,2,0.003559,0.213914,0.782527,0.006104,0.267075,0.726807,1845,0
410,2,1,1,1,1,0.025379,0.733280,0.241341,0.025482,0.733337,0.241150,1845,0
411,2,1,1,1,1,0.087343,0.751858,0.160799,0.087753,0.751724,0.160507,1845,0
412,2,1,1,1,1,0.094321,0.731619,0.174060,0.094833,0.731461,0.173691,1845,0
413,2,0,1,1,1,0.169096,0.562921,0.267983,0.170212,0.562943,0.266815,1845,0
414,2,2,1,1,1,0.121251,0.759309,0.119441,0.121628,0.759018,0.119339,1845,0
415,2,1,1,1,1,0.037685,0.706875,0.255440,0.037720,0.706741,0.255508,1845,0
416,2,2,2,2,2,0.009820,0.257867,0.732313,0.009842,0.258240,0.731903,1845,0
417,2,1,1,1,1,0.055980,0.634591,0.309429,0.056076,0.634506,0.309402,1845,0
418,2,0,1,1,1,0.426679,0.530924,0.042397,0.429581,0.528442,0.041962,1845,0
419,2,2,1,1,1,0.038192,0.503652,0.458156,0.038574,0.504272,0.457123,1845,0
420,2,0,0,0,0,0.891074,0.106736,0.002189,0.632355,0.354965,0.012650,1845,0
421,2,1,1,1,1,0.056057,0.702494,0.241449,0.056213,0.702530,0.241241,1845,0
422,2,1,1,1,1,0.065052,0.694841,0.240108,0.065338,0.694763,0.239883,1845,0
423,2,0,0,0,0,0.663135,0.314338,0.022526,0.665375,0.312378,0.022217,1845,0
424,2,1,1,1,1,0.099384,0.732740,0.167876,0.100494,0.732300,0.167191,1845,0
425,2,2,2,2,2,0.041175,0.427151,0.531674,0.041245,0.427338,0.531403,1845,0
426,2,1,1,1,1,0.028954,0.690621,0.280424,0.029022,0.690628,0.280334,1845,0
427,2,1,0,0,0,0.611962,0.370124,0.017913,0.658737,0.326477,0.014771,1845,0
428,2,1,1,1,1,0.048654,0.602966,0.348380,0.049301,0.603378,0.347305,1845,0
429,2,0,0,0,0,0.686418,0.302395,0.011187,0.688904,0.300018,0.011047,1845,0
430,2,2,1,1,1,0.028976,0.568022,0.403002,0.029236,0.568497,0.402252,1845,0
431,2,1,1,1,1,0.105984,0.752595,0.141421,0.106705,0.752228,0.141037,1845,0
432,2,2,2,2,2,0.012730,0.405879,0.581391,0.012833,0.406464,0.580688,1845,0
433,2,1,1,1,1,0.204775,0.672244,0.122981,0.206436,0.671295,0.122253,1845,0
434,2,0,0,0,0,0.582930,0.389405,0.027665,0.585098,0.387436,0.027435,1845,0
435,2,2,1,1,1,0.174763,0.726698,0.098540,0.176086,0.725708,0.098175,1845,0
436,2,0,0,0,0,0.606857,0.371290,0.021853,0.609512,0.368851,0.021606,1845,0
437,2,1,1,1,1,0.266827,0.677496,0.055677,0.269211,0.675476,0.055298,1845,0
438,2,1,1,1,1,0.180415,0.723735,0.095850,0.181473,0.722977,0.095520,1845,0
439,2,0,0,0,0,0.713205,0.275803,0.010992,0.715637,0.273483,0.010849,1845,0
440,2,1,1,1,1,0.245231,0.676389,0.078380,0.247543,0.674591,0.077835,1845,0
441,2,2,2,2,2,0.016071,0.396216,0.587713,0.016174,0.396713,0.587082,1845,0
442,2,1,1,1,1,0.043190,0.591549,0.365261,0.043289,0.591599,0.365097,1845,0
443,2,1,1,1,1,0.059245,0.690693,0.250062,0.059662,0.690765,0.249557,1845,0
444,2,1,1,1,1,0.388495,0.565717,0.045787,0.391312,0.563232,0.045425,1845,0
445,2,0,0,0,0,0.663038,0.324500,0.012461,0.665695,0.321991,0.012299,1845,0
446,2,2,1,1,1,0.109396,0.684657,0.205947,0.110107,0.684341,0.205521,1845,0
447,2,2,1,1,1,0.097174,0.738952,0.163874,0.095642,0.741730,0.162598,1845,0
448,2,1,1,1,1,0.078799,0.691218,0.229984,0.078949,0.691132,0.229904,1845,0
449,2,0,0,1,1,0.499908,0.455011,0.045081,0.396103,0.538971,0.064896,1845,0
450,2,2,2,2,2,0.001817,0.201345,0.796838,0.001816,0.201477,0.796692,1845,0
451,2,0,1,1,1,0.130807,0.618011,0.251182,0.131317,0.617981,0.250671,1845,0
452,2,1,1,1,1,0.021117,0.567887,0.410996,0.021225,0.568192,0.410568,1845,0
453,2,1,0,0,0,0.782583,0.209984,0.007433,0.795074,0.198090,0.006805,1845,0
454,2,0,0,0,0,0.604495,0.371068,0.024438,0.607162,0.368668,0.024155,1845,0
455,2,1,1,1,1,0.151392,0.742364,0.106245,0.197296,0.709671,0.093002,1845,0
456,2,2,2,2,2,0.018890,0.482039,0.499071,0.018951,0.482376,0.498642,1845,0
457,2,1,1,1,1,0.077140,0.711905,0.210955,0.078079,0.711838,0.210052,1845,0
458,2,1,1,1,1,0.067726,0.618774,0.313500,0.067856,0.618744,0.313370,1845,0
459,2,1,1,1,1,0.205228,0.694052,0.100720,0.207291,0.692566,0.100128,1845,0
460,2,0,0,0,0,0.499165,0.462626,0.038209,0.501877,0.460220,0.037872,1845,0
461,2,2,2,2,2,0.008179,0.283470,0.708351,0.008209,0.283859,0.707916,1845,0
462,2,1,1,1,1,0.112317,0.665795,0.221888,0.113647,0.665543,0.220795,1845,0
463,2,2,1,1,1,0.072472,0.728698,0.198830,0.073181,0.728577,0.198227,1845,0
464,2,1,1,1,1,0.088938,0.755058,0.156005,0.089371,0.754807,0.155792,1845,0
465,2,0,1,1,1,0.371106,0.561323,0.067571,0.373962,0.559052,0.066956,1845,0
466,2,2,1,1,1,0.150693,0.732015,0.117292,0.151581,0.731430,0.116959,1845,0
467,2,0,1,1,1,0.415810,0.532001,0.052190,0.418533,0.529694,0.051743,1845,0
468,2,1,1,1,1,0.218071,0.685745,0.096184,0.220169,0.684189,0.095627,1845,0
469,2,1,1,1,1,0.074640,0.483272,0.442088,0.075104,0.483856,0.441010,1845,0
470,2,0,0,0,0,0.796049,0.198196,0.005756,0.797913,0.196381,0.005676,1845,0
471,2,1,1,1,1,0.174193,0.721812,0.103995,0.176132,0.720459,0.103394,1845,0
472,2,2,2,2,2,0.015184,0.281573,0.703243,0.015198,0.281723,0.703049,1845,0
473,2,1,1,1,1,0.165005,0.680767,0.154227,0.166458,0.679962,0.153564,1845,0
474,3,1,1,1,1,0.102587,0.472046,0.425368,0.102554,0.471924,0.425507,1845,0
475,3,0,0,0,0,0.868271,0.128605,0.003124,0.867310,0.129532,0.003143,1845,0
476,3,2,2,2,2,0.009549,0.173432,0.817020,0.009537,0.173492,0.816956,1845,0
477,3,1,1,1,1,0.072689,0.740571,0.186740,0.072586,0.740509,0.186890,1845,0
478,3,2,2,2,2,0.002732,0.099824,0.897444,0.002716,0.099838,0.897415,1845,0
479,3,1,0,0,0,0.493762,0.481457,0.024781,0.491470,0.483551,0.024963,1845,0
480,3,0,1,1,1,0.463900,0.500822,0.035277,0.461670,0.502777,0.035538,1845,0
481,3,2,2,2,2,0.007193,0.268974,0.723833,0.007172,0.268906,0.723907,1845,0
482,3,0,0,0,0,0.757085,0.236098,0.006817,0.658310,0.330490,0.011185,1845,0
483,3,1,2,2,2,0.029969,0.351320,0.618710,0.029953,0.351334,0.618698,1845,0
484,3,1,0,0,0,0.551876,0.426189,0.021934,0.549347,0.428513,0.022125,1845,0
485,3,0,0,0,0,0.547651,0.432760,0.019589,0.545624,0.434631,0.019730,1845,0
486,3,1,1,1,1,0.364639,0.550698,0.084663,0.363159,0.551804,0.085007,1845,0
487,3,2,2,2,2,0.004052,0.142100,0.853848,0.004044,0.142105,0.853836,1845,0
488,3,1,2,2,2,0.023228,0.487349,0.489423,0.023178,0.487411,0.489395,1845,0
489,3,1,1,1,1,0.284777,0.658098,0.057125,0.283127,0.659424,0.057419,1845,0
490,3,1,1,1,1,0.099190,0.763788,0.137022,0.098709,0.763931,0.137344,1845,0
491,3,0,1,1,1,0.266869,0.605403,0.127728,0.264893,0.606613,0.128464,1845,0
492,3,2,2,2,2,0.015339,0.380717,0.603944,0.015320,0.380661,0.603989,1845,0
493,3,1,1,1,1,0.061279,0.594155,0.344566,0.064392,0.605316,0.330261,1845,0
494,3,2,2,2,2,0.004853,0.209099,0.786048,0.004837,0.209122,0.786011,1845,0
495,3,1,1,1,1,0.165848,0.721884,0.112268,0.164734,0.722488,0.112762,1845,0
496,3,0,0,0,0,0.792017,0.202358,0.005625,0.790558,0.203751,0.005676,1845,0
497,3,2,2,2,2,0.002711,0.125656,0.871633,0.002701,0.125671,0.871613,1845,0
498,3,0,0,0,0,0.481545,0.472582,0.045873,0.479126,0.474609,0.046234,1845,0
499,3,1,1,1,1,0.081146,0.665625,0.253229,0.080994,0.665375,0.253601,1845,0
500,3,1,1,1,1,0.035441,0.606348,0.358211,0.035248,0.605759,0.358963,1845,0
501,3,0,0,0,0,0.540105,0.435171,0.024724,0.537674,0.437378,0.024918,1845,0
502,3,1,1,1,1,0.113641,0.712634,0.173725,0.113205,0.712677,0.174103,1845,0
503,3,2,2,2,2,0.001860,0.081048,0.917092,0.001846,0.081100,0.917023,1845,0
504,3,1,1,1,1,0.132720,0.728456,0.138825,0.132553,0.728424,0.138992,1845,0
505,3,1,1,1,1,0.305812,0.631711,0.062477,0.305161,0.632187,0.062637,1845,0
506,3,1,1,1,1,0.133471,0.704832,0.161697,0.136551,0.708862,0.154556,1845,0
507,3,0,1,1,1,0.143760,0.733372,0.122868,0.143326,0.733505,0.123154,1845,0
508,3,2,2,2,2,0.004922,0.160679,0.834399,0.004913,0.160721,0.834351,1845,0
509,3,1,1,1,1,0.048750,0.608067,0.343182,0.048416,0.607666,0.343887,1845,0
510,3,2,2,2,2,0.002595,0.112793,0.884612,0.002441,0.102448,0.895096,1845,0
511,3,1,1,1,1,0.045794,0.712374,0.241832,0.045502,0.712082,0.242386,1845,0
512,3,0,0,0,0,0.817050,0.178728,0.004222,0.815582,0.180130,0.004257,1845,0
513,3,2,1,1,1,0.076220,0.663219,0.260561,0.076050,0.663055,0.260880,1845,0
514,3,0,0,0,0,0.539199,0.442446,0.018354,0.536942,0.444534,0.018494,1845,0
515,3,1,1,1,1,0.064347,0.705956,0.229698,0.064087,0.705704,0.230194,1845,0
516,3,1,1,1,1,0.213495,0.707628,0.078877,0.212097,0.708618,0.079254,1845,0
517,3,0,1,1,1,0.421194,0.532472,0.046334,0.418839,0.534424,0.046722,1845,0
518,3,1,1,1,1,0.114543,0.703816,0.181641,0.113846,0.703766,0.182358,1845,0
519,3,2,2,2,2,0.005500,0.221140,0.773360,0.005478,0.220963,0.773544,1845,0
520,3,1,1,1,1,0.195599,0.693052,0.111350,0.195221,0.693222,0.111526,1845,0
521,3,1,1,1,1,0.067031,0.657477,0.275492,0.066544,0.657150,0.276291,1845,0
522,3,1,2,2,2,0.013377,0.252812,0.733810,0.013367,0.252701,0.733902,1845,0
523,3,0,0,0,0,0.561090,0.414870,0.024040,0.558533,0.417206,0.024246,1845,0
524,3,2,2,2,2,0.027611,0.389447,0.582942,0.027573,0.389435,0.582962,1845,0
525,3,1,2,2,2,0.011885,0.341807,0.646308,0.011856,0.341675,0.646454,1845,0
526,3,2,1,1,1,0.069364,0.585611,0.345025,0.069168,0.585342,0.345474,1845,0
527,3,1,1,1,1,0.067913,0.736189,0.195898,0.066208,0.736496,0.197281,1845,0
528,3,0,1,1,1,0.373514,0.569988,0.056497,0.371414,0.571655,0.056915,1845,0
529,3,2,2,2,2,0.003456,0.138927,0.857617,0.003433,0.138916,0.857620,1845,0
530,3,0,0,0,0,0.592683,0.386965,0.020352,0.590210,0.389236,0.020523,1845,0
531,3,1,1,1,1,0.136860,0.761324,0.101816,0.135880,0.761917,0.102173,1845,0
532,3,1,1,1,1,0.307496,0.640108,0.052396,0.305573,0.641693,0.052704,1845,0
533,3,0,0,0,0,0.532237,0.439229,0.028534,0.529861,0.441360,0.028763,1845,0
534,3,1,1,1,1,0.196937,0.640757,0.162306,0.196640,0.640747,0.162582,1845,0
535,3,2,1,1,1,0.103870,0.706576,0.189554,0.103470,0.706497,0.190018,1845,0
536,3,1,1,1,1,0.039062,0.486418,0.474520,0.039001,0.486176,0.474792,1845,0
537,3,1,1,1,1,0.083876,0.734443,0.181681,0.083160,0.734451,0.182373,1845,0
538,3,1,0,0,0,0.544166,0.428082,0.027752,0.541855,0.430161,0.027954,1845,0
539,3,0,1,1,1,0.173980,0.736576,0.089444,0.173553,0.736847,0.089569,1845,0
540,3,2,2,2,2,0.001019,0.057606,0.941375,0.001007,0.057648,0.941330,1845,0
541,3,1,1,1,1,0.102201,0.739087,0.158712,0.101440,0.739212,0.159332,1845,0
542,3,2,2,2,2,0.010326,0.274147,0.715527,0.010300,0.274048,0.715637,1845,0
543,3,1,1,1,1,0.035238,0.588880,0.375883,0.035034,0.588333,0.376617,1845,0
544,3,0,1,1,1,0.304480,0.640688,0.054832,0.302994,0.641891,0.055099,1845,0
545,3,2,1,1,1,0.214439,0.682895,0.102667,0.213242,0.683609,0.103134,1845,0
546,3,0,1,1,1,0.320224,0.606040,0.073736,0.318268,0.607498,0.074203,1845,0
547,3,1,1,1,1,0.048211,0.544794,0.406995,0.047821,0.544083,0.408066,1845,0
548,3,1,1,1,1,0.291718,0.646508,0.061774,0.289932,0.647949,0.062103,1845,0
549,3,0,1,1,1,0.271858,0.637764,0.090379,0.270248,0.638870,0.090866,1845,0
550,3,1,1,1,1,0.105978,0.786294,0.107728,0.105804,0.786331,0.107834,1845,0
551,3,2,1,1,1,0.187446,0.624104,0.188450,0.186920,0.624100,0.188965,1845,0
552,3,1,1,1,1,0.087092,0.625770,0.287138,0.087021,0.625565,0.287399,1845,0
553,3,1,1,1,1,0.136345,0.762722,0.100933,0.135712,0.763046,0.101227,1845,0
554,3,0,1,1,1,0.263494,0.670585,0.065921,0.262512,0.671295,0.066162,1845,0
555,3,2,1,1,1,0.118831,0.668267,0.212902,0.118408,0.668045,0.213531,1845,0
556,3,1,1,1,1,0.104885,0.683006,0.212108,0.104584,0.682938,0.212448,1845,0
557,3,2,2,2,2,0.008327,0.302058,0.689615,0.008316,0.301987,0.689682,1845,0
558,3,1,1,1,1,0.114181,0.717245,0.168574,0.113480,0.717316,0.169189,1845,0
559,3,0,0,0,0,0.800529,0.193180,0.006291,0.799728,0.193924,0.006317,1845,0
560,3,2,2,2,2,0.016305,0.472247,0.511448,0.016190,0.471924,0.511871,1845,0
561,3,0,1,1,1,0.148601,0.745241,0.106158,0.147873,0.745621,0.106491,1845,0
562,3,1,1,1,1,0.060306,0.587879,0.351815,0.091125,0.589844,0.319016,1845,0
563,3,1,0,0,0,0.493192,0.476469,0.030339,0.490952,0.478485,0.030548,1845,0
564,3,0,1,1,1,0.437756,0.518048,0.044196,0.435486,0.519989,0.044510,1845,0
565,3,1,0,0,0,0.496594,0.478005,0.025401,0.494110,0.480270,0.025589,1845,0
566,3,2,1,1,1,0.332596,0.613859,0.053545,0.331085,0.615082,0.053802,1845,0
567,3,1,1,1,1,0.399253,0.563041,0.037706,0.396896,0.565109,0.037964,1845,0
568,3,1,1,1,1,0.087778,0.746973,0.165249,0.087372,0.746964,0.165649,1845,0
569,3,1,1,1,1,0.070235,0.466690,0.463075,0.070251,0.466599,0.463135,1845,0
570,3,0,0,0,0,0.702278,0.285776,0.011946,0.700211,0.287704,0.012054,1845,0
571,3,2,2,2,2,0.002978,0.131012,0.866010,0.002960,0.130859,0.866165,1845,0
572,3,1,1,1,1,0.118483,0.661876,0.219642,0.118317,0.661697,0.219955,1845,0
573,3,2,1,1,1,0.072143,0.637485,0.290372,0.072113,0.637268,0.290604,1845,0
574,3,1,1,1,1,0.190217,0.706254,0.103529,0.188660,0.707184,0.104126,1845,0
575,3,0,0,0,0,0.907323,0.090759,0.001918,0.906845,0.091202,0.001923,1845,0
576,3,2,2,2,2,0.022040,0.394110,0.583850,0.021927,0.393600,0.584442,1845,0
577,3,0,0,0,0,0.710153,0.280641,0.009206,0.708511,0.282181,0.009277,1845,0
578,3,1,1,1,1,0.229743,0.676308,0.093950,0.228714,0.676926,0.094345,1845,0
579,3,1,1,1,1,0.124295,0.754147,0.121558,0.123611,0.754410,0.121964,1845,0
580,3,0,0,0,0,0.698114,0.289805,0.012081,0.696686,0.291138,0.012161,1845,0
581,3,1,1,1,1,0.030083,0.683714,0.286203,0.030014,0.683411,0.286560,1845,0
582,3,2,2,2,2,0.008960,0.202527,0.788513,0.008942,0.202530,0.788498,1845,0
583,3,1,1,1,1,0.128309,0.752077,0.119614,0.127853,0.752243,0.119888,1845,0
584,3,1,0,0,0,0.721271,0.269056,0.009673,0.719513,0.270721,0.009750,1845,0
585,3,1,1,1,1,0.154324,0.690248,0.155428,0.153931,0.690353,0.155701,1845,0
586,3,0,0,0,0,0.692586,0.296740,0.010674,0.690369,0.298828,0.010773,1845,0
587,3,2,1,1,1,0.177245,0.648053,0.174702,0.175873,0.648605,0.175507,1845,0
588,3,1,1,1,1,0.283565,0.634763,0.081672,0.313721,0.609451,0.076797,1845,0
589,3,2,2,2,2,0.044966,0.336715,0.618319,0.044907,0.336700,0.618362,1845,0
590,3,1,0,0,0,0.589467,0.391830,0.018703,0.587402,0.393738,0.018845,1845,0
591,3,0,1,1,1,0.401083,0.552375,0.046543,0.399033,0.554092,0.046860,1845,0
592,3,2,1,1,1,0.041172,0.705631,0.253196,0.040970,0.705368,0.253632,1845,0
593,3,0,0,0,0,0.773067,0.220301,0.006632,0.771317,0.221970,0.006683,1845,0
594,3,1,1,1,1,0.186602,0.723328,0.090070,0.185471,0.724060,0.090439,1845,0
595,3,1,2,2,2,0.016089,0.443899,0.540012,0.016037,0.443832,0.540100,1845,0
596,3,0,0,0,0,0.546290,0.425891,0.027818,0.544083,0.427856,0.028030,1845,0
597,3,1,1,1,1,0.155043,0.761827,0.083130,0.154022,0.762543,0.083405,1845,0
598,3,2,2,2,2,0.009780,0.232418,0.757802,0.009750,0.232300,0.757935,1845,0
599,3,1,1,1,1,0.046986,0.603781,0.349233,0.046936,0.603531,0.349503,1845,0
600,3,1,1,1,1,0.092971,0.739385,0.167644,0.092361,0.739471,0.168152,1845,0
601,3,1,2,2,2,0.006574,0.255124,0.738301,0.006546,0.254974,0.738464,1845,0
602,3,0,1,1,1,0.458945,0.498644,0.042411,0.268478,0.656555,0.074951,1845,0
603,3,2,2,2,2,0.003942,0.161387,0.834672,0.003922,0.161438,0.834610,1845,0
604,3,1,1,1,1,0.123786,0.765934,0.110280,0.123489,0.766037,0.110443,1845,0
605,3,2,1,1,1,0.035962,0.613806,0.350232,0.035873,0.613556,0.350540,1845,0
606,3,1,1,1,1,0.309366,0.604620,0.086014,0.307495,0.605896,0.086594,1845,0
607,3,0,0,0,0,0.558419,0.414848,0.026732,0.556534,0.416550,0.026901,1845,0
608,3,2,2,2,2,0.018100,0.287981,0.693919,0.018051,0.287888,0.694046,1845,0
609,3,0,1,1,1,0.373293,0.572431,0.054276,0.372040,0.573380,0.054550,1845,0
610,3,1,1,1,1,0.100469,0.559970,0.339561,0.100235,0.559814,0.339920,1845,0
611,3,1,0,0,0,0.609945,0.374422,0.015633,0.607666,0.376556,0.015762,1845,0
612,3,0,0,0,0,0.704430,0.285930,0.009641,0.702423,0.287827,0.009720,1845,0
613,3,1,1,1,1,0.243902,0.668852,0.087246,0.243134,0.669312,0.087540,1845,0
614,3,2,1,1,1,0.217273,0.708047,0.074679,0.234848,0.705536,0.059586,1845,0
615,3,1,1,1,1,0.234339,0.680723,0.084938,0.232971,0.681641,0.085373,1845,0
616,3,1,1,1,1,0.022203,0.636693,0.341105,0.025177,0.644135,0.330673,1845,0
617,3,1,1,1,1,0.170643,0.648349,0.181009,0.169296,0.648926,0.181763,1845,0
618,3,0,1,1,1,0.162643,0.727783,0.109574,0.162018,0.728119,0.109848,1845,0
619,3,2,1,1,1,0.231266,0.603113,0.165620,0.230972,0.603134,0.165878,1845,0
620,3,1,1,1,1,0.151896,0.682878,0.165225,0.150818,0.683350,0.165817,1845,0
621,3,2,1,1,1,0.116641,0.739582,0.143777,0.116455,0.739609,0.143921,1845,0
622,3,1,1,1,1,0.215707,0.686318,0.097975,0.214005,0.687454,0.098511,1845,0
623,3,0,1,1,1,0.223340,0.693348,0.083311,0.222061,0.694260,0.083664,1845,0
624,3,2,2,2,2,0.006596,0.210690,0.782714,0.006577,0.210663,0.782730,1845,0
625,3,0,1,1,1,0.417282,0.523052,0.059665,0.415161,0.524719,0.060104,1845,0
626,3,1,1,1,1,0.300517,0.610570,0.088913,0.299316,0.611328,0.089340,1845,0
627,3,1,0,0,0,0.672105,0.315219,0.012676,0.670502,0.316711,0.012772,1845,0
628,3,0,0,0,0,0.805223,0.189570,0.005207,0.803741,0.190979,0.005249,1845,0
629,3,1,2,2,2,0.013857,0.185846,0.800297,0.013794,0.185638,0.800537,1845,0
630,3,2,1,1,1,0.246031,0.685407,0.068562,0.244919,0.686234,0.068832,1845,0
631,3,1,1,1,1,0.378143,0.584850,0.037007,0.376053,0.586670,0.037262,1845,0
632,4,1,1,1,1,0.252002,0.653408,0.094590,0.251099,0.653946,0.094925,1845,0
633,4,1,1,1,1,0.041291,0.627495,0.331214,0.041245,0.627075,0.331650,1845,0
634,4,0,1,1,1,0.233948,0.689138,0.076915,0.233551,0.689377,0.077057,1845,0
635,4,2,2,2,2,0.015109,0.379293,0.605598,0.014984,0.377945,0.607040,1845,0
636,4,1,1,1,1,0.113342,0.776118,0.110540,0.113327,0.775970,0.110672,1845,0
637,4,2,1,1,1,0.309100,0.613822,0.077079,0.308685,0.614029,0.077271,1845,0
638,4,1,1,1,1,0.143839,0.711829,0.144331,0.143494,0.711838,0.144653,1845,0
639,4,0,1,1,1,0.441524,0.517566,0.040910,0.440765,0.518173,0.041031,1845,0
640,4,2,1,1,1,0.037766,0.621472,0.340762,0.037720,0.621078,0.341171,1845,0
641,4,0,1,1,1,0.067402,0.629684,0.302915,0.067169,0.629272,0.303543,1845,0
642,4,1,1,1,1,0.018896,0.518053,0.463051,0.018860,0.517426,0.463684,1845,0
643,4,1,1,1,1,0.154409,0.728217,0.117374,0.153946,0.728363,0.117661,1845,0
644,4,0,1,1,1,0.438119,0.514200,0.047681,0.437164,0.514984,0.047821,1845,0
645,4,1,1,1,1,0.238373,0.698630,0.062997,0.237671,0.699173,0.063141,1845,0
646,4,2,1,1,1,0.027382,0.582962,0.389656,0.027283,0.582352,0.390335,1845,0
647,4,1,1,1,1,0.032002,0.703487,0.264511,0.031952,0.703110,0.264908,1845,0
648,4,1,1,1,1,0.068571,0.732414,0.199015,0.068359,0.732254,0.199356,1845,0
649,4,1,1,1,1,0.051177,0.607118,0.341706,0.051025,0.606735,0.342209,1845,0
650,4,0,1,1,1,0.257054,0.656084,0.086862,0.256638,0.656281,0.087067,1845,0
651,4,2,2,2,2,0.034639,0.434728,0.530633,0.034607,0.434494,0.530869,1845,0
652,4,1,1,1,1,0.107704,0.731967,0.160329,0.107468,0.731857,0.160660,1845,0
653,4,2,2,2,2,0.040829,0.472928,0.486243,0.040741,0.472641,0.486603,1845,0
654,4,1,1,1,1,0.273595,0.665244,0.061161,0.272812,0.665802,0.061356,1845,0
655,4,0,0,0,0,0.755663,0.234861,0.009476,0.755859,0.234665,0.009460,1845,0
656,4,2,1,1,1,0.104877,0.664677,0.230446,0.104538,0.664459,0.230972,1845,0
657,4,0,1,1,1,0.063508,0.616498,0.319993,0.063492,0.616104,0.320389,1845,0
658,4,1,1,1,1,0.074376,0.703551,0.222072,0.074203,0.703156,0.222626,1845,0
659,4,1,1,1,1,0.110976,0.692442,0.196581,0.110565,0.692322,0.197098,1845,0
660,4,0,0,0,0,0.819741,0.173917,0.006342,0.819183,0.174438,0.006363,1845,0
661,4,1,1,1,1,0.334337,0.608224,0.057438,0.359558,0.586975,0.053436,1845,0
662,4,2,2,2,2,0.020753,0.306420,0.672828,0.020706,0.307129,0.672134,1845,0
663,4,1,1,1,1,0.065811,0.587518,0.346671,0.065704,0.587082,0.347183,1845,0
664,4,1,1,1,1,0.050578,0.666374,0.283048,0.050507,0.666016,0.283447,1845,0
665,4,0,0,0,0,0.620160,0.363119,0.016722,0.618896,0.364288,0.016800,1845,0
666,4,2,2,2,2,0.008730,0.309314,0.681956,0.008713,0.309021,0.682236,1845,0
667,4,1,1,1,1,0.034948,0.554000,0.411052,0.034912,0.553543,0.411514,1845,0
668,4,2,2,2,2,0.007215,0.364787,0.627997,0.007187,0.364548,0.628235,1845,0
669,4,1,1,1,1,0.210065,0.707898,0.082037,0.209656,0.708069,0.082260,1845,0
670,4,0,1,1,1,0.234351,0.688707,0.076941,0.233765,0.689087,0.077133,1845,0
671,4,2,2,2,2,0.027673,0.409418,0.562909,0.027634,0.409164,0.563187,1845,0
672,4,0,0,0,0,0.538877,0.429561,0.031562,0.537674,0.430618,0.031677,1845,0
673,4,1,1,1,1,0.094615,0.619490,0.285895,0.093979,0.619598,0.286392,1845,0
674,4,1,0,0,0,0.522333,0.430757,0.046910,0.518692,0.433807,0.047485,1845,0
675,4,0,1,1,1,0.416459,0.540730,0.042812,0.415390,0.541626,0.042953,1845,0
676,4,1,1,1,1,0.445877,0.515850,0.038273,0.445068,0.516525,0.038391,1845,0
677,4,2,2,2,2,0.082714,0.286548,0.630739,0.082703,0.286621,0.630661,1845,0
678,4,1,1,1,1,0.095786,0.752417,0.151797,0.095825,0.752228,0.151932,1845,0
679,4,1,1,1,1,0.064233,0.701633,0.234134,0.064194,0.701248,0.234543,1845,0
680,4,1,2,2,2,0.020669,0.313898,0.665433,0.020660,0.313889,0.665421,1845,0
681,4,0,0,0,0,0.819440,0.175617,0.004943,0.818771,0.176239,0.004959,1845,0
682,4,2,1,1,1,0.061158,0.498622,0.440219,0.061157,0.498291,0.440536,1845,0
683,4,1,2,2,2,0.012808,0.307825,0.679367,0.012787,0.307602,0.679581,1845,0
684,4,2,1,1,1,0.110661,0.680052,0.209287,0.110367,0.679947,0.209671,1845,0
685,4,1,1,1,1,0.107101,0.742364,0.150536,0.110153,0.739120,0.150711,1845,0
686,4,0,2,2,2,0.036584,0.345770,0.617645,0.036438,0.345367,0.618164,1845,0
687,4,2,1,1,1,0.028273,0.498619,0.473108,0.028244,0.498032,0.473694,1845,0
688,4,0,0,0,0,0.640746,0.343202,0.016053,0.639587,0.344269,0.016113,1845,0
689,4,1,1,1,1,0.036544,0.688798,0.274657,0.036499,0.688522,0.274963,1845,0
690,4,1,1,1,1,0.074899,0.681606,0.243495,0.074600,0.681488,0.243896,1845,0
691,4,0,0,0,0,0.858402,0.136566,0.005032,0.858002,0.136932,0.005035,1845,0
692,4,1,1,1,1,0.231809,0.707550,0.060641,0.231491,0.707779,0.060715,1845,0
693,4,2,2,2,2,0.023669,0.457044,0.519287,0.022141,0.448303,0.529526,1845,0
694,4,1,2,2,2,0.031671,0.332238,0.636091,0.031647,0.332016,0.636307,1845,0
695,4,1,1,1,1,0.300559,0.639486,0.059955,0.299713,0.640106,0.060165,1845,0
696,4,1,1,1,1,0.045611,0.664740,0.289649,0.045471,0.664246,0.290268,1845,0
697,4,0,0,0,0,0.488578,0.480979,0.030443,0.487320,0.482071,0.030579,1845,0
698,4,2,1,1,1,0.068438,0.594293,0.337269,0.068329,0.593781,0.337860,1845,0
699,4,1,1,1,1,0.098214,0.688922,0.212865,0.098068,0.688568,0.213333,1845,0
700,4,2,2,2,2,0.022384,0.384034,0.593582,0.022354,0.383774,0.593857,1845,0
701,4,1,1,1,1,0.069708,0.779725,0.150567,0.069641,0.779556,0.150787,1845,0
702,4,0,1,1,1,0.317689,0.613447,0.068865,0.316925,0.613998,0.069046,1845,0
703,4,2,1,1,1,0.038390,0.550081,0.411529,0.038300,0.549530,0.412155,1845,0
704,4,0,1,1,1,0.214845,0.663898,0.121257,0.214050,0.664291,0.121628,1845,0
705,4,1,1,1,1,0.103736,0.737939,0.158325,0.103470,0.737885,0.158615,1845,0
706,4,1,1,1,1,0.219423,0.667260,0.113317,0.219009,0.667328,0.113647,1845,0
707,4,0,1,1,1,0.233159,0.696935,0.069906,0.243896,0.690353,0.065720,1845,0
708,4,1,1,1,1,0.295074,0.637933,0.066993,0.294174,0.638596,0.067200,1845,0
709,4,2,2,2,2,0.010554,0.254461,0.734985,0.010529,0.254196,0.735245,1845,0
710,4,1,1,1,1,0.059986,0.589722,0.350292,0.059921,0.589371,0.350677,1845,0
711,4,1,1,1,1,0.146270,0.726976,0.126755,0.145950,0.726990,0.127029,1845,0
712,4,1,1,1,1,0.240660,0.673370,0.085970,0.240250,0.673584,0.086151,1845,0
713,4,0,0,0,0,0.685631,0.304418,0.009951,0.684952,0.305038,0.009979,1845,0
714,4,2,1,1,1,0.326124,0.585029,0.088848,0.325333,0.585480,0.089172,1845,0
715,4,1,1,1,1,0.099856,0.530306,0.369838,0.099808,0.529816,0.370346,1845,0
716,4,2,1,1,1,0.167362,0.723580,0.109057,0.167221,0.723526,0.109238,1845,0
717,4,1,0,0,0,0.623340,0.362070,0.014590,0.622269,0.363052,0.014648,1845,0
718,4,0,1,0,0,0.447126,0.512978,0.039896,0.489578,0.476822,0.033585,1845,0
719,4,2,2,2,2,0.036622,0.422505,0.540873,0.036621,0.422318,0.541046,1845,0
720,4,0,0,0,0,0.634045,0.348058,0.017897,0.632904,0.349091,0.017975,1845,0
721,4,1,1,1,1,0.106823,0.759887,0.133290,0.106567,0.759903,0.133514,1845,0
722,4,1,1,1,1,0.125182,0.710897,0.163920,0.125198,0.710648,0.164124,1845,0
723,4,0,0,0,0,0.535147,0.434095,0.030758,0.534073,0.435028,0.030869,1845,0
724,4,1,1,1,1,0.121482,0.723999,0.154519,0.121063,0.724014,0.154892,1845,0
725,4,2,2,2,2,0.007736,0.186449,0.805815,0.007721,0.186371,0.805878,1845,0
726,4,1,2,2,2,0.003060,0.173559,0.823381,0.003052,0.173355,0.823578,1845,0
727,4,1,1,1,1,0.084475,0.740234,0.175291,0.084244,0.740021,0.175720,1845,0
728,4,1,1,1,1,0.038307,0.657498,0.304195,0.038223,0.657166,0.304596,1845,0
729,4,0,1,1,1,0.303661,0.643238,0.053101,0.303177,0.643585,0.053223,1845,0
730,4,2,1,1,1,0.060345,0.547095,0.392560,0.060272,0.546600,0.393097,1845,0
731,4,1,1,1,1,0.105261,0.716386,0.178353,0.104950,0.716217,0.178802,1845,0
732,4,2,2,2,2,0.038795,0.462131,0.499073,0.038773,0.461899,0.499298,1845,0
733,4,1,1,1,1,0.135396,0.749755,0.114849,0.134995,0.749908,0.115067,1845,0
734,4,0,0,0,0,0.555996,0.421337,0.022668,0.555511,0.421738,0.022720,1845,0
735,4,2,2,2,2,0.008465,0.224005,0.767530,0.008453,0.223923,0.767609,1845,0
736,4,0,1,1,1,0.232534,0.693899,0.073567,0.232391,0.693909,0.073669,1845,0
737,4,1,2,2,2,0.019580,0.438890,0.541530,0.019531,0.438492,0.541962,1845,0
738,4,1,1,1,1,0.286951,0.653170,0.059879,0.286240,0.653702,0.060043,1845,0
739,4,0,0,0,0,0.801787,0.192327,0.005886,0.801117,0.192947,0.005905,1845,0
740,4,1,1,1,1,0.387771,0.547508,0.064720,0.386856,0.548218,0.064911,1845,0
741,4,2,1,1,1,0.219545,0.665692,0.114763,0.237076,0.654861,0.108032,1845,0
742,4,1,1,1,1,0.066388,0.677192,0.256420,0.070999,0.686569,0.242401,1845,0
743,4,1,1,1,1,0.106649,0.588924,0.304427,0.106293,0.588486,0.305191,1845,0
744,4,1,1,1,1,0.335448,0.598088,0.066464,0.334671,0.598618,0.066681,1845,0
745,4,0,0,0,0,0.556442,0.418212,0.025345,0.555420,0.419113,0.025436,1845,0
746,4,2,2,2,2,0.005430,0.205995,0.788574,0.005417,0.205887,0.788666,1845,0
747,4,1,1,1,1,0.058716,0.695244,0.246040,0.058701,0.695053,0.246231,1845,0
748,4,2,1,1,1,0.108386,0.722499,0.169115,0.108246,0.722305,0.169434,1845,0
749,4,1,0,0,0,0.678852,0.304445,0.016703,0.670441,0.312210,0.017319,1845,0
750,4,0,0,0,0,0.499305,0.469898,0.030797,0.498138,0.470917,0.030914,1845,0
751,4,2,2,2,2,0.018495,0.341824,0.639681,0.018402,0.352905,0.628677,1845,0
752,4,0,1,1,1,0.387861,0.557052,0.055087,0.387268,0.557404,0.055298,1845,0
753,4,1,1,1,1,0.073998,0.672240,0.253762,0.073746,0.671890,0.254349,1845,0
754,4,1,1,1,1,0.200929,0.689517,0.109554,0.200928,0.689270,0.109772,1845,0
755,4,0,1,1,1,0.263782,0.673991,0.062226,0.262161,0.675400,0.062408,1845,0
756,4,1,1,1,1,0.374204,0.560801,0.064995,0.373489,0.561371,0.065125,1845,0
757,4,2,2,2,2,0.024736,0.373075,0.602189,0.024597,0.372391,0.602997,1845,0
758,4,1,0,0,0,0.507217,0.467243,0.025540,0.573959,0.405579,0.020447,1845,0
759,4,1,1,1,1,0.227789,0.672536,0.099675,0.227066,0.672958,0.099960,1845,0
760,4,1,1,1,1,0.171002,0.718152,0.110846,0.170868,0.718094,0.111008,1845,0
761,4,0,1,1,1,0.177912,0.715393,0.106696,0.196579,0.705124,0.098282,1845,0
762,4,2,1,1,1,0.049468,0.516022,0.434510,0.049469,0.515686,0.434814,1845,0
763,4,1,1,1,1,0.096201,0.730296,0.173503,0.095840,0.730270,0.173874,1845,0
764,4,2,1,1,1,0.105433,0.579614,0.314954,0.089691,0.577881,0.332397,1845,0
765,4,1,1,1,1,0.042107,0.793874,0.164019,0.042084,0.793823,0.164078,1845,0
766,4,0,1,1,1,0.461950,0.508851,0.029199,0.461044,0.509628,0.029297,1845,0
767,4,2,1,1,1,0.286911,0.618564,0.094525,0.285965,0.619080,0.094925,1845,0
768,4,0,0,0,0,0.753226,0.237607,0.009167,0.752136,0.238617,0.009216,1845,0
769,4,1,1,1,1,0.137786,0.630105,0.232109,0.137604,0.629837,0.232529,1845,0
770,4,1,1,1,1,0.239080,0.689941,0.070978,0.247070,0.682922,0.069992,1845,0
771,4,0,0,0,0,0.901050,0.097002,0.001948,0.900757,0.097275,0.001938,1845,0
772,4,1,1,1,1,0.310325,0.633273,0.056402,0.309830,0.633652,0.056488,1845,0
773,4,2,1,1,1,0.023111,0.565065,0.411825,0.023041,0.564560,0.412384,1845,0
774,4,1,1,1,1,0.220204,0.687994,0.091802,0.219574,0.688385,0.092010,1845,0
775,4,1,1,1,1,0.102885,0.742405,0.154709,0.102631,0.742355,0.154999,1845,0
776,4,1,1,1,1,0.064914,0.649552,0.285534,0.064850,0.649155,0.285980,1845,0
777,4,0,0,0,0,0.644706,0.328869,0.026426,0.644165,0.329346,0.026474,1845,0
778,4,2,1,1,1,0.096728,0.671937,0.231336,0.096466,0.671860,0.231659,1845,0
779,4,1,1,1,1,0.171834,0.691800,0.136365,0.171646,0.691711,0.136627,1845,0
780,4,2,2,2,2,0.022948,0.359257,0.617795,0.022903,0.358932,0.618134,1845,0
781,4,1,1,1,1,0.476900,0.495094,0.028005,0.475906,0.495972,0.028107,1845,0
782,4,0,1,1,1,0.252024,0.492460,0.255516,0.251877,0.492279,0.255829,1845,0
783,4,2,1,1,1,0.130422,0.592088,0.277490,0.129990,0.591782,0.278214,1845,0
784,4,0,1,1,1,0.362781,0.589148,0.048071,0.362000,0.589752,0.048218,1845,0
785,4,1,1,1,1,0.099605,0.610339,0.290056,0.099167,0.610092,0.290726,1845,0
786,4,1,0,0,0,0.496350,0.470063,0.033587,0.495056,0.471191,0.033737,1845,0
787,4,0,0,0,0,0.693073,0.295785,0.011143,0.692047,0.296738,0.011200,1845,0
788,4,1,0,0,0,0.646480,0.337699,0.015821,0.645477,0.338623,0.015884,1845,0
789,4,2,1,1,1,0.056905,0.532258,0.410836,0.056671,0.531662,0.411636,1845,0
790,4,1,1,1,1,0.307656,0.605397,0.086947,0.306854,0.605881,0.087234,1845,0
791,5,1,2,2,2,0.017355,0.482558,0.500087,0.017273,0.483200,0.499496,1845,0
792,5,1,1,1,1,0.042225,0.687166,0.270609,0.048645,0.693924,0.257416,1845,0
793,5,0,1,1,1,0.315468,0.609680,0.074852,0.313110,0.611557,0.075302,1845,0
794,5,2,2,2,2,0.008079,0.162321,0.829600,0.008087,0.162689,0.829208,1845,0
795,5,1,1,1,1,0.066802,0.576138,0.357060,0.066223,0.576218,0.357544,1845,0
796,5,2,1,1,1,0.101088,0.674715,0.224197,0.100693,0.675613,0.223679,1845,0
797,5,1,1,1,1,0.174278,0.737641,0.088081,0.173782,0.738312,0.087891,1845,0
798,5,0,1,1,1,0.377848,0.581899,0.040253,0.375565,0.583923,0.040497,1845,0
799,5,2,2,2,2,0.001774,0.172929,0.825297,0.001770,0.173584,0.824631,1845,0
800,5,0,2,2,2,0.011257,0.166477,0.822266,0.011261,0.166702,0.822006,1845,0
801,5,1,1,1,1,0.061725,0.670137,0.268137,0.061661,0.671310,0.266998,1845,0
802,5,1,1,1,1,0.257047,0.661515,0.081439,0.255524,0.662735,0.081726,1845,0
803,5,0,1,1,1,0.127578,0.590242,0.282180,0.126541,0.590652,0.282791,1845,0
804,5,1,1,1,1,0.082834,0.693985,0.223181,0.082138,0.694275,0.223572,1845,0
805,5,2,2,2,2,0.017866,0.342697,0.639437,0.017899,0.344406,0.637680,1845,0
806,5,1,1,1,1,0.102689,0.753458,0.143852,0.102356,0.754028,0.143585,1845,0
807,5,1,1,1,1,0.399103,0.560053,0.040843,0.396545,0.562317,0.041107,1845,0
808,5,1,1,1,1,0.289856,0.651491,0.058653,0.287628,0.653351,0.059006,1845,0
809,5,0,0,0,0,0.540928,0.432804,0.026268,0.539185,0.434479,0.026306,1845,0
810,5,2,2,2,2,0.027396,0.364279,0.608325,0.027451,0.366180,0.606339,1845,0
811,5,1,1,1,1,0.046105,0.658477,0.295418,0.045761,0.658539,0.295670,1845,0
812,5,2,1,1,1,0.163673,0.678910,0.157417,0.162689,0.679596,0.157700,1845,0
813,5,1,1,1,1,0.124044,0.667029,0.208927,0.123932,0.668182,0.207870,1845,0
814,5,0,1,1,1,0.130416,0.646169,0.223415,0.129211,0.646713,0.224045,1845,0
815,5,2,1,1,1,0.206674,0.618322,0.175004,0.206604,0.619415,0.173965,1845,0
816,5,0,1,1,1,0.229351,0.674660,0.095989,0.227997,0.675735,0.096252,1845,0
817,5,1,1,1,1,0.095816,0.764045,0.140139,0.095490,0.764511,0.139984,1845,0
818,5,1,1,1,1,0.178955,0.700321,0.120724,0.177246,0.701401,0.121323,1845,0
819,5,0,0,0,0,0.858648,0.138130,0.003221,0.857468,0.139267,0.003235,1845,0
820,5,1,1,1,1,0.286261,0.654045,0.059694,0.284821,0.655334,0.059830,1845,0
821,5,2,1,1,1,0.029451,0.560517,0.410031,0.029343,0.561081,0.409561,1845,0
822,5,1,1,1,1,0.107316,0.764874,0.127810,0.106964,0.765305,0.127716,1845,0
823,5,1,1,1,1,0.272518,0.644877,0.082605,0.270828,0.646317,0.082825,1845,0
824,5,1,1,1,1,0.039302,0.604468,0.356230,0.039246,0.605972,0.354752,1845,0
825,5,0,0,0,0,0.539960,0.399604,0.060436,0.531174,0.410431,0.058380,1845,0
826,5,2,1,1,1,0.056700,0.526058,0.417242,0.056747,0.527695,0.415527,1845,0
827,5,1,1,1,1,0.380583,0.550136,0.069282,0.378143,0.552078,0.069748,1845,0
828,5,2,1,1,1,0.380757,0.562328,0.056916,0.378311,0.564407,0.057266,1845,0
829,5,1,1,1,1,0.089088,0.770578,0.140334,0.088760,0.771240,0.139984,1845,0
830,5,0,1,1,1,0.065343,0.525140,0.409517,0.065399,0.526443,0.408142,1845,0
831,5,2,1,1,1,0.165578,0.649360,0.185062,0.164902,0.650314,0.184769,1845,0
832,5,0,0,0,0,0.730833,0.259967,0.009199,0.728958,0.261765,0.009262,1845,0
833,5,1,1,1,1,0.446921,0.514393,0.038687,0.445587,0.515732,0.038666,1845,0
834,5,1,1,1,1,0.261484,0.680485,0.058031,0.259872,0.681854,0.058258,1845,0
835,5,0,1,1,1,0.161255,0.668097,0.170649,0.160828,0.669128,0.170013,1845,0
836,5,1,1,1,1,0.468418,0.483354,0.048228,0.465866,0.485504,0.048599,1845,0
837,5,2,1,1,1,0.035451,0.598274,0.366275,0.035248,0.598709,0.366013,1845,0
838,5,1,1,1,1,0.278046,0.650982,0.070971,0.276520,0.652390,0.071075,1845,0
839,5,1,1,1,1,0.346230,0.551479,0.102291,0.345276,0.552689,0.102020,1845,0
840,5,1,1,1,1,0.012880,0.529665,0.457456,0.014648,0.517990,0.467346,1845,0
841,5,0,1,1,1,0.301301,0.618274,0.080426,0.300232,0.619446,0.080307,1845,0
842,5,2,1,1,1,0.302223,0.607574,0.090203,0.300446,0.609070,0.090469,1845,0
843,5,1,1,1,1,0.108983,0.684986,0.206031,0.107971,0.685333,0.206665,1845,0
844,5,2,1,1,1,0.076568,0.652598,0.270834,0.076447,0.653549,0.269989,1845,0
845,5,1,1,1,1,0.128853,0.625065,0.246082,0.128723,0.626205,0.245056,1845,0
846,5,0,1,1,1,0.210600,0.523411,0.265989,0.210632,0.524567,0.264786,1845,0
847,5,2,1,1,1,0.178382,0.714729,0.106889,0.177689,0.715622,0.106659,1845,0
848,5,0,0,0,0,0.516546,0.441506,0.041948,0.515442,0.442627,0.041916,1845,0
849,5,1,1,1,1,0.071246,0.710439,0.218316,0.070938,0.711090,0.217941,1845,0
850,5,1,1,1,1,0.045853,0.644638,0.309509,0.045822,0.646072,0.308090,1845,0
851,5,0,1,1,1,0.151826,0.737137,0.111037,0.151077,0.737946,0.110962,1845,0
852,5,1,1,1,1,0.064075,0.774852,0.161073,0.075394,0.767548,0.157043,1845,0
853,5,2,1,1,1,0.179187,0.733665,0.087148,0.178116,0.734543,0.087326,1845,0
854,5,1,1,1,1,0.337503,0.616379,0.046118,0.335312,0.618301,0.046356,1845,0
855,5,1,1,1,1,0.105910,0.709003,0.185087,0.105423,0.709763,0.184784,1845,0
856,5,1,1,1,1,0.113489,0.714026,0.172486,0.113174,0.714951,0.171844,1845,0
857,5,0,1,1,1,0.219257,0.671342,0.109401,0.217880,0.672501,0.109604,1845,0
858,5,2,1,1,1,0.030964,0.570636,0.398400,0.030930,0.572113,0.396942,1845,0
859,5,1,1,1,1,0.434877,0.525093,0.040030,0.432419,0.527283,0.040283,1845,0
860,5,2,2,2,2,0.010277,0.241684,0.748039,0.010300,0.242920,0.746765,1845,0
861,5,1,2,2,2,0.018305,0.429614,0.552081,0.018295,0.431168,0.550522,1845,0
862,5,0,1,1,1,0.359415,0.577348,0.063236,0.357590,0.579010,0.063370,1845,0
863,5,2,1,1,1,0.098495,0.690977,0.210528,0.098007,0.691803,0.210175,1845,0
864,5,0,1,1,1,0.195532,0.672475,0.131992,0.194595,0.673447,0.131943,1845,0
865,5,1,1,1,1,0.040455,0.713374,0.246171,0.040268,0.713654,0.246063,1845,0
866,5,1,1,1,1,0.096154,0.674304,0.229542,0.095703,0.675095,0.229172,1845,0
867,5,0,1,1,1,0.087636,0.651708,0.260656,0.087250,0.652374,0.260361,1845,0
868,5,1,1,1,1,0.020541,0.576094,0.403366,0.020432,0.576370,0.403168,1845,0
869,5,2,1,1,1,0.041590,0.623080,0.335330,0.041443,0.623703,0.334824,1845,0
870,5,1,1,1,1,0.036167,0.516600,0.447233,0.036163,0.518219,0.445602,1845,0
871,5,1,2,2,2,0.025482,0.477668,0.496851,0.025467,0.479172,0.495331,1845,0
872,5,1,1,1,1,0.034336,0.511416,0.454249,0.034348,0.513016,0.452621,1845,0
873,5,0,1,1,1,0.348475,0.558772,0.092752,0.347244,0.559982,0.092758,1845,0
874,5,2,2,2,2,0.015707,0.405744,0.578550,0.015717,0.407532,0.576721,1845,0
875,5,1,1,1,1,0.092408,0.772262,0.135330,0.091980,0.772629,0.135376,1845,0
876,5,2,1,1,1,0.090510,0.764698,0.144792,0.086044,0.767654,0.146286,1845,0
877,5,1,1,1,1,0.261140,0.675402,0.063458,0.259811,0.676620,0.063553,1845,0
878,5,0,1,1,1,0.159191,0.705697,0.135112,0.158295,0.706589,0.135101,1845,0
879,5,2,2,2,2,0.006970,0.269320,0.723709,0.006973,0.270676,0.722321,1845,0
880,5,0,0,0,0,0.588189,0.385830,0.025981,0.586441,0.387527,0.026016,1845,0
881,5,1,1,1,1,0.083223,0.672294,0.244483,0.083084,0.673309,0.243591,1845,0
882,5,1,1,1,1,0.144318,0.705934,0.149748,0.143723,0.706772,0.149475,1845,0
883,5,0,1,1,1,0.107853,0.744036,0.148112,0.107559,0.744476,0.147949,1845,0
884,5,1,1,1,1,0.088567,0.505725,0.405708,0.088654,0.506958,0.404373,1845,0
885,5,2,2,2,2,0.028864,0.373946,0.597189,0.028900,0.374939,0.596130,1845,0
886,5,1,1,1,1,0.119765,0.742720,0.137515,0.119125,0.743439,0.137421,1845,0
887,5,1,1,1,1,0.351824,0.614894,0.033282,0.350235,0.616379,0.033356,1845,0
888,5,1,1,1,1,0.125633,0.725254,0.149113,0.124359,0.725800,0.149811,1845,0
889,5,0,0,0,0,0.564912,0.403917,0.031172,0.563004,0.405716,0.031265,1845,0
890,5,2,1,1,1,0.184199,0.691379,0.124422,0.183777,0.692169,0.124023,1845,0
891,5,1,1,1,1,0.177031,0.706791,0.116178,0.176514,0.707535,0.115936,1845,0
892,5,2,1,1,1,0.077536,0.645904,0.276560,0.077286,0.646576,0.276108,1845,0
893,5,1,1,1,1,0.127844,0.676856,0.195300,0.127609,0.677826,0.194550,1845,0
894,5,0,0,0,0,0.669074,0.317291,0.013635,0.667725,0.318619,0.013641,1845,0
895,5,0,1,1,1,0.088340,0.689732,0.221928,0.087936,0.690338,0.221695,1845,0
896,5,1,1,1,1,0.177316,0.651759,0.170925,0.175751,0.652588,0.171631,1845,0
897,5,1,1,1,1,0.114692,0.795233,0.090074,0.145279,0.741531,0.113174,1845,0
898,5,0,1,1,1,0.452228,0.516245,0.031527,0.449951,0.518326,0.031693,1845,0
899,5,1,1,1,1,0.208846,0.675851,0.115303,0.289032,0.621094,0.089844,1845,0
900,5,2,1,1,1,0.432880,0.512764,0.054356,0.430878,0.514481,0.054626,1845,0
901,5,1,1,1,1,0.249647,0.691412,0.058940,0.248215,0.692627,0.059143,1845,0
902,5,1,1,1,1,0.374329,0.577029,0.048642,0.373138,0.578201,0.048630,1845,0
903,5,1,1,1,1,0.129232,0.642944,0.227824,0.128952,0.644089,0.226944,1845,0
904,5,0,1,1,1,0.166366,0.723457,0.110177,0.165253,0.724319,0.110397,1845,0
905,5,2,1,1,1,0.227245,0.643964,0.128791,0.225784,0.645126,0.129074,1845,0
906,5,2,1,1,1,0.038563,0.614337,0.347100,0.038376,0.614975,0.346619,1845,0
907,5,1,1,1,1,0.155760,0.632773,0.211467,0.154541,0.633438,0.212006,1845,0
908,5,0,1,1,1,0.301962,0.633982,0.064056,0.299866,0.635696,0.064407,1845,0
909,5,2,1,1,1,0.075265,0.586707,0.338027,0.075012,0.587646,0.337326,1845,0
910,5,0,0,0,0,0.766396,0.225872,0.007732,0.668793,0.319351,0.011826,1845,0
911,5,1,1,1,1,0.088686,0.717581,0.193734,0.088348,0.717987,0.193634,1845,0
912,5,1,1,1,1,0.148298,0.708095,0.143607,0.147812,0.708893,0.143280,1845,0
913,5,0,0,0,0,0.621701,0.360982,0.017317,0.619415,0.363113,0.017441,1845,0
914,5,1,1,1,1,0.210468,0.706794,0.082738,0.209183,0.707932,0.082855,1845,0
915,5,2,2,2,2,0.010229,0.330461,0.659310,0.010208,0.331711,0.658051,1845,0
916,5,1,1,1,1,0.128203,0.671893,0.199904,0.127289,0.672501,0.200195,1845,0
917,5,1,1,1,1,0.198185,0.668942,0.132873,0.121231,0.679779,0.198975,1845,0
918,5,1,1,1,1,0.255416,0.645543,0.099040,0.253357,0.647003,0.099609,1845,0
919,5,0,0,0,0,0.505226,0.462073,0.032700,0.524963,0.444138,0.030884,1845,0
920,5,2,1,1,1,0.066016,0.676128,0.257855,0.065552,0.676437,0.257996,1845,0
921,5,1,1,1,1,0.149651,0.739757,0.110593,0.148483,0.740601,0.110901,1845,0
922,5,2,1,1,1,0.172964,0.690357,0.136680,0.171768,0.691299,0.136917,1845,0
923,5,1,1,1,1,0.056010,0.675533,0.268457,0.055542,0.675690,0.268753,1845,0
924,5,0,1,1,1,0.192610,0.691809,0.115581,0.191574,0.692795,0.115616,1845,0
925,5,2,1,1,1,0.022889,0.503523,0.473588,0.022781,0.504135,0.473068,1845,0
926,5,0,1,1,1,0.443155,0.523560,0.033285,0.441010,0.525513,0.033463,1845,0
927,5,1,1,1,1,0.263454,0.685957,0.050589,0.261932,0.687241,0.050797,1845,0
928,5,1,1,1,1,0.249254,0.695015,0.055732,0.247833,0.696259,0.055893,1845,0
929,5,0,0,0,0,0.673330,0.306909,0.019761,0.672226,0.307999,0.019745,1845,0
930,5,1,1,1,1,0.294872,0.656882,0.048246,0.268829,0.679565,0.051575,1845,0
931,5,2,2,2,2,0.012542,0.322995,0.664462,0.012558,0.324554,0.662872,1845,0
932,5,1,1,1,1,0.168122,0.681201,0.150677,0.167206,0.682114,0.150650,1845,0
933,5,1,1,1,1,0.173843,0.736311,0.089846,0.173233,0.736969,0.089783,1845,0
934,5,1,1,1,1,0.268585,0.657074,0.074342,0.267227,0.658356,0.074387,1845,0
935,5,0,1,1,1,0.289807,0.644175,0.066018,0.289032,0.645081,0.065857,1845,0
936,5,2,1,1,1,0.127760,0.685577,0.186663,0.126923,0.686234,0.186829,1845,0
937,5,1,1,1,1,0.056474,0.642874,0.300652,0.056244,0.643753,0.299988,1845,0
938,5,2,1,1,1,0.063064,0.605209,0.331726,0.062683,0.605835,0.331451,1845,0
939,5,1,0,0,0,0.541805,0.438738,0.019458,0.538788,0.441559,0.019623,1845,0
940,5,0,1,1,1,0.206078,0.685918,0.108003,0.204544,0.687103,0.108322,1845,0
941,5,2,1,1,1,0.201075,0.658630,0.140296,0.199738,0.659683,0.140564,1845,0
942,5,0,1,1,1,0.194057,0.522167,0.283776,0.194122,0.522629,0.283218,1845,0
943,5,1,1,1,1,0.413337,0.548711,0.037952,0.410919,0.550858,0.038208,1845,0
944,5,1,1,1,1,0.142812,0.696328,0.160860,0.142105,0.696915,0.160950,1845,0
945,5,0,0,0,0,0.906371,0.090874,0.002755,0.905518,0.091690,0.002777,1845,0
946,5,1,1,1,1,0.042614,0.638250,0.319136,0.042542,0.639587,0.317856,1845,0
947,5,2,1,1,1,0.023280,0.492400,0.484321,0.023041,0.491943,0.485001,1845,0
948,5,1,1,1,1,0.307180,0.625016,0.067804,0.305344,0.626602,0.068024,1845,0
949,6,1,1,1,1,0.346093,0.555934,0.097973,0.344833,0.556854,0.098297,1845,0
950,6,1,2,2,2,0.011730,0.371726,0.616544,0.011688,0.371017,0.617264,1845,0
951,6,0,0,0,0,0.608984,0.369776,0.021240,0.607147,0.371414,0.021408,1845,0
952,6,2,1,1,1,0.099913,0.647903,0.252183,0.099319,0.647339,0.253311,1845,0
953,6,1,1,1,1,0.041958,0.608649,0.349393,0.065155,0.718018,0.216812,1845,0
954,6,2,2,2,2,0.031675,0.471376,0.496949,0.031525,0.470627,0.497818,1845,0
955,6,1,1,1,1,0.329110,0.631326,0.039564,0.328079,0.632187,0.039719,1845,0
956,6,0,0,0,0,0.775856,0.218036,0.006109,0.774414,0.219421,0.006149,1845,0
957,6,2,2,2,2,0.002963,0.151385,0.845651,0.002914,0.150635,0.846420,1845,0
958,6,0,0,0,0,0.683412,0.296762,0.019826,0.645416,0.331116,0.023453,1845,0
959,6,1,1,1,1,0.075017,0.678230,0.246753,0.074905,0.677475,0.247589,1845,0
960,6,1,1,1,1,0.312179,0.475293,0.212528,0.312088,0.474838,0.213043,1845,0
961,6,0,0,0,0,0.963021,0.036563,0.000416,0.962845,0.036728,0.000397,1845,0
962,6,1,1,1,1,0.155124,0.755253,0.089624,0.154572,0.755478,0.089935,1845,0
963,6,2,2,2,2,0.000731,0.061501,0.937768,0.000717,0.061325,0.937927,1845,0
964,6,1,1,1,1,0.086729,0.639151,0.274120,0.086273,0.638596,0.275116,1845,0
965,6,1,1,1,1,0.103549,0.784169,0.112281,0.103439,0.784027,0.112503,1845,0
966,6,1,1,1,1,0.071874,0.750315,0.177811,0.071686,0.749954,0.178329,1845,0
967,6,0,0,0,0,0.809678,0.184850,0.005472,0.808502,0.185974,0.005508,1845,0
968,6,2,2,2,2,0.006778,0.263866,0.729356,0.006729,0.263870,0.729370,1845,0
969,6,1,1,1,1,0.038156,0.508559,0.453285,0.038071,0.507614,0.454285,1845,0
970,6,2,2,2,2,0.015400,0.254848,0.729752,0.015366,0.254364,0.730255,1845,0
971,6,1,1,1,1,0.441462,0.530254,0.028284,0.439880,0.531677,0.028427,1845,0
972,6,0,0,0,0,0.935444,0.063572,0.000984,0.934891,0.064102,0.000977,1845,0
973,6,2,2,2,2,0.000863,0.082065,0.917072,0.000839,0.081833,0.917297,1845,0
974,6,0,0,0,0,0.814019,0.175707,0.010274,0.812973,0.176666,0.010345,1845,0
975,6,1,1,1,1,0.041575,0.684306,0.274119,0.041351,0.683716,0.274902,1845,0
976,6,1,1,1,1,0.226908,0.699950,0.073141,0.157700,0.748642,0.093643,1845,0
977,6,0,0,0,0,0.677341,0.309343,0.013316,0.675415,0.311142,0.013428,1845,0
978,6,1,1,1,1,0.108701,0.785889,0.105410,0.108170,0.786102,0.105698,1845,0
979,6,2,2,2,2,0.016827,0.372408,0.610764,0.016647,0.371185,0.612137,1845,0
980,6,1,1,1,1,0.255837,0.685972,0.058191,0.255417,0.686234,0.058319,1845,0
981,6,1,1,1,1,0.022692,0.555150,0.422157,0.022644,0.554260,0.423065,1845,0
982,6,0,0,0,0,0.806488,0.188385,0.005127,0.805588,0.189224,0.005157,1845,0
983,6,2,2,2,2,0.010390,0.388398,0.601212,0.010330,0.387848,0.601807,1845,0
984,6,1,1,1,1,0.091485,0.558915,0.349600,0.091034,0.557846,0.351105,1845,0
985,6,2,2,2,2,0.009819,0.244894,0.745286,0.009781,0.244293,0.745911,1845,0
986,6,1,1,1,1,0.248126,0.695279,0.056595,0.247086,0.696060,0.056824,1845,0
987,6,0,0,0,0,0.899195,0.098954,0.001850,0.904007,0.094238,0.001724,1845,0
988,6,2,2,2,2,0.002455,0.139481,0.858064,0.002441,0.139069,0.858475,1845,0
989,6,0,0,0,0,0.751812,0.240060,0.008129,0.750076,0.241699,0.008209,1845,0
990,6,1,1,1,1,0.088301,0.711086,0.200613,0.087967,0.710541,0.201462,1845,0
991,6,1,1,1,1,0.151501,0.737216,0.111284,0.151215,0.737106,0.111664,1845,0
992,6,0,0,0,0,0.787314,0.204901,0.007785,0.785736,0.206375,0.007858,1845,0
993,6,1,1,1,1,0.178084,0.751535,0.070381,0.177353,0.751984,0.070633,1845,0
994,6,2,2,2,2,0.007601,0.174741,0.817659,0.007568,0.174316,0.818085,1845,0
995,6,1,2,2,2,0.010765,0.287301,0.701933,0.010742,0.286850,0.702393,1845,0
996,6,1,1,1,1,0.466930,0.507376,0.025694,0.465317,0.508804,0.025864,1845,0
997,6,1,1,1,1,0.109719,0.725637,0.164644,0.108963,0.725677,0.165344,1845,0
998,6,0,0,0,0,0.824019,0.170686,0.005295,0.822937,0.171707,0.005325,1845,0
999,6,2,2,2,2,0.000439,0.049724,0.949837,0.000427,0.049545,0.949997,1845,0
1000,6,1,2,2,2,0.020646,0.446428,0.532926,0.020432,0.445633,0.533905,1845,0
1001,6,2,2,2,2,0.000228,0.027798,0.971974,0.000214,0.026718,0.973038,1845,0
1002,6,1,0,0,0,0.594938,0.393992,0.011070,0.593475,0.395370,0.011124,1845,0
1003,6,0,0,0,0,0.619185,0.362028,0.018787,0.617233,0.363800,0.018936,1845,0
1004,6,2,2,2,2,0.000604,0.062759,0.936636,0.000595,0.065018,0.934357,1845,0
1005,6,0,0,0,0,0.894581,0.103644,0.001775,0.893784,0.104401,0.001785,1845,0
1006,6,1,1,1,1,0.092028,0.697320,0.210652,0.091705,0.696854,0.211426,1845,0
1007,6,1,1,1,1,0.435777,0.521480,0.042742,0.435226,0.521805,0.042953,1845,0
1008,6,0,0,0,0,0.958844,0.040715,0.000441,0.958496,0.041046,0.000427,1845,0
1009,6,1,1,1,1,0.211505,0.705641,0.082854,0.192734,0.716141,0.091095,1845,0
1010,6,2,2,2,2,0.000377,0.042052,0.957571,0.000366,0.041946,0.957672,1845,0
1011,6,1,1,1,1,0.017003,0.524468,0.458529,0.016968,0.523575,0.459442,1845,0
1012,6,1,1,1,1,0.209186,0.721349,0.069465,0.208664,0.721634,0.069687,1845,0
1013,6,1,2,2,2,0.005112,0.207489,0.787400,0.005096,0.207062,0.787827,1845,0
1014,6,0,0,0,0,0.501123,0.476098,0.022779,0.499435,0.477615,0.022919,1845,0
1015,6,2,2,2,2,0.000206,0.024944,0.974850,0.000198,0.024918,0.974854,1845,0
1016,6,1,2,2,2,0.006629,0.273658,0.719712,0.005478,0.247986,0.746521,1845,0
1017,6,2,2,2,2,0.000383,0.040246,0.959371,0.000366,0.040192,0.959412,1845,0
1018,6,1,1,1,1,0.181148,0.726067,0.092786,0.180984,0.725906,0.093094,1845,0
1019,6,0,0,0,0,0.492224,0.473661,0.034115,0.490189,0.475479,0.034317,1845,0
1020,6,2,2,2,2,0.000311,0.038317,0.961371,0.000305,0.038147,0.961533,1845,0
1021,6,0,0,0,0,0.684258,0.304800,0.010942,0.682373,0.306580,0.011017,1845,0
1022,6,1,1,1,1,0.186730,0.686155,0.127116,0.185928,0.686188,0.127869,1845,0
1023,6,1,1,1,1,0.368739,0.596996,0.034265,0.367249,0.598297,0.034439,1845,0
1024,6,0,0,0,0,0.887108,0.110540,0.002353,0.886581,0.111038,0.002350,1845,0
1025,6,1,1,1,1,0.183540,0.727559,0.088900,0.182419,0.728241,0.089310,1845,0
1026,6,2,2,2,2,0.000402,0.051975,0.947622,0.000397,0.051834,0.947754,1845,0
1027,6,1,1,1,1,0.030838,0.645277,0.323885,0.030716,0.644424,0.324844,1845,0
1028,6,1,0,0,0,0.560617,0.420942,0.018440,0.558701,0.422729,0.018555,1845,0
1029,6,1,2,2,2,0.008805,0.290666,0.700530,0.008789,0.290176,0.701019,1845,0
1030,6,0,0,0,0,0.886058,0.111540,0.002401,0.885117,0.112442,0.002411,1845,0
1031,6,2,2,2,2,0.000928,0.093673,0.905400,0.000916,0.093338,0.905731,1845,0
1032,6,1,2,2,2,0.010186,0.331991,0.657824,0.010162,0.331421,0.658386,1845,0
1033,6,2,2,2,2,0.001765,0.152023,0.846212,0.001755,0.151688,0.846542,1845,0
1034,6,1,0,0,0,0.745409,0.246190,0.008401,0.743759,0.247742,0.008469,1845,0
1035,6,0,0,0,0,0.718673,0.272236,0.009091,0.717819,0.273026,0.009140,1845,0
1036,6,2,2,2,2,0.001492,0.110717,0.887792,0.001465,0.110275,0.888229,1845,0
1037,6,0,0,0,0,0.767759,0.224891,0.007350,0.766296,0.226273,0.007416,1845,0
1038,6,1,1,1,1,0.045295,0.670619,0.284087,0.045197,0.670013,0.284775,1845,0
1039,6,1,1,1,1,0.255465,0.686182,0.058353,0.254211,0.687164,0.058594,1845,0
1040,6,0,1,1,1,0.427082,0.530682,0.042235,0.235458,0.675507,0.089005,1845,0
1041,6,1,1,1,1,0.224747,0.710504,0.064749,0.224045,0.710983,0.064957,1845,0
1042,6,2,2,2,2,0.000356,0.048819,0.950825,0.000336,0.048676,0.950974,1845,0
1043,6,1,1,1,1,0.026493,0.532161,0.441346,0.026321,0.531036,0.442627,1845,0
1044,6,1,1,1,1,0.068351,0.754140,0.177509,0.068176,0.753876,0.177917,1845,0
1045,6,1,1,1,1,0.235800,0.670136,0.094064,0.234589,0.670746,0.094635,1845,0
1046,6,0,0,0,0,0.747351,0.245137,0.007511,0.745697,0.246704,0.007584,1845,0
1047,6,2,2,2,2,0.009486,0.340286,0.650227,0.009460,0.339615,0.650894,1845,0
1048,6,1,1,1,1,0.148929,0.710445,0.140626,0.148590,0.710236,0.141144,1845,0
1049,6,2,2,2,2,0.003856,0.162742,0.833402,0.003815,0.162094,0.834076,1845,0
1050,6,1,1,1,1,0.479389,0.501246,0.019365,0.478836,0.501724,0.019424,1845,0
1051,6,0,0,0,0,0.589627,0.391314,0.019059,0.587341,0.393417,0.019226,1845,0
1052,6,2,2,2,2,0.001127,0.080466,0.918406,0.001114,0.080307,0.918564,1845,0
1053,6,0,0,0,0,0.759000,0.224578,0.016422,0.758438,0.225021,0.016525,1845,0
1054,6,1,1,1,1,0.052313,0.598256,0.349431,0.052063,0.597153,0.350769,1845,0
1055,6,1,0,0,0,0.500347,0.476759,0.022894,0.644806,0.341721,0.013443,1845,0
1056,6,0,0,0,0,0.772737,0.220340,0.006923,0.771683,0.221329,0.006973,1845,0
1057,6,1,1,1,1,0.153050,0.753232,0.093718,0.152756,0.753204,0.094009,1845,0
1058,6,2,1,1,1,0.089843,0.714512,0.195646,0.089554,0.714142,0.196274,1845,0
1059,6,1,1,1,1,0.189057,0.729381,0.081563,0.188644,0.729507,0.081818,1845,0
1060,6,1,1,1,1,0.228873,0.712538,0.058589,0.422256,0.546860,0.030853,1845,0
1061,6,0,0,0,0,0.847169,0.147720,0.005110,0.803833,0.188950,0.007202,1845,0
1062,6,2,2,2,2,0.024249,0.482949,0.492802,0.024048,0.482025,0.493912,1845,0
1063,6,1,2,2,2,0.005793,0.290070,0.704137,0.005768,0.289536,0.704666,1845,0
1064,6,2,2,2,2,0.030137,0.412116,0.557747,0.029984,0.411057,0.558945,1845,0
1065,6,1,1,1,1,0.120303,0.759435,0.120262,0.120102,0.759201,0.120667,1845,0
1066,6,0,0,0,0,0.937584,0.061393,0.001023,0.937302,0.061661,0.001022,1845,0
1067,6,2,2,2,2,0.000672,0.056746,0.942581,0.000656,0.056564,0.942749,1845,0
1068,6,0,1,1,1,0.241712,0.672686,0.085602,0.240662,0.673370,0.085953,1845,0
1069,6,1,1,1,1,0.018461,0.608545,0.372994,0.018387,0.607925,0.373657,1845,0
1070,6,1,1,1,1,0.337396,0.615670,0.046934,0.335754,0.617020,0.047211,1845,0
1071,6,0,0,0,0,0.820677,0.174742,0.004581,0.806793,0.188110,0.005081,1845,0
1072,6,1,1,1,1,0.089795,0.770639,0.139566,0.089569,0.770477,0.139938,1845,0
1073,6,2,2,2,2,0.001207,0.080716,0.918077,0.001190,0.080444,0.918335,1845,0
1074,6,1,1,1,1,0.146010,0.760538,0.093452,0.145462,0.760773,0.093750,1845,0
1075,6,1,1,1,1,0.381599,0.581470,0.036931,0.379822,0.583008,0.037155,1845,0
1076,6,1,1,1,1,0.072449,0.683782,0.243769,0.072113,0.682953,0.244904,1845,0
1077,6,0,0,0,0,0.577494,0.403529,0.018977,0.575882,0.404999,0.019089,1845,0
1078,6,2,2,2,2,0.002756,0.129754,0.867490,0.002731,0.129349,0.867889,1845,0
1079,6,1,1,1,1,0.051435,0.668153,0.280412,0.051193,0.667282,0.281509,1845,0
1080,6,2,2,2,2,0.001488,0.113396,0.885117,0.001465,0.112885,0.885620,1845,0
1081,6,1,0,0,0,0.711730,0.278754,0.009516,0.710068,0.280319,0.009583,1845,0
1082,6,0,0,0,0,0.691993,0.297504,0.010503,0.690216,0.299164,0.010590,1845,0
1083,6,2,2,2,2,0.000824,0.055402,0.943773,0.000809,0.055344,0.943817,1845,0
1084,6,0,0,0,0,0.650536,0.335898,0.013565,0.648880,0.337433,0.013672,1845,0
1085,6,1,1,1,1,0.027979,0.580649,0.391372,0.027924,0.579758,0.392303,1845,0
1086,6,1,1,1,1,0.076733,0.541372,0.381895,0.076584,0.540619,0.382782,1845,0
1087,6,0,1,1,1,0.441583,0.521895,0.036522,0.439499,0.523712,0.036758,1845,0
1088,6,1,1,1,1,0.175206,0.751604,0.073190,0.174515,0.752045,0.073425,1845,0
1089,6,2,1,1,1,0.028897,0.519328,0.451775,0.028763,0.518265,0.452957,1845,0
1090,6,1,2,2,2,0.011427,0.468102,0.520471,0.011398,0.467545,0.521027,1845,0
1091,6,1,1,1,1,0.083227,0.736172,0.180601,0.083191,0.735718,0.181076,1845,0
1092,6,1,1,1,1,0.039756,0.605698,0.354546,0.039536,0.604584,0.355850,1845,0
1093,6,0,0,0,0,0.837125,0.157752,0.005123,0.836334,0.158508,0.005142,1845,0
1094,6,1,2,2,2,0.002320,0.181473,0.816208,0.002304,0.180984,0.816681,1845,0
1095,6,2,2,2,2,0.005569,0.203846,0.790585,0.005539,0.203339,0.791092,1845,0
1096,6,1,1,1,1,0.385281,0.580415,0.034304,0.384171,0.581345,0.034454,1845,0
1097,6,0,0,0,0,0.613741,0.371976,0.014283,0.611984,0.373627,0.014374,1845,0
1098,6,2,2,2,2,0.000558,0.049012,0.950430,0.000732,0.065750,0.933487,1845,0
1099,6,0,0,0,0,0.574779,0.398551,0.026670,0.573380,0.399719,0.026871,1845,0
1100,6,1,1,1,1,0.165116,0.709051,0.125832,0.164001,0.709610,0.126373,1845,0
1101,6,1,1,1,1,0.193561,0.711533,0.094906,0.193192,0.711502,0.095291,1845,0
1102,6,0,0,0,0,0.940363,0.058741,0.000896,0.940109,0.058990,0.000885,1845,0
1103,6,1,1,1,1,0.190762,0.736305,0.072933,0.265778,0.676407,0.057785,1845,0
1104,6,2,1,1,1,0.176386,0.671148,0.152467,0.175064,0.671509,0.153412,1845,0
1105,6,1,2,1,1,0.029982,0.484211,0.485807,0.027084,0.518005,0.454880,1845,0
1106,7,1,1,1,1,0.246258,0.498403,0.255339,0.245483,0.498322,0.256165,1845,0
1107,7,1,1,1,1,0.316104,0.605818,0.078078,0.315765,0.605972,0.078247,1845,0
1108,7,0,1,1,1,0.194559,0.671668,0.133773,0.194229,0.671722,0.134033,1845,0
1109,7,2,2,2,2,0.005283,0.165353,0.829364,0.005264,0.165375,0.829330,1845,0
1110,7,1,1,1,1,0.144831,0.715846,0.139323,0.144760,0.715744,0.139465,1845,0
1111,7,2,2,2,2,0.014078,0.240617,0.745305,0.014084,0.240631,0.745270,1845,0
1112,7,1,1,1,1,0.109732,0.754054,0.136214,0.109512,0.753983,0.136475,1845,0
1113,7,0,0,0,0,0.790745,0.201766,0.007488,0.789856,0.202606,0.007523,1845,0
1114,7,2,2,2,2,0.012482,0.311208,0.676310,0.012436,0.311020,0.676514,1845,0
1115,7,0,0,0,0,0.818629,0.175602,0.005770,0.817688,0.176483,0.005798,1845,0
1116,7,1,1,1,1,0.114624,0.686228,0.199148,0.109009,0.677048,0.213928,1845,0
1117,7,1,1,1,1,0.105182,0.759043,0.135774,0.104874,0.759094,0.136017,1845,0
1118,7,0,0,0,0,0.918052,0.080346,0.001602,0.917664,0.080719,0.001602,1845,0
1119,7,1,1,1,1,0.062271,0.603781,0.333948,0.062103,0.603455,0.334427,1845,0
1120,7,2,2,2,2,0.046260,0.438717,0.515023,0.046143,0.438431,0.515411,1845,0
1121,7,1,1,1,1,0.052918,0.567510,0.379572,0.052841,0.567200,0.379929,1845,0
1122,7,1,1,1,1,0.466565,0.493567,0.039868,0.465164,0.494720,0.040085,1845,0
1123,7,1,2,2,2,0.021056,0.373719,0.605226,0.021011,0.373596,0.605362,1845,0
1124,7,0,1,1,1,0.324635,0.611062,0.064303,0.323746,0.611725,0.064514,1845,0
1125,7,2,2,2,2,0.001928,0.090042,0.908030,0.001923,0.090042,0.908020,1845,0
1126,7,1,1,1,1,0.092723,0.778797,0.128480,0.092651,0.778763,0.128555,1845,0
1127,7,2,1,1,1,0.112215,0.678920,0.208865,0.112045,0.678757,0.209167,1845,0
1128,7,1,1,1,1,0.064848,0.764470,0.170682,0.064743,0.764450,0.170792,1845,0
1129,7,0,1,1,1,0.256947,0.687795,0.055258,0.268738,0.679794,0.051453,1845,0
1130,7,0,0,0,0,0.788110,0.205624,0.006266,0.787094,0.206589,0.006287,1845,0
1131,7,1,1,1,1,0.114591,0.730711,0.154698,0.114487,0.730637,0.154846,1845,0
1132,7,1,1,1,1,0.107261,0.750621,0.142118,0.106842,0.750656,0.142471,1845,0
1133,7,0,1,1,1,0.275285,0.632446,0.092269,0.236710,0.656067,0.107208,1845,0
1134,7,1,1,1,1,0.243402,0.681132,0.075465,0.251938,0.674606,0.073441,1845,0
1135,7,2,1,1,1,0.075534,0.644875,0.279591,0.075302,0.644684,0.279999,1845,0
1136,7,1,1,1,1,0.148720,0.721237,0.130043,0.148102,0.721451,0.130417,1845,0
1137,7,1,1,1,1,0.025741,0.618414,0.355846,0.025635,0.618088,0.356247,1845,0
1138,7,0,1,1,1,0.424775,0.538479,0.036746,0.423798,0.539276,0.036896,1845,0
1139,7,2,2,2,2,0.000677,0.059317,0.940006,0.000687,0.060516,0.938766,1845,0
1140,7,1,2,2,2,0.013779,0.475269,0.510952,0.013733,0.475113,0.511139,1845,0
1141,7,2,1,1,1,0.046972,0.532099,0.420930,0.046677,0.531738,0.421570,1845,0
1142,7,1,1,1,1,0.236626,0.671441,0.091932,0.235687,0.672073,0.092224,1845,0
1143,7,0,1,1,1,0.269145,0.669686,0.061169,0.268539,0.670135,0.061310,1845,0
1144,7,2,1,1,1,0.064480,0.568656,0.366864,0.064255,0.568253,0.367462,1845,0
1145,7,0,0,0,0,0.491981,0.476661,0.031359,0.490463,0.478012,0.031509,1845,0
1146,7,1,1,1,1,0.276954,0.645326,0.077720,0.275894,0.646072,0.078018,1845,0
1147,7,1,0,0,0,0.504936,0.470413,0.024651,0.503448,0.471771,0.024765,1845,0
1148,7,0,0,0,0,0.677180,0.310841,0.011979,0.675629,0.312302,0.012054,1845,0
1149,7,1,1,1,1,0.200023,0.668044,0.131933,0.198914,0.668640,0.132431,1845,0
1150,7,2,2,2,2,0.004832,0.228978,0.766190,0.004822,0.228897,0.766266,1845,0
1151,7,1,1,1,1,0.207570,0.668701,0.123729,0.206757,0.669128,0.124100,1845,0
1152,7,1,1,1,1,0.119272,0.738416,0.142312,0.118896,0.738449,0.142639,1845,0
1153,7,1,1,1,1,0.118038,0.629205,0.252757,0.117859,0.629028,0.253082,1845,0
1154,7,2,2,2,2,0.013593,0.381025,0.605382,0.013535,0.380722,0.605728,1845,0
1155,7,1,1,1,1,0.134398,0.721450,0.144152,0.133911,0.721512,0.144547,1845,0
1156,7,2,2,2,2,0.004081,0.209836,0.786083,0.004059,0.209732,0.786179,1845,0
1157,7,1,1,1,1,0.116028,0.726332,0.157641,0.115479,0.726517,0.157990,1845,0
1158,7,0,0,0,0,0.711631,0.279435,0.008934,0.710220,0.280762,0.008987,1845,0
1159,7,2,2,2,2,0.026607,0.443471,0.529922,0.026505,0.443024,0.530441,1845,0
1160,7,0,0,0,0,0.709164,0.279427,0.011410,0.707886,0.280609,0.011475,1845,0
1161,7,1,1,1,1,0.189152,0.716380,0.094468,0.188736,0.716629,0.094620,1845,0
1162,7,1,1,1,1,0.192667,0.746722,0.060611,0.210922,0.731430,0.057617,1845,0
1163,7,0,0,0,0,0.601851,0.379830,0.018318,0.600525,0.381042,0.018402,1845,0
1164,7,1,1,1,1,0.186348,0.723119,0.090533,0.185913,0.723343,0.090714,1845,0
1165,7,2,2,2,2,0.005882,0.246164,0.747954,0.005844,0.245758,0.748367,1845,0
1166,7,1,1,1,1,0.131418,0.755537,0.113045,0.131149,0.755600,0.113235,1845,0
1167,7,1,1,1,1,0.204967,0.593764,0.201269,0.204849,0.593719,0.201416,1845,0
1168,7,1,1,1,1,0.155372,0.752145,0.092483,0.154694,0.752548,0.092728,1845,0
1169,7,0,0,0,0,0.555427,0.422557,0.022016,0.554077,0.423798,0.022110,1845,0
1170,7,2,2,2,2,0.001880,0.125205,0.872915,0.001877,0.125183,0.872925,1845,0
1171,7,1,1,1,1,0.094115,0.764726,0.141159,0.093857,0.764755,0.141357,1845,0
1172,7,2,2,2,2,0.003134,0.157012,0.839854,0.003113,0.156952,0.839905,1845,0
1173,7,1,1,1,1,0.153900,0.728103,0.117997,0.153320,0.728363,0.118301,1845,0
1174,7,0,1,1,1,0.224820,0.601358,0.173822,0.224564,0.601303,0.174103,1845,0
1175,7,2,2,2,2,0.009196,0.252601,0.738203,0.009186,0.252625,0.738159,1845,0
1176,7,0,0,0,0,0.710359,0.277884,0.011757,0.709137,0.279007,0.011826,1845,0
1177,7,1,0,0,0,0.515180,0.455386,0.029434,0.513748,0.456665,0.029572,1845,0
1178,7,1,1,1,1,0.229161,0.657473,0.113365,0.228470,0.657730,0.113770,1845,0
1179,7,0,0,0,0,0.601372,0.381495,0.017133,0.599991,0.382782,0.017212,1845,0
1180,7,1,1,1,1,0.243699,0.575900,0.180401,0.243729,0.575790,0.180450,1845,0
1181,7,2,2,2,2,0.007586,0.335634,0.656780,0.007568,0.335449,0.656967,1845,0
1182,7,1,1,1,1,0.158738,0.739769,0.101493,0.158218,0.740067,0.101700,1845,0
1183,7,1,1,1,1,0.476521,0.488803,0.034676,0.475403,0.489777,0.034805,1845,0
1184,7,1,1,1,1,0.085767,0.782537,0.131696,0.085480,0.782562,0.131927,1845,0
1185,7,0,0,0,0,0.869412,0.128035,0.002553,0.868576,0.128845,0.002563,1845,0
1186,7,2,2,2,2,0.014150,0.361485,0.624365,0.014236,0.363678,0.622070,1845,0
1187,7,1,1,1,1,0.211055,0.676942,0.112003,0.210175,0.677444,0.112366,1845,0
1188,7,2,2,2,2,0.026324,0.290731,0.682944,0.026291,0.290680,0.682999,1845,0
1189,7,1,1,1,1,0.037932,0.702270,0.259798,0.037857,0.702057,0.260071,1845,0
1190,7,0,1,1,1,0.080375,0.750383,0.169243,0.080154,0.750351,0.169464,1845,0
1191,7,2,2,2,2,0.010394,0.411740,0.577866,0.010361,0.411530,0.578079,1845,0
1192,7,0,1,1,1,0.268795,0.668466,0.062740,0.268341,0.668777,0.062866,1845,0
1193,7,1,1,1,1,0.166305,0.700157,0.133538,0.165558,0.700562,0.133865,1845,0
1194,7,1,1,1,1,0.154554,0.707948,0.137498,0.154251,0.707947,0.137772,1845,0
1195,7,0,0,0,0,0.863582,0.133337,0.003081,0.862778,0.134109,0.003098,1845,0
1196,7,1,1,1,1,0.121928,0.763729,0.114342,0.121567,0.763855,0.114548,1845,0
1197,7,2,1,1,1,0.071267,0.589565,0.339168,0.071045,0.589142,0.339798,1845,0
1198,7,1,1,1,1,0.099827,0.770192,0.129981,0.109024,0.765442,0.125504,1845,0
1199,7,1,1,1,1,0.454145,0.508317,0.037537,0.442261,0.518875,0.038849,1845,0
1200,7,1,1,1,1,0.180597,0.692885,0.126518,0.180069,0.693024,0.126892,1845,0
1201,7,0,1,1,1,0.158685,0.731833,0.109482,0.158417,0.731949,0.109604,1845,0
1202,7,2,1,1,1,0.048183,0.659579,0.292238,0.047974,0.659225,0.292786,1845,0
1203,7,1,1,1,1,0.085961,0.763862,0.150178,0.085617,0.763885,0.150467,1845,0
1204,7,2,2,2,2,0.007129,0.285359,0.707512,0.007080,0.285004,0.707901,1845,0
1205,7,1,2,2,2,0.010918,0.240588,0.748494,0.010910,0.240540,0.748520,1845,0
1206,7,0,2,2,2,0.089675,0.401280,0.509045,0.089523,0.401245,0.509201,1845,0
1207,7,2,2,2,2,0.012884,0.414184,0.572932,0.012863,0.414078,0.573044,1845,0
1208,7,0,1,1,1,0.288636,0.642901,0.068463,0.287903,0.643433,0.068634,1845,0
1209,7,1,1,1,1,0.045378,0.605920,0.348702,0.045181,0.605545,0.349258,1845,0
1210,7,1,1,1,1,0.332104,0.624133,0.043763,0.330872,0.625183,0.043915,1845,0
1211,7,0,0,0,0,0.853462,0.142759,0.003779,0.852798,0.143387,0.003799,1845,0
1212,7,1,1,1,1,0.103913,0.771453,0.124634,0.103729,0.771454,0.124786,1845,0
1213,7,2,2,2,2,0.003220,0.189141,0.807639,0.003204,0.188980,0.807800,1845,0
1214,7,1,1,1,1,0.032965,0.653305,0.313730,0.032928,0.653076,0.313965,1845,0
1215,7,1,1,1,1,0.416901,0.542878,0.040221,0.415558,0.544052,0.040375,1845,0
1216,7,1,1,1,1,0.189192,0.726486,0.084322,0.188599,0.726868,0.084503,1845,0
1217,7,0,0,0,0,0.507046,0.462377,0.030578,0.505600,0.463638,0.030731,1845,0
1218,7,2,2,2,2,0.028441,0.304523,0.667036,0.028381,0.304291,0.667297,1845,0
1219,7,1,1,1,1,0.487281,0.488193,0.024526,0.485687,0.489639,0.024658,1845,0
1220,7,2,1,1,1,0.383746,0.473369,0.142885,0.382492,0.474045,0.143433,1845,0
1221,7,1,0,0,0,0.593674,0.387545,0.018782,0.592163,0.388931,0.018875,1845,0
1222,7,0,0,0,0,0.494197,0.473169,0.032634,0.492584,0.474594,0.032806,1845,0
1223,7,2,2,2,2,0.021279,0.461259,0.517462,0.021210,0.461090,0.517670,1845,0
1224,7,0,0,0,0,0.746612,0.244797,0.008591,0.745392,0.245941,0.008636,1845,0
1225,7,1,1,1,1,0.014651,0.524249,0.461100,0.014618,0.523819,0.461548,1845,0
1226,7,1,1,1,1,0.058019,0.693078,0.248903,0.057968,0.692871,0.249146,1845,0
1227,7,0,1,1,1,0.343285,0.590923,0.065792,0.350006,0.585068,0.064911,1845,0
1228,7,1,1,1,1,0.206898,0.705292,0.087810,0.206268,0.705688,0.088028,1845,0
1229,7,2,2,2,2,0.018778,0.468668,0.512555,0.018707,0.468399,0.512878,1845,0
1230,7,1,1,1,1,0.308156,0.626505,0.065339,0.306961,0.627380,0.065628,1845,0
1231,7,1,1,1,1,0.043992,0.682951,0.273056,0.043823,0.682617,0.273529,1845,0
1232,7,1,1,1,1,0.072254,0.731338,0.196408,0.072113,0.731201,0.196655,1845,0
1233,7,0,0,0,0,0.661926,0.323918,0.014156,0.660721,0.325027,0.014221,1845,0
1234,7,2,2,2,2,0.005183,0.306740,0.688076,0.005157,0.306534,0.688293,1845,0
1235,7,1,1,1,1,0.137815,0.732776,0.129409,0.137573,0.732788,0.129623,1845,0
1236,7,2,2,2,2,0.020473,0.387744,0.591783,0.020432,0.387680,0.591858,1845,0
1237,7,1,1,1,1,0.364519,0.594051,0.041430,0.363464,0.594940,0.041565,1845,0
1238,7,0,1,1,1,0.456065,0.510400,0.033535,0.454895,0.511414,0.033661,1845,0
1239,7,2,2,2,2,0.008633,0.281305,0.710062,0.008621,0.281281,0.710083,1845,0
1240,7,0,1,1,1,0.311909,0.634446,0.053646,0.311584,0.634674,0.053711,1845,0
1241,7,1,1,1,1,0.187249,0.723270,0.089480,0.192307,0.723801,0.083862,1845,0
1242,7,1,1,1,1,0.460090,0.506739,0.033171,0.459335,0.507385,0.033264,1845,0
1243,7,0,0,0,0,0.798743,0.196937,0.004321,0.797699,0.197937,0.004333,1845,0
1244,7,1,1,1,1,0.396292,0.532453,0.071255,0.394821,0.533600,0.071564,1845,0
1245,7,2,2,2,2,0.010549,0.380491,0.608961,0.010513,0.380295,0.609161,1845,0
1246,7,1,1,1,1,0.081574,0.654497,0.263930,0.081268,0.654236,0.264481,1845,0
1247,7,1,1,1,1,0.380412,0.580639,0.038949,0.379211,0.581665,0.039108,1845,0
1248,7,1,1,1,1,0.112977,0.655584,0.231439,0.112534,0.655411,0.232025,1845,0
1249,7,0,0,0,0,0.502084,0.462377,0.035540,0.501434,0.462936,0.035614,1845,0
1250,7,2,1,1,1,0.069691,0.618434,0.311874,0.069336,0.618179,0.312454,1845,0
1251,7,1,1,1,1,0.053902,0.519519,0.426579,0.053879,0.519333,0.426758,1845,0
1252,7,2,2,2,2,0.004026,0.249360,0.746614,0.004013,0.249237,0.746719,1845,0
1253,7,1,1,1,1,0.279341,0.654809,0.065850,0.278549,0.655380,0.066055,1845,0
1254,7,0,1,1,1,0.184002,0.500003,0.315995,0.184006,0.499084,0.316895,1845,0
1255,7,2,1,1,1,0.042347,0.628368,0.329285,0.042313,0.628128,0.329529,1845,0
1256,7,0,0,0,0,0.514215,0.456707,0.029077,0.512619,0.458145,0.029205,1845,0
1257,7,1,1,1,1,0.189506,0.708172,0.102322,0.188873,0.708466,0.102631,1845,0
1258,7,1,1,1,1,0.189331,0.712363,0.098307,0.188629,0.712814,0.098541,1845,0
1259,7,0,1,1,1,0.306963,0.642071,0.050966,0.306076,0.642746,0.051147,1845,0
1260,7,1,1,1,1,0.308235,0.648684,0.043081,0.307373,0.649399,0.043213,1845,0
1261,7,2,2,2,2,0.003012,0.196378,0.800611,0.002991,0.196167,0.800812,1845,0
1262,7,1,1,1,1,0.128839,0.710129,0.161033,0.128693,0.710037,0.161240,1845,0
1263,8,1,1,1,1,0.400493,0.541232,0.058276,0.400452,0.541214,0.058319,1845,0
1264,8,1,1,1,1,0.067740,0.673340,0.258920,0.067749,0.673080,0.259155,1845,0
1265,8,0,0,0,0,0.900694,0.097230,0.002077,0.900589,0.097321,0.002060,1845,0
1266,8,2,2,2,2,0.000991,0.075749,0.923260,0.000977,0.075745,0.923248,1845,0
1267,8,1,1,1,1,0.092548,0.741799,0.165652,0.092560,0.741608,0.165802,1845,0
1268,8,2,2,2,2,0.000924,0.122550,0.876527,0.000916,0.122513,0.876556,1845,0
1269,8,1,1,1,1,0.271069,0.682091,0.046840,0.271088,0.682037,0.046860,1845,0
1270,8,0,0,0,0,0.744720,0.243406,0.011874,0.744583,0.243530,0.011871,1845,0
1271,8,2,2,2,2,0.000528,0.039541,0.959931,0.000519,0.039398,0.960052,1845,0
1272,8,0,0,0,0,0.772666,0.216778,0.010556,0.772583,0.216843,0.010559,1845,0
1273,8,1,1,1,1,0.041022,0.669659,0.289319,0.041016,0.669403,0.289566,1845,0
1274,8,1,1,1,1,0.104543,0.771715,0.123742,0.104538,0.771637,0.123810,1845,0
1275,8,0,1,1,1,0.306722,0.628786,0.064493,0.306641,0.628845,0.064499,1845,0
1276,8,1,1,1,1,0.137328,0.727064,0.135608,0.137314,0.726929,0.135742,1845,0
1277,8,2,2,2,2,0.001080,0.064256,0.934664,0.001068,0.064255,0.934647,1845,0
1278,8,1,1,1,1,0.128587,0.717501,0.153913,0.128616,0.717361,0.153992,1845,0
1279,8,1,1,1,1,0.163724,0.756008,0.080268,0.163803,0.755859,0.080307,1845,0
1280,8,1,2,2,2,0.024541,0.434177,0.541282,0.024521,0.434128,0.541321,1845,0
1281,8,0,0,0,0,0.835049,0.160696,0.004255,0.834808,0.160919,0.004257,1845,0
1282,8,2,2,2,2,0.001394,0.080135,0.918471,0.001373,0.080078,0.918518,1845,0
1283,8,1,1,1,1,0.184998,0.682810,0.132191,0.184891,0.682831,0.132248,1845,0
1284,8,2,2,2,2,0.005628,0.311261,0.683111,0.005615,0.311142,0.683228,1845,0
1285,8,1,1,1,1,0.429083,0.540849,0.030068,0.429230,0.540680,0.030075,1845,0
1286,8,0,0,0,0,0.917665,0.080757,0.001578,0.917633,0.080765,0.001572,1845,0
1287,8,2,2,2,2,0.000838,0.056162,0.943000,0.000900,0.062225,0.936859,1845,0
1288,8,0,0,0,0,0.873038,0.124973,0.001989,0.872910,0.125092,0.001984,1845,0
1289,8,1,1,1,1,0.050550,0.682139,0.267311,0.050583,0.681976,0.267426,1845,0
1290,8,1,1,1,1,0.180883,0.735319,0.083798,0.170242,0.743118,0.086624,1845,0
1291,8,0,0,0,0,0.699402,0.290994,0.009604,0.699173,0.291183,0.009613,1845,0
1292,8,1,1,1,1,0.115781,0.787935,0.096284,0.115768,0.787903,0.096298,1845,0
1293,8,2,2,2,2,0.002548,0.116783,0.880669,0.002533,0.116745,0.880692,1845,0
1294,8,1,1,1,1,0.031023,0.529305,0.439672,0.031021,0.528961,0.440002,1845,0
1295,8,1,1,1,1,0.312249,0.636871,0.050879,0.312225,0.636841,0.050919,1845,0
1296,8,1,2,2,2,0.011177,0.324657,0.664166,0.011169,0.324554,0.664246,1845,0
1297,8,0,1,1,1,0.273789,0.661666,0.064545,0.250305,0.681198,0.068466,1845,0
1298,8,2,2,2,2,0.000566,0.050670,0.948763,0.000565,0.050674,0.948746,1845,0
1299,8,1,2,2,2,0.011094,0.348231,0.640676,0.011078,0.348175,0.640732,1845,0
1300,8,2,2,2,2,0.009459,0.306325,0.684216,0.009445,0.306213,0.684326,1845,0
1301,8,1,1,1,1,0.169915,0.745148,0.084937,0.169983,0.745010,0.084991,1845,0
1302,8,0,0,0,0,0.639173,0.346018,0.014809,0.639069,0.346100,0.014816,1845,0
1303,8,2,2,2,2,0.001039,0.065700,0.933261,0.001022,0.065704,0.933258,1845,0
1304,8,0,0,0,0,0.830726,0.164946,0.004328,0.830597,0.165070,0.004318,1845,0
1305,8,1,2,2,2,0.026232,0.426375,0.547392,0.026230,0.426376,0.547363,1845,0
1306,8,1,1,1,1,0.212402,0.716452,0.071146,0.198257,0.728226,0.073486,1845,0
1307,8,0,0,0,0,0.487694,0.482190,0.030116,0.487381,0.482468,0.030121,1845,0
1308,8,1,1,1,1,0.061029,0.626157,0.312814,0.060989,0.625992,0.312988,1845,0
1309,8,2,2,2,2,0.000431,0.038303,0.961266,0.000412,0.038284,0.961273,1845,0
1310,8,1,1,1,1,0.039598,0.586122,0.374280,0.039597,0.585861,0.374512,1845,0
1311,8,1,1,1,1,0.125439,0.715838,0.158723,0.125488,0.715683,0.158813,1845,0
1312,8,1,1,1,1,0.033204,0.597587,0.369209,0.033188,0.597214,0.369568,1845,0
1313,8,0,0,0,0,0.829029,0.166509,0.004462,0.828888,0.166626,0.004456,1845,0
1314,8,2,2,2,2,0.009614,0.257973,0.732413,0.009293,0.256317,0.734360,1845,0
1315,8,1,0,0,0,0.529794,0.437522,0.032683,0.529495,0.437775,0.032700,1845,0
1316,8,2,2,2,2,0.001858,0.099096,0.899046,0.001846,0.099075,0.899063,1845,0
1317,8,1,1,1,1,0.075181,0.780113,0.144706,0.075165,0.779953,0.144852,1845,0
1318,8,0,0,0,0,0.679804,0.307317,0.012879,0.679520,0.307571,0.012878,1845,0
1319,8,2,2,2,2,0.000926,0.052146,0.946928,0.000916,0.052139,0.946915,1845,0
1320,8,0,1,1,1,0.462722,0.500444,0.036834,0.462662,0.500458,0.036865,1845,0
1321,8,1,1,1,1,0.083886,0.765706,0.150408,0.083908,0.765564,0.150497,1845,0
1322,8,1,0,0,0,0.539086,0.431634,0.029280,0.538834,0.431839,0.029297,1845,0
1323,8,0,1,1,1,0.454932,0.492892,0.052176,0.454971,0.492798,0.052216,1845,0
1324,8,1,1,1,1,0.059156,0.725535,0.215308,0.059143,0.725342,0.215485,1845,0
1325,8,2,2,2,2,0.002272,0.138749,0.858979,0.002258,0.138687,0.859039,1845,0
1326,8,1,2,2,2,0.014048,0.425614,0.560337,0.014038,0.425491,0.560455,1845,0
1327,8,1,0,0,0,0.786669,0.205786,0.007545,0.786423,0.206009,0.007553,1845,0
1328,8,1,2,2,2,0.009624,0.223915,0.766461,0.009613,0.223892,0.766479,1845,0
1329,8,0,0,0,0,0.867853,0.128540,0.003607,0.867813,0.128555,0.003601,1845,0
1330,8,2,2,2,2,0.000987,0.052795,0.946218,0.000977,0.052765,0.946228,1845,0
1331,8,1,1,1,1,0.245964,0.567016,0.187019,0.245895,0.566910,0.187180,1845,0
1332,8,2,2,2,2,0.000433,0.036994,0.962572,0.000427,0.036987,0.962555,1845,0
1333,8,1,1,1,1,0.331976,0.625930,0.042094,0.331940,0.625916,0.042130,1845,0
1334,8,0,0,0,0,0.794731,0.200801,0.004468,0.794693,0.200836,0.004456,1845,0
1335,8,2,2,2,2,0.000570,0.044853,0.954578,0.000565,0.044861,0.954559,1845,0
1336,8,0,0,0,0,0.896089,0.101936,0.001975,0.896011,0.102005,0.001968,1845,0
1337,8,1,1,1,1,0.073438,0.561069,0.365493,0.073380,0.560760,0.365829,1845,0
1338,8,1,1,1,1,0.129798,0.781719,0.088482,0.129822,0.781647,0.088501,1845,0
1339,8,0,0,0,0,0.607406,0.367450,0.025144,0.607132,0.367661,0.025192,1845,0
1340,8,1,0,0,0,0.518894,0.456737,0.024369,0.518631,0.456970,0.024368,1845,0
1341,8,2,2,2,2,0.002300,0.127828,0.869872,0.002289,0.127823,0.869873,1845,0
1342,8,1,1,1,1,0.325644,0.622416,0.051940,0.325623,0.622391,0.051956,1845,0
1343,8,1,0,0,0,0.768452,0.223807,0.007741,0.768158,0.224075,0.007736,1845,0
1344,8,1,1,1,1,0.172232,0.580581,0.247188,0.172211,0.580414,0.247360,1845,0
1345,8,0,0,0,0,0.914790,0.083417,0.001793,0.928925,0.069641,0.001404,1845,0
1346,8,2,2,2,2,0.000438,0.054988,0.944574,0.000427,0.054977,0.944580,1845,0
1347,8,1,1,1,1,0.380818,0.559479,0.059703,0.380829,0.559387,0.059753,1845,0
1348,8,2,2,2,2,0.014554,0.353355,0.632091,0.014542,0.353210,0.632217,1845,0
1349,8,1,0,0,0,0.621855,0.362236,0.015909,0.601761,0.381058,0.017166,1845,0
1350,8,0,0,0,0,0.549362,0.425239,0.025399,0.549301,0.425293,0.025391,1845,0
1351,8,2,2,2,2,0.001556,0.082236,0.916208,0.001541,0.082245,0.916183,1845,0
1352,8,0,0,0,0,0.701844,0.289314,0.008842,0.701660,0.289474,0.008835,1845,0
1353,8,1,1,1,1,0.032216,0.562193,0.405591,0.032196,0.561829,0.405960,1845,0
1354,8,1,0,0,0,0.588106,0.389553,0.022341,0.587845,0.389786,0.022339,1845,0
1355,8,0,0,0,0,0.737759,0.254290,0.007951,0.737549,0.254471,0.007950,1845,0
1356,8,1,1,1,1,0.245690,0.706546,0.047764,0.245865,0.706360,0.047745,1845,0
1357,8,2,2,2,2,0.004218,0.188397,0.807385,0.004211,0.188370,0.807388,1845,0
1358,8,1,1,1,1,0.418213,0.542411,0.039376,0.418228,0.542374,0.039383,1845,0
1359,8,1,0,0,0,0.704753,0.283766,0.011481,0.704483,0.284012,0.011490,1845,0
1360,8,1,1,1,1,0.205267,0.718102,0.076631,0.205353,0.717926,0.076691,1845,0
1361,8,0,0,0,0,0.880800,0.117004,0.002196,0.880646,0.117142,0.002182,1845,0
1362,8,2,1,1,1,0.154622,0.716400,0.128978,0.154602,0.716324,0.129044,1845,0
1363,8,1,2,2,2,0.041011,0.465728,0.493261,0.041016,0.465683,0.493271,1845,0
1364,8,2,2,2,2,0.000962,0.086648,0.912390,0.000946,0.086639,0.912384,1845,0
1365,8,1,0,0,0,0.603399,0.382273,0.014327,0.603348,0.382309,0.014328,1845,0
1366,8,0,1,1,1,0.238209,0.701063,0.060728,0.238281,0.700958,0.060745,1845,0
1367,8,2,1,1,1,0.060102,0.488712,0.451187,0.060074,0.488556,0.451355,1845,0
1368,8,0,0,0,0,0.889288,0.108703,0.002009,0.889221,0.108765,0.001999,1845,0
1369,8,1,1,1,1,0.069147,0.692655,0.238197,0.069183,0.692505,0.238297,1845,0
1370,8,1,1,1,1,0.200656,0.735358,0.063986,0.200714,0.735245,0.064026,1845,0
1371,8,0,0,0,0,0.558786,0.419902,0.021312,0.519348,0.456360,0.024277,1845,0
1372,8,1,1,1,1,0.480588,0.492728,0.026684,0.480728,0.492584,0.026672,1845,0
1373,8,2,2,2,2,0.001526,0.082592,0.915882,0.001511,0.081436,0.917038,1845,0
1374,8,1,1,1,1,0.098582,0.634089,0.267329,0.098587,0.633820,0.267563,1845,0
1375,8,1,0,0,0,0.548347,0.434129,0.017524,0.547989,0.434448,0.017532,1845,0
1376,8,1,1,1,1,0.097334,0.747412,0.155253,0.097336,0.747253,0.155396,1845,0
1377,8,0,1,1,1,0.436425,0.530664,0.032911,0.436371,0.530670,0.032928,1845,0
1378,8,2,2,2,2,0.003590,0.178303,0.818108,0.003571,0.178268,0.818130,1845,0
1379,8,1,1,1,1,0.089324,0.748015,0.162661,0.089325,0.747818,0.162827,1845,0
1380,8,2,2,2,2,0.012259,0.292976,0.694765,0.012253,0.293060,0.694672,1845,0
1381,8,1,1,1,1,0.358806,0.609783,0.031411,0.358704,0.609848,0.031418,1845,0
1382,8,0,1,1,1,0.213894,0.686967,0.099139,0.213852,0.686951,0.099182,1845,0
1383,8,2,2,2,2,0.051408,0.466735,0.481857,0.051407,0.466751,0.481827,1845,0
1384,8,0,0,0,0,0.663365,0.324100,0.012535,0.663330,0.324112,0.012527,1845,0
1385,8,1,1,1,1,0.053660,0.640919,0.305421,0.053635,0.640640,0.305695,1845,0
1386,8,1,0,0,0,0.713354,0.275826,0.010820,0.713104,0.276047,0.010818,1845,0
1387,8,1,1,1,1,0.279830,0.671183,0.048987,0.279877,0.671097,0.048996,1845,0
1388,8,2,2,2,2,0.004409,0.113480,0.882111,0.004395,0.113434,0.882141,1845,0
1389,8,1,1,1,1,0.142344,0.725432,0.132225,0.142380,0.725250,0.132339,1845,0
1390,8,1,0,0,0,0.873697,0.123329,0.002974,0.873520,0.123505,0.002960,1845,0
1391,8,1,1,1,1,0.070744,0.522404,0.406852,0.069077,0.512711,0.418198,1845,0
1392,8,0,0,0,0,0.542538,0.437608,0.019854,0.542267,0.437836,0.019867,1845,0
1393,8,2,2,2,2,0.000487,0.045728,0.953785,0.000473,0.045746,0.953766,1845,0
1394,8,1,1,1,1,0.129864,0.740892,0.129244,0.129898,0.740814,0.129272,1845,0
1395,8,2,2,2,2,0.012298,0.338987,0.648715,0.012283,0.338806,0.648880,1845,0
1396,8,1,1,1,1,0.417631,0.553561,0.028808,0.417496,0.553650,0.028839,1845,0
1397,8,0,0,0,0,0.842607,0.153470,0.003923,0.842438,0.153625,0.003922,1845,0
1398,8,2,2,2,2,0.002662,0.146302,0.851037,0.002655,0.146317,0.851013,1845,0
1399,8,0,1,1,1,0.422063,0.548406,0.029531,0.422028,0.548416,0.029541,1845,0
1400,8,1,2,2,2,0.008054,0.197989,0.793957,0.008041,0.198059,0.793869,1845,0
1401,8,1,1,1,1,0.303033,0.643609,0.053358,0.303131,0.643478,0.053360,1845,0
1402,8,0,0,0,0,0.787592,0.206590,0.005818,0.787354,0.206802,0.005814,1845,0
1403,8,2,2,2,2,0.002084,0.178255,0.819662,0.002075,0.178238,0.819656,1845,0
1404,8,1,1,1,1,0.067528,0.575650,0.356822,0.067551,0.575546,0.356888,1845,0
1405,8,1,1,1,1,0.181174,0.732124,0.086702,0.181259,0.731995,0.086716,1845,0
1406,8,1,1,1,1,0.075461,0.717012,0.207527,0.075439,0.716843,0.207703,1845,0
1407,8,0,0,0,0,0.780616,0.213524,0.005861,0.780487,0.213638,0.005859,1845,0
1408,8,2,2,2,2,0.001203,0.083626,0.915171,0.001190,0.083618,0.915176,1845,0
1409,8,1,1,1,1,0.029873,0.594284,0.375843,0.029877,0.594131,0.375977,1845,0
1410,8,2,1,1,1,0.099132,0.596830,0.304038,0.099030,0.596695,0.304260,1845,0
1411,8,1,1,1,1,0.204099,0.727717,0.068183,0.211990,0.721329,0.066666,1845,0
1412,8,0,0,0,0,0.778147,0.214170,0.007683,0.777908,0.214386,0.007690,1845,0
1413,8,2,2,2,2,0.001575,0.122914,0.875511,0.001556,0.122864,0.875549,1845,0
1414,8,0,0,0,0,0.689267,0.298384,0.012349,0.688980,0.298630,0.012360,1845,0
1415,8,1,1,1,1,0.263774,0.659402,0.076824,0.263687,0.659378,0.076920,1845,0
1416,8,1,1,1,1,0.398541,0.574163,0.027296,0.398590,0.574081,0.027313,1845,0
1417,8,0,0,0,0,0.927498,0.070999,0.001503,0.927429,0.071060,0.001495,1845,0
1418,8,1,0,0,0,0.703026,0.282520,0.014453,0.702911,0.282623,0.014450,1845,0
1419,8,2,2,2,2,0.000547,0.052853,0.946600,0.000534,0.052826,0.946609,1845,0
1420,8,1,1,1,1,0.051976,0.572818,0.375207,0.051956,0.572647,0.375366,1845,0
1421,9,1,1,1,1,0.023498,0.557363,0.419138,0.023071,0.555969,0.420944,1845,0
1422,9,1,2,2,2,0.024822,0.478991,0.496187,0.024612,0.478271,0.497086,1845,0
1423,9,0,0,0,0,0.679120,0.303380,0.017500,0.674835,0.307327,0.017822,1845,0
1424,9,2,2,2,2,0.003327,0.232771,0.763901,0.003311,0.232483,0.764191,1845,0
1425,9,1,1,1,1,0.057787,0.628379,0.313833,0.057434,0.627792,0.314743,1845,0
1426,9,2,1,1,1,0.026306,0.492866,0.480828,0.026154,0.492188,0.481628,1845,0
1427,9,1,1,1,1,0.324892,0.607503,0.067605,0.320175,0.611130,0.068680,1845,0
1428,9,0,1,1,1,0.242227,0.667399,0.090374,0.241714,0.667679,0.090576,1845,0
1429,9,2,2,2,2,0.010307,0.299229,0.690464,0.010269,0.299133,0.690582,1845,0
1430,9,0,0,0,0,0.507920,0.465321,0.026759,0.503189,0.469620,0.027161,1845,0
1431,9,1,1,1,1,0.104585,0.716858,0.178557,0.103989,0.716888,0.179092,1845,0
1432,9,1,1,1,1,0.353583,0.588237,0.058181,0.296585,0.635132,0.068253,1845,0
1433,9,0,1,1,1,0.432112,0.530427,0.037461,0.429520,0.532684,0.037781,1845,0
1434,9,1,1,1,1,0.361450,0.578875,0.059675,0.356552,0.582840,0.060593,1845,0
1435,9,2,2,2,2,0.017117,0.272417,0.710466,0.017090,0.272293,0.710587,1845,0
1436,9,1,1,1,1,0.173820,0.613172,0.213008,0.172195,0.613083,0.214706,1845,0
1437,9,1,1,1,1,0.311489,0.645125,0.043385,0.308899,0.647354,0.043732,1845,0
1438,9,1,1,1,1,0.125467,0.687848,0.186685,0.124405,0.687805,0.187759,1845,0
1439,9,0,0,0,0,0.559775,0.415463,0.024762,0.554245,0.420502,0.025223,1845,0
1440,9,2,2,2,2,0.010796,0.196851,0.792354,0.010788,0.196869,0.792328,1845,0
1441,9,1,1,1,1,0.103383,0.756268,0.140348,0.102081,0.756607,0.141281,1845,0
1442,9,2,2,2,2,0.011917,0.241869,0.746215,0.011887,0.241791,0.746292,1845,0
1443,9,1,1,1,1,0.126738,0.712382,0.160880,0.125870,0.712540,0.161575,1845,0
1444,9,0,0,0,0,0.577782,0.394236,0.027982,0.574249,0.397354,0.028381,1845,0
1445,9,2,1,1,1,0.035553,0.548089,0.416358,0.041458,0.547409,0.411118,1845,0
1446,9,0,1,1,1,0.327498,0.619004,0.053499,0.303635,0.640198,0.056152,1845,0
1447,9,1,1,1,1,0.165984,0.708477,0.125539,0.164230,0.709183,0.126556,1845,0
1448,9,1,1,1,1,0.260334,0.673922,0.065745,0.256714,0.676743,0.066513,1845,0
1449,9,0,1,1,1,0.413806,0.555234,0.030960,0.408676,0.559860,0.031433,1845,0
1450,9,1,1,1,1,0.201435,0.729001,0.069564,0.199203,0.730682,0.070084,1845,0
1451,9,2,1,1,1,0.044082,0.573947,0.381971,0.043839,0.573517,0.382614,1845,0
1452,9,1,1,1,1,0.089800,0.693616,0.216584,0.089340,0.693344,0.217300,1845,0
1453,9,1,0,0,0,0.592951,0.384638,0.022411,0.587540,0.389587,0.022858,1845,0
1454,9,1,1,1,1,0.191470,0.710744,0.097786,0.189224,0.712173,0.098587,1845,0
1455,9,0,0,0,0,0.833034,0.162402,0.004563,0.830124,0.165192,0.004669,1845,0
1456,9,2,1,1,1,0.033353,0.517277,0.449370,0.033127,0.516586,0.450272,1845,0
1457,9,1,1,1,1,0.152229,0.701315,0.146456,0.151947,0.701141,0.146896,1845,0
1458,9,2,1,1,1,0.053814,0.651360,0.294825,0.053574,0.650955,0.295441,1845,0
1459,9,1,1,1,1,0.351375,0.604486,0.044140,0.348907,0.606598,0.044479,1845,0
1460,9,0,0,0,0,0.540958,0.438026,0.021017,0.538254,0.440521,0.021210,1845,0
1461,9,2,1,1,1,0.049927,0.663984,0.286089,0.047546,0.665390,0.287048,1845,0
1462,9,0,1,1,1,0.186113,0.560151,0.253736,0.184799,0.558197,0.256973,1845,0
1463,9,1,1,1,1,0.074470,0.694219,0.231311,0.072968,0.693848,0.233170,1845,0
1464,9,1,1,1,1,0.081453,0.786673,0.131874,0.080551,0.786942,0.132492,1845,0
1465,9,0,1,1,1,0.146256,0.570690,0.283054,0.143875,0.570480,0.285629,1845,0
1466,9,1,1,1,1,0.181917,0.704309,0.113774,0.179520,0.705551,0.114914,1845,0
1467,9,2,2,2,2,0.015058,0.337314,0.647628,0.014984,0.336975,0.648010,1845,0
1468,9,1,2,2,2,0.009833,0.472785,0.517382,0.009735,0.472183,0.518066,1845,0
1469,9,1,1,1,1,0.308304,0.645341,0.046355,0.304794,0.648331,0.046860,1845,0
1470,9,1,1,1,1,0.129106,0.642113,0.228780,0.128784,0.641922,0.229263,1845,0
1471,9,0,0,0,0,0.846991,0.149848,0.003161,0.844238,0.152496,0.003235,1845,0
1472,9,2,2,2,2,0.004649,0.232041,0.763309,0.004623,0.231812,0.763550,1845,0
1473,9,1,1,1,1,0.064954,0.746871,0.188175,0.064102,0.746780,0.189102,1845,0
1474,9,2,1,1,1,0.041693,0.480611,0.477696,0.041656,0.480453,0.477859,1845,0
1475,9,1,1,1,1,0.306837,0.624059,0.069104,0.303314,0.626663,0.069992,1845,0
1476,9,0,1,1,1,0.179618,0.728990,0.091392,0.177689,0.730270,0.092026,1845,0
1477,9,2,1,1,1,0.041648,0.597023,0.361329,0.041473,0.596527,0.361969,1845,0
1478,9,0,1,1,1,0.199617,0.711088,0.089295,0.197998,0.712173,0.089798,1845,0
1479,9,1,1,1,1,0.242674,0.647843,0.109483,0.240341,0.649216,0.110413,1845,0
1480,9,1,1,1,1,0.245921,0.695112,0.058967,0.242584,0.697861,0.059540,1845,0
1481,9,0,0,0,0,0.529960,0.413198,0.056842,0.527054,0.415588,0.057343,1845,0
1482,9,1,0,0,0,0.601701,0.381296,0.017003,0.599228,0.383591,0.017166,1845,0
1483,9,2,2,2,2,0.011855,0.452141,0.536004,0.011993,0.451630,0.536362,1845,0
1484,9,1,1,1,1,0.119847,0.726967,0.153186,0.118210,0.727310,0.154449,1845,0
1485,9,1,1,1,1,0.192794,0.691275,0.115931,0.192032,0.691650,0.116287,1845,0
1486,9,1,1,1,1,0.090490,0.682913,0.226597,0.089691,0.682602,0.227676,1845,0
1487,9,0,0,0,0,0.721049,0.270062,0.008889,0.675171,0.313568,0.011230,1845,0
1488,9,2,2,2,2,0.006768,0.308073,0.685159,0.006714,0.307632,0.685638,1845,0
1489,9,1,1,1,1,0.097492,0.745849,0.156659,0.096207,0.746078,0.157684,1845,0
1490,9,2,1,1,1,0.029570,0.610391,0.360039,0.029327,0.609634,0.361023,1845,0
1491,9,1,1,1,1,0.087625,0.754386,0.157989,0.087051,0.754349,0.158569,1845,0
1492,9,0,1,1,1,0.270796,0.643071,0.086132,0.266586,0.646194,0.087189,1845,0
1493,9,2,2,2,2,0.000567,0.055054,0.944379,0.000549,0.055038,0.944382,1845,0
1494,9,0,1,1,1,0.310720,0.614149,0.075132,0.306549,0.617264,0.076157,1845,0
1495,9,1,1,1,1,0.353300,0.608171,0.038529,0.349396,0.611557,0.039017,1845,0
1496,9,1,1,1,1,0.122198,0.750162,0.127640,0.120651,0.750916,0.128403,1845,0
1497,9,0,1,1,1,0.450222,0.520975,0.028803,0.425949,0.542740,0.031296,1845,0
1498,9,1,1,1,1,0.100640,0.707028,0.192333,0.098801,0.707413,0.193771,1845,0
1499,9,2,2,2,2,0.010377,0.312060,0.677563,0.010300,0.311554,0.678131,1845,0
1500,9,1,1,1,1,0.287689,0.638814,0.073497,0.283432,0.642059,0.074493,1845,0
1501,9,1,1,1,1,0.223312,0.688404,0.088284,0.219681,0.691025,0.089279,1845,0
1502,9,1,1,1,1,0.029867,0.624549,0.345584,0.029694,0.624008,0.346268,1845,0
1503,9,0,0,0,0,0.682103,0.305507,0.012390,0.677689,0.309662,0.012619,1845,0
1504,9,2,2,2,2,0.021610,0.419323,0.559067,0.021072,0.417740,0.561157,1845,0
1505,9,1,1,1,1,0.150756,0.716119,0.133126,0.148605,0.717026,0.134338,1845,0
1506,9,2,1,1,1,0.034676,0.622179,0.343144,0.034424,0.621414,0.344147,1845,0
1507,9,1,1,1,1,0.201225,0.708136,0.090639,0.197906,0.710403,0.091660,1845,0
1508,9,2,1,1,1,0.028038,0.561679,0.410283,0.027420,0.560257,0.412308,1845,0
1509,9,0,1,1,1,0.364044,0.578763,0.057193,0.359314,0.582611,0.058044,1845,0
1510,9,1,1,1,1,0.044395,0.719127,0.236478,0.044067,0.718643,0.237274,1845,0
1511,9,1,1,1,1,0.269155,0.655875,0.074970,0.265137,0.658966,0.075882,1845,0
1512,9,0,1,1,1,0.435461,0.530241,0.034297,0.430847,0.534332,0.034790,1845,0
1513,9,1,1,1,1,0.086573,0.699652,0.213775,0.085449,0.699539,0.214981,1845,0
1514,9,2,2,2,2,0.041614,0.464501,0.493885,0.041534,0.464310,0.494141,1845,0
1515,9,1,1,1,1,0.058911,0.661845,0.279245,0.058517,0.661331,0.280121,1845,0
1516,9,1,1,1,1,0.284098,0.623612,0.092289,0.279556,0.626877,0.093552,1845,0
1517,9,1,1,1,1,0.051786,0.748152,0.200062,0.051315,0.747925,0.200745,1845,0
1518,9,0,1,1,1,0.342820,0.607975,0.049204,0.338333,0.611755,0.049881,1845,0
1519,9,2,2,2,2,0.000503,0.048002,0.951495,0.000488,0.048004,0.951477,1845,0
1520,9,1,1,1,1,0.031871,0.546914,0.421215,0.031296,0.545486,0.423203,1845,0
1521,9,2,1,1,1,0.053893,0.529292,0.416814,0.053329,0.528183,0.418457,1845,0
1522,9,1,1,1,1,0.417993,0.537843,0.044165,0.412643,0.542435,0.044891,1845,0
1523,9,0,1,1,1,0.392920,0.506159,0.100921,0.389862,0.508347,0.101776,1845,0
1524,9,2,1,1,1,0.385468,0.560594,0.053937,0.381042,0.564255,0.054672,1845,0
1525,9,0,1,1,1,0.422889,0.531259,0.045852,0.418304,0.535172,0.046494,1845,0
1526,9,1,1,1,1,0.146791,0.716752,0.136457,0.333145,0.586273,0.080566,1845,0
1527,9,1,1,1,1,0.338891,0.615246,0.045863,0.334702,0.618851,0.046417,1845,0
1528,9,0,1,1,1,0.442530,0.520912,0.036558,0.437378,0.525436,0.037155,1845,0
1529,9,1,0,0,0,0.693859,0.293365,0.012776,0.688919,0.298004,0.013062,1845,0
1530,9,2,1,1,1,0.264783,0.650364,0.084853,0.261826,0.652527,0.085632,1845,0
1531,9,1,1,1,1,0.091643,0.547834,0.360523,0.090805,0.547119,0.362045,1845,0
1532,9,1,0,0,0,0.523740,0.445865,0.030395,0.518402,0.450623,0.030960,1845,0
1533,9,1,1,1,1,0.255784,0.680594,0.063621,0.252426,0.683243,0.064301,1845,0
1534,9,0,1,1,1,0.184226,0.727741,0.088033,0.152283,0.750351,0.097336,1845,0
1535,9,2,2,2,2,0.002135,0.077076,0.920789,0.002106,0.076324,0.921555,1845,0
1536,9,1,0,0,0,0.479533,0.457743,0.062724,0.476074,0.460236,0.063675,1845,0
1537,9,2,2,2,2,0.051946,0.424379,0.523676,0.051483,0.423553,0.524933,1845,0
1538,9,1,2,2,2,0.089091,0.434823,0.476086,0.089050,0.434662,0.476257,1845,0
1539,9,0,0,0,0,0.552666,0.421315,0.026020,0.547699,0.425781,0.026505,1845,0
1540,9,2,1,1,1,0.022833,0.503902,0.473264,0.022705,0.503342,0.473923,1845,0
1541,9,0,0,0,0,0.615762,0.366356,0.017882,0.610687,0.371063,0.018234,1845,0
1542,9,1,1,1,1,0.125492,0.731903,0.142605,0.087433,0.747467,0.165085,1845,0
1543,9,1,1,1,1,0.452040,0.509042,0.038918,0.446747,0.513596,0.039642,1845,0
1544,9,1,1,1,1,0.253204,0.542086,0.204710,0.252472,0.542145,0.205368,1845,0
1545,9,2,2,2,2,0.011315,0.300183,0.688502,0.011276,0.299957,0.688751,1845,0
1546,9,1,2,2,2,0.004287,0.131773,0.863940,0.004257,0.131683,0.864029,1845,0
1547,9,1,2,2,2,0.040910,0.329378,0.629712,0.040894,0.329437,0.629654,1845,0
1548,9,1,1,1,1,0.266724,0.665471,0.067805,0.262848,0.668518,0.068619,1845,0
1549,9,2,1,1,1,0.048881,0.552784,0.398335,0.048187,0.551590,0.400192,1845,0
1550,9,2,2,2,2,0.007826,0.271081,0.721093,0.007767,0.270599,0.721603,1845,0
1551,9,1,0,0,0,0.671254,0.314714,0.014033,0.666229,0.319412,0.014328,1845,0
1552,9,0,1,1,1,0.254855,0.643577,0.101568,0.250748,0.646423,0.102814,1845,0
1553,9,2,2,2,2,0.002586,0.212566,0.784848,0.002884,0.246109,0.750977,1845,0
1554,9,0,0,0,0,0.701921,0.282685,0.015394,0.691971,0.291916,0.016083,1845,0
1555,9,1,1,1,1,0.177098,0.634197,0.188705,0.276062,0.600067,0.123856,1845,0
1556,9,1,1,1,1,0.255549,0.650467,0.093984,0.251266,0.653473,0.095245,1845,0
1557,9,0,0,0,0,0.608148,0.373251,0.018601,0.603027,0.377991,0.018967,1845,0
1558,9,1,1,1,1,0.462610,0.513064,0.024326,0.457977,0.517319,0.024689,1845,0
1559,9,2,1,1,1,0.089024,0.687508,0.223468,0.087646,0.686676,0.225662,1845,0
1560,9,1,1,1,1,0.095467,0.577368,0.327166,0.095413,0.577225,0.327332,1845,0
1561,9,1,1,1,1,0.403304,0.554855,0.041841,0.398849,0.558731,0.042404,1845,0
1562,9,1,1,1,1,0.275537,0.640763,0.083700,0.271805,0.643448,0.084717,1845,0
1563,9,0,1,1,1,0.461454,0.503271,0.035274,0.456818,0.507355,0.035812,1845,0
1564,9,2,1,1,1,0.032147,0.561933,0.405920,0.031769,0.560944,0.407257,1845,0
1565,9,1,1,1,1,0.127269,0.731700,0.141031,0.126266,0.731949,0.141769,1845,0
1566,9,2,1,1,1,0.086939,0.678910,0.234151,0.086105,0.678741,0.235138,1845,0
1567,9,1,1,1,1,0.154520,0.740608,0.104872,0.152573,0.741684,0.105713,1845,0
1568,9,0,0,0,0,0.566021,0.414713,0.019266,0.562378,0.418091,0.019516,1845,0
1569,9,2,1,1,1,0.452519,0.508554,0.038927,0.447250,0.513123,0.039597,1845,0
1570,9,0,1,1,1,0.308612,0.493669,0.197719,0.308197,0.493683,0.198090,1845,0
1571,9,1,0,0,0,0.559974,0.420252,0.019774,0.554871,0.424973,0.020142,1845,0
1572,9,0,1,1,1,0.440455,0.523523,0.036022,0.436050,0.527405,0.036530,1845,0
1573,9,1,1,1,1,0.245031,0.694461,0.060508,0.243851,0.695374,0.060745,1845,0
1574,9,2,1,1,1,0.083757,0.681665,0.234578,0.082016,0.681534,0.236435,1845,0
1575,9,1,1,1,1,0.064873,0.675160,0.259968,0.064133,0.674545,0.261307,1845,0
1576,10,1,1,1,1,0.040566,0.648752,0.310682,0.041000,0.649475,0.309494,1845,0
1577,10,1,1,1,1,0.077456,0.660406,0.262139,0.077881,0.661362,0.260742,1845,0
1578,10,0,0,0,0,0.764303,0.228485,0.007212,0.765915,0.226929,0.007126,1845,0
1579,10,2,2,2,2,0.000898,0.093617,0.905485,0.000885,0.094147,0.904938,1845,0
1580,10,1,1,1,1,0.089934,0.690835,0.219231,0.090561,0.691513,0.217896,1845,0
1581,10,2,1,1,1,0.054481,0.506264,0.439255,0.054565,0.507370,0.438049,1845,0
1582,10,1,1,1,1,0.435158,0.494100,0.070742,0.436691,0.492935,0.070358,1845,0
1583,10,0,0,0,0,0.718827,0.270858,0.010315,0.720642,0.269135,0.010208,1845,0
1584,10,2,2,2,2,0.019008,0.329035,0.651957,0.019058,0.330231,0.650696,1845,0
1585,10,0,1,1,1,0.285766,0.651237,0.062997,0.287598,0.649719,0.062653,1845,0
1586,10,1,1,1,1,0.114209,0.741179,0.144611,0.114609,0.741379,0.143982,1845,0
1587,10,1,0,0,0,0.525518,0.451993,0.022489,0.526794,0.450851,0.022324,1845,0
1588,10,0,0,0,0,0.738504,0.249212,0.012284,0.739853,0.247955,0.012177,1845,0
1589,10,1,1,1,1,0.078236,0.754706,0.167058,0.078537,0.754929,0.166504,1845,0
1590,10,2,1,1,1,0.024541,0.520645,0.454814,0.024673,0.521591,0.453705,1845,0
1591,10,1,1,1,1,0.059721,0.597103,0.343177,0.055511,0.554642,0.389816,1845,0
1592,10,1,1,1,1,0.206825,0.699635,0.093540,0.207962,0.699036,0.092987,1845,0
1593,10,1,1,1,1,0.023796,0.538974,0.437230,0.023865,0.540054,0.436066,1845,0
1594,10,0,0,0,0,0.819130,0.176721,0.004149,0.820267,0.175613,0.004105,1845,0
1595,10,2,2,2,2,0.016508,0.292471,0.691021,0.016541,0.293320,0.690125,1845,0
1596,10,1,1,1,1,0.166088,0.730599,0.103313,0.166550,0.730499,0.102921,1845,0
1597,10,2,1,1,1,0.099318,0.675147,0.225535,0.099945,0.675598,0.224426,1845,0
1598,10,1,1,1,1,0.134023,0.733891,0.132086,0.134476,0.733978,0.131516,1845,0
1599,10,0,0,0,0,0.614899,0.367239,0.017862,0.616791,0.365509,0.017685,1845,0
1600,10,2,1,1,1,0.017117,0.501862,0.481021,0.017197,0.502869,0.479919,1845,0
1601,10,0,0,0,0,0.788315,0.205865,0.005820,0.789612,0.204605,0.005753,1845,0
1602,10,1,1,1,1,0.310077,0.632289,0.057634,0.319366,0.624649,0.055954,1845,0
1603,10,1,1,1,1,0.101802,0.633369,0.264829,0.102661,0.633362,0.263962,1845,0
1604,10,0,0,0,0,0.739642,0.252877,0.007480,0.741272,0.251297,0.007401,1845,0
1605,10,1,1,1,1,0.228440,0.706490,0.065070,0.229324,0.705902,0.064743,1845,0
1606,10,2,1,1,1,0.051106,0.557635,0.391259,0.051422,0.558762,0.389786,1845,0
1607,10,1,1,1,1,0.365323,0.570137,0.064540,0.367569,0.568405,0.064011,1845,0
1608,10,1,1,1,1,0.137591,0.739915,0.122494,0.138626,0.739380,0.121979,1845,0
1609,10,0,1,1,1,0.174452,0.697270,0.128278,0.175400,0.696899,0.127686,1845,0
1610,10,2,2,2,2,0.000902,0.072706,0.926393,0.000900,0.073044,0.926041,1845,0
1611,10,1,1,1,1,0.033978,0.591568,0.374454,0.034286,0.592819,0.372864,1845,0
1612,10,2,1,1,1,0.070445,0.694481,0.235074,0.071075,0.694794,0.234116,1845,0
1613,10,1,1,1,1,0.089320,0.746566,0.164114,0.090012,0.746521,0.163437,1845,0
1614,10,0,1,1,1,0.236075,0.649551,0.114374,0.242126,0.645706,0.112152,1845,0
1615,10,2,2,2,2,0.017605,0.451400,0.530995,0.017700,0.452820,0.529465,1845,0
1616,10,0,1,1,1,0.329409,0.619773,0.050818,0.331512,0.617950,0.050522,1845,0
1617,10,1,1,1,1,0.056665,0.726233,0.217102,0.056946,0.726807,0.216217,1845,0
1618,10,1,1,1,1,0.062689,0.651374,0.285937,0.063202,0.652313,0.284470,1845,0
1619,10,0,0,0,0,0.617789,0.365879,0.016332,0.619919,0.363892,0.016159,1845,0
1620,10,1,1,1,1,0.026047,0.588707,0.385246,0.026199,0.589645,0.384140,1845,0
1621,10,2,2,2,2,0.011504,0.137125,0.851371,0.011505,0.137238,0.851242,1845,0
1622,10,1,1,1,1,0.053876,0.693934,0.252190,0.054337,0.694534,0.251099,1845,0
1623,10,1,2,2,2,0.091946,0.361335,0.546719,0.092056,0.361847,0.546082,1845,0
1624,10,1,1,1,1,0.159585,0.719425,0.120989,0.159973,0.719452,0.120560,1845,0
1625,10,0,0,0,0,0.511320,0.460341,0.028338,0.513199,0.458664,0.028122,1845,0
1626,10,2,1,1,1,0.030189,0.579868,0.389943,0.030350,0.580826,0.388794,1845,0
1627,10,1,1,1,1,0.110014,0.760652,0.129334,0.077393,0.772629,0.149948,1845,0
1628,10,2,2,2,2,0.006854,0.282937,0.710209,0.007202,0.285110,0.707672,1845,0
1629,10,1,1,1,1,0.193248,0.697194,0.109558,0.193253,0.697433,0.109283,1845,0
1630,10,0,0,0,0,0.699532,0.286153,0.014315,0.701340,0.284485,0.014145,1845,0
1631,10,2,1,1,1,0.135623,0.681504,0.182873,0.136047,0.681793,0.182129,1845,0
1632,10,0,1,1,1,0.279960,0.620072,0.099968,0.281967,0.618729,0.099274,1845,0
1633,10,1,0,0,0,0.506620,0.454450,0.038931,0.508987,0.452438,0.038544,1845,0
1634,10,0,1,1,1,0.224221,0.703829,0.071950,0.225082,0.703247,0.071640,1845,0
1635,10,1,0,0,0,0.578085,0.395212,0.026703,0.579803,0.393661,0.026505,1845,0
1636,10,2,1,1,1,0.057165,0.608974,0.333861,0.057281,0.609909,0.332779,1845,0
1637,10,1,1,1,1,0.093312,0.739399,0.167289,0.093536,0.739807,0.166641,1845,0
1638,10,1,2,2,2,0.020627,0.483662,0.495711,0.020706,0.485001,0.494278,1845,0
1639,10,1,2,2,2,0.005140,0.361169,0.633692,0.005173,0.362167,0.632629,1845,0
1640,10,0,1,1,1,0.083054,0.653277,0.263669,0.083725,0.653748,0.262497,1845,0
1641,10,2,2,2,2,0.002420,0.149257,0.848323,0.002411,0.149933,0.847626,1845,0
1642,10,1,1,1,1,0.090705,0.727365,0.181931,0.091522,0.727264,0.181198,1845,0
1643,10,2,1,1,1,0.020584,0.491122,0.488294,0.020691,0.491959,0.487320,1845,0
1644,10,1,1,1,1,0.068590,0.502846,0.428565,0.068619,0.503418,0.427933,1845,0
1645,10,0,2,2,2,0.060693,0.385427,0.553880,0.060852,0.386230,0.552902,1845,0
1646,10,2,1,1,1,0.054688,0.619931,0.325381,0.054947,0.621002,0.324020,1845,0
1647,10,0,0,0,0,0.844164,0.151655,0.004181,0.845139,0.150711,0.004120,1845,0
1648,10,1,1,1,1,0.076964,0.737968,0.185069,0.077271,0.738266,0.184433,1845,0
1649,10,1,1,1,1,0.194837,0.643323,0.161840,0.195160,0.643692,0.161133,1845,0
1650,10,0,0,0,0,0.765918,0.225766,0.008316,0.767441,0.224319,0.008209,1845,0
1651,10,1,1,1,1,0.188649,0.733778,0.077573,0.189590,0.733170,0.077209,1845,0
1652,10,2,1,1,1,0.046122,0.613977,0.339901,0.046326,0.614639,0.339005,1845,0
1653,10,1,1,1,1,0.114965,0.679873,0.205162,0.114960,0.680511,0.204514,1845,0
1654,10,1,1,1,1,0.223572,0.544712,0.231717,0.223999,0.545197,0.230774,1845,0
1655,10,1,2,2,2,0.021279,0.367993,0.610729,0.021317,0.369110,0.609543,1845,0
1656,10,0,1,1,1,0.413269,0.549927,0.036804,0.427811,0.535614,0.036545,1845,0
1657,10,2,1,1,1,0.102191,0.707184,0.190624,0.103073,0.707214,0.189697,1845,0
1658,10,1,1,1,1,0.076596,0.708590,0.214815,0.076981,0.709045,0.213959,1845,0
1659,10,2,1,1,1,0.058128,0.481927,0.459945,0.058182,0.482849,0.458954,1845,0
1660,10,1,1,1,1,0.234285,0.645707,0.120008,0.236038,0.644547,0.119385,1845,0
1661,10,0,0,0,0,0.903623,0.094466,0.001910,0.904160,0.093933,0.001877,1845,0
1662,10,2,2,2,2,0.004827,0.141931,0.853241,0.004837,0.142487,0.852661,1845,0
1663,10,0,1,1,1,0.328841,0.607088,0.064071,0.330826,0.605515,0.063644,1845,0
1664,10,1,1,1,1,0.276283,0.626303,0.097413,0.277069,0.625946,0.096970,1845,0
1665,10,1,1,1,1,0.305063,0.637703,0.057233,0.306473,0.636627,0.056870,1845,0
1666,10,0,1,1,1,0.474796,0.488553,0.036651,0.476776,0.486893,0.036301,1845,0
1667,10,1,1,1,1,0.134994,0.744719,0.120288,0.165329,0.721176,0.113464,1845,0
1668,10,2,1,1,1,0.087458,0.697866,0.214676,0.087997,0.698380,0.213608,1845,0
1669,10,1,1,1,1,0.300581,0.649552,0.049867,0.302109,0.648285,0.049591,1845,0
1670,10,1,1,1,1,0.053357,0.600928,0.345716,0.053864,0.601364,0.344742,1845,0
1671,10,1,1,1,1,0.047130,0.703578,0.249292,0.047302,0.704086,0.248596,1845,0
1672,10,0,0,0,0,0.644941,0.334046,0.021014,0.646545,0.332596,0.020844,1845,0
1673,10,2,1,1,1,0.030246,0.568957,0.400796,0.030457,0.569687,0.399841,1845,0
1674,10,1,1,1,1,0.093965,0.728439,0.177596,0.094299,0.728836,0.176849,1845,0
1675,10,2,1,1,1,0.087292,0.648258,0.264450,0.087555,0.648483,0.263931,1845,0
1676,10,1,1,1,1,0.240411,0.696114,0.063474,0.242142,0.694672,0.063156,1845,0
1677,10,0,1,1,1,0.162609,0.688065,0.149326,0.163910,0.687485,0.148590,1845,0
1678,10,2,1,1,1,0.072316,0.712022,0.215662,0.072906,0.712173,0.214905,1845,0
1679,10,0,0,0,0,0.723113,0.264700,0.012187,0.724670,0.263229,0.012070,1845,0
1680,10,1,0,0,0,0.688407,0.298214,0.013379,0.690048,0.296677,0.013245,1845,0
1681,10,0,1,1,1,0.304920,0.643285,0.051795,0.306229,0.642197,0.051544,1845,0
1682,10,1,1,1,1,0.471175,0.499567,0.029257,0.473297,0.497620,0.029053,1845,0
1683,10,2,1,1,1,0.150402,0.729903,0.119695,0.151367,0.729416,0.119202,1845,0
1684,10,1,1,1,1,0.179511,0.713656,0.106833,0.180374,0.713287,0.106308,1845,0
1685,10,1,1,1,1,0.149250,0.708731,0.142020,0.139389,0.715317,0.145264,1845,0
1686,10,1,2,2,2,0.006640,0.341771,0.651589,0.006668,0.342407,0.650909,1845,0
1687,10,2,1,1,1,0.332901,0.603511,0.063588,0.334610,0.602173,0.063202,1845,0
1688,10,1,1,1,1,0.173872,0.736130,0.089999,0.174774,0.735535,0.089661,1845,0
1689,10,2,1,1,1,0.048164,0.625822,0.326015,0.048508,0.626831,0.324646,1845,0
1690,10,1,1,1,1,0.161540,0.756398,0.082062,0.162186,0.755997,0.081802,1845,0
1691,10,0,1,1,1,0.276461,0.665316,0.058223,0.277802,0.664337,0.057846,1845,0
1692,10,2,2,2,2,0.009097,0.328911,0.661992,0.009125,0.329987,0.660873,1845,0
1693,10,0,0,0,0,0.607973,0.366367,0.025660,0.609970,0.364655,0.025360,1845,0
1694,10,1,1,1,1,0.113630,0.755276,0.131093,0.113907,0.755478,0.130585,1845,0
1695,10,1,1,1,1,0.217221,0.690081,0.092698,0.218613,0.689087,0.092285,1845,0
1696,10,0,0,0,0,0.660087,0.327868,0.012045,0.661972,0.326080,0.011917,1845,0
1697,10,1,1,1,1,0.233761,0.696184,0.070056,0.234329,0.695892,0.069748,1845,0
1698,10,2,1,1,1,0.038208,0.556495,0.405297,0.038269,0.557495,0.404205,1845,0
1699,10,1,1,1,1,0.243481,0.619821,0.136698,0.244217,0.619873,0.135895,1845,0
1700,10,1,1,1,1,0.034879,0.488888,0.476232,0.035095,0.490112,0.474777,1845,0
1701,10,1,1,1,1,0.116067,0.754320,0.129613,0.116730,0.754105,0.129135,1845,0
1702,10,0,1,1,1,0.457529,0.479820,0.062651,0.459656,0.478378,0.061935,1845,0
1703,10,2,1,1,1,0.064289,0.693408,0.242303,0.064728,0.693771,0.241486,1845,0
1704,10,1,1,1,1,0.090135,0.606885,0.302980,0.090210,0.607742,0.302017,1845,0
1705,10,2,1,1,1,0.095628,0.694955,0.209416,0.096527,0.694901,0.208557,1845,0
1706,10,1,1,1,1,0.163538,0.709885,0.126577,0.164856,0.709457,0.125656,1845,0
1707,10,0,1,1,1,0.367267,0.589250,0.043483,0.368332,0.588409,0.043228,1845,0
1708,10,2,1,1,1,0.272851,0.641977,0.085173,0.274689,0.640640,0.084641,1845,0
1709,10,0,1,1,1,0.119019,0.491566,0.389415,0.119125,0.491913,0.388931,1845,0
1710,10,1,1,1,1,0.207529,0.545004,0.247467,0.207535,0.545639,0.246811,1845,0
1711,10,1,1,1,1,0.388568,0.560018,0.051413,0.390945,0.558151,0.050888,1845,0
1712,10,0,0,0,0,0.649730,0.339323,0.010946,0.650879,0.338242,0.010864,1845,0
1713,10,1,1,1,1,0.213984,0.694051,0.091965,0.215027,0.693558,0.091385,1845,0
1714,10,2,1,1,1,0.255263,0.657120,0.087617,0.256622,0.656235,0.087112,1845,0
1715,10,1,1,1,1,0.160349,0.726724,0.112927,0.161636,0.725906,0.112442,1845,0
1716,10,1,1,1,1,0.338699,0.599554,0.061747,0.340683,0.597931,0.061371,1845,0
1717,10,1,1,1,1,0.319422,0.625580,0.054998,0.321411,0.623978,0.054581,1845,0
1718,10,0,1,1,1,0.252659,0.663918,0.083423,0.253983,0.663223,0.082779,1845,0
1719,10,2,1,1,1,0.092052,0.661054,0.246894,0.092911,0.661270,0.245789,1845,0
1720,10,1,1,1,1,0.453552,0.522696,0.023752,0.474930,0.502731,0.022308,1845,0
1721,10,2,1,1,1,0.396390,0.561855,0.041754,0.413696,0.547134,0.039139,1845,0
1722,10,1,1,1,1,0.199888,0.710029,0.090083,0.201324,0.709076,0.089584,1845,0
1723,10,0,1,1,1,0.232186,0.659769,0.108045,0.232880,0.659607,0.107498,1845,0
1724,10,2,1,1,1,0.159051,0.680287,0.160662,0.160416,0.679688,0.159866,1845,0
1725,10,0,1,1,1,0.418521,0.542712,0.038767,0.420868,0.540649,0.038467,1845,0
1726,10,1,1,1,1,0.305614,0.630492,0.063894,0.307678,0.628845,0.063461,1845,0
1727,10,1,1,1,1,0.043502,0.516982,0.439516,0.043716,0.518326,0.437927,1845,0
1728,10,0,0,0,0,0.771851,0.219514,0.008636,0.716537,0.271622,0.011810,1845,0
1729,10,1,1,1,1,0.098559,0.738169,0.163271,0.098907,0.738510,0.162552,1845,0
1730,10,2,2,2,2,0.015980,0.398148,0.585872,0.016144,0.398972,0.584854,1845,0
1731,10,1,1,1,1,0.038013,0.688474,0.273513,0.038208,0.689148,0.272629,1845,0
1732,11,1,1,1,1,0.323822,0.621135,0.055043,0.362244,0.588959,0.048767,1845,0
1733,11,1,1,1,1,0.080994,0.690888,0.228118,0.081055,0.692093,0.226822,1845,0
1734,11,0,0,0,0,0.803499,0.190553,0.005948,0.802963,0.191055,0.005951,1845,0
1735,11,2,2,2,2,0.000736,0.046839,0.952425,0.000732,0.046921,0.952332,1845,0
1736,11,1,1,1,1,0.143047,0.757410,0.099543,0.142822,0.757660,0.099503,1845,0
1737,11,2,2,2,2,0.003414,0.201033,0.795553,0.003418,0.202560,0.793991,1845,0
1738,11,1,1,1,1,0.047130,0.733665,0.219205,0.047104,0.734161,0.218704,1845,0
1739,11,0,0,0,0,0.864247,0.132709,0.003043,0.863922,0.133011,0.003036,1845,0
1740,11,2,2,2,2,0.004176,0.142315,0.853510,0.004181,0.143082,0.852722,1845,0
1741,11,0,0,0,0,0.585971,0.401369,0.012661,0.585312,0.402008,0.012650,1845,0
1742,11,1,1,1,1,0.146413,0.747435,0.106152,0.146255,0.747986,0.105743,1845,0
1743,11,1,0,0,0,0.729616,0.260380,0.010003,0.686798,0.300720,0.012466,1845,0
1744,11,0,0,0,0,0.790949,0.204481,0.004570,0.790451,0.204956,0.004562,1845,0
1745,11,1,0,0,0,0.480720,0.475126,0.044154,0.480804,0.475311,0.043869,1845,0
1746,11,2,2,2,2,0.000818,0.073270,0.925912,0.000809,0.073883,0.925293,1845,0
1747,11,1,1,1,1,0.059355,0.771350,0.169296,0.059280,0.771744,0.168961,1845,0
1748,11,1,1,1,1,0.138219,0.728589,0.133192,0.138138,0.729370,0.132462,1845,0
1749,11,1,0,0,0,0.492112,0.467385,0.040503,0.491501,0.468124,0.040344,1845,0
1750,11,0,0,0,0,0.722551,0.270244,0.007206,0.722015,0.270752,0.007217,1845,0
1751,11,2,2,2,2,0.000404,0.050530,0.949066,0.000397,0.050934,0.948639,1845,0
1752,11,1,1,1,1,0.185400,0.637275,0.177324,0.185089,0.637527,0.177368,1845,0
1753,11,2,2,2,2,0.000869,0.053358,0.945773,0.000854,0.053558,0.945557,1845,0
1754,11,1,1,1,1,0.064451,0.741035,0.194514,0.064377,0.741394,0.194199,1845,0
1755,11,0,0,0,0,0.899932,0.097842,0.002226,0.899734,0.098022,0.002228,1845,0
1756,11,2,2,2,2,0.001177,0.111924,0.886899,0.001175,0.112717,0.886093,1845,0
1757,11,1,1,1,1,0.044139,0.631654,0.324207,0.050705,0.568024,0.381256,1845,0
1758,11,1,1,1,1,0.407297,0.560185,0.032518,0.406784,0.560669,0.032516,1845,0
1759,11,0,1,1,1,0.461207,0.508108,0.030685,0.460876,0.508408,0.030685,1845,0
1760,11,1,1,1,1,0.255424,0.671582,0.072994,0.255402,0.671921,0.072647,1845,0
1761,11,2,1,1,1,0.107811,0.676396,0.215792,0.107742,0.677002,0.215225,1845,0
1762,11,1,1,1,1,0.059828,0.690129,0.250043,0.059799,0.690521,0.249649,1845,0
1763,11,1,1,1,1,0.104577,0.731065,0.164359,0.104446,0.731277,0.164261,1845,0
1764,11,1,1,1,1,0.066487,0.716671,0.216842,0.061584,0.716888,0.221512,1845,0
1765,11,0,0,0,0,0.754819,0.238378,0.006803,0.754364,0.238846,0.006775,1845,0
1766,11,2,2,2,2,0.000833,0.056813,0.942354,0.000824,0.057175,0.941971,1845,0
1767,11,1,2,2,2,0.004382,0.206376,0.789243,0.004395,0.207870,0.787704,1845,0
1768,11,2,2,2,2,0.003635,0.126099,0.870267,0.003647,0.126816,0.869522,1845,0
1769,11,1,1,1,1,0.197153,0.732268,0.070579,0.277374,0.666016,0.056595,1845,0
1770,11,0,0,0,0,0.835647,0.160461,0.003892,0.835098,0.160980,0.003891,1845,0
1771,11,2,2,2,2,0.003919,0.167955,0.828126,0.003937,0.169266,0.826767,1845,0
1772,11,0,0,0,0,0.540252,0.429523,0.030225,0.539444,0.430283,0.030243,1845,0
1773,11,1,1,1,1,0.164580,0.739967,0.095453,0.164368,0.740219,0.095383,1845,0
1774,11,1,1,1,1,0.065857,0.791303,0.142840,0.065811,0.791489,0.142685,1845,0
1775,11,0,0,0,0,0.841612,0.154197,0.004190,0.841339,0.154465,0.004166,1845,0
1776,11,1,1,1,1,0.362450,0.596781,0.040769,0.362091,0.597122,0.040771,1845,0
1777,11,2,2,2,2,0.006367,0.232398,0.761235,0.006393,0.234055,0.759537,1845,0
1778,11,1,2,2,2,0.023383,0.481434,0.495183,0.023422,0.483643,0.492905,1845,0
1779,11,1,0,0,0,0.616498,0.367617,0.015885,0.615723,0.368347,0.015915,1845,0
1780,11,1,1,1,1,0.327055,0.617429,0.055516,0.315979,0.626846,0.057144,1845,0
1781,11,0,0,1,1,0.695752,0.281716,0.022532,0.473816,0.475418,0.050751,1845,0
1782,11,2,2,2,2,0.002732,0.194199,0.803069,0.002731,0.195480,0.801773,1845,0
1783,11,1,1,1,1,0.040721,0.575101,0.384178,0.040771,0.576920,0.382278,1845,0
1784,11,2,2,2,2,0.002069,0.158723,0.839208,0.002075,0.159912,0.837997,1845,0
1785,11,1,1,1,1,0.100264,0.783112,0.116624,0.100204,0.783417,0.116364,1845,0
1786,11,0,0,0,0,0.702138,0.283342,0.014520,0.701797,0.283707,0.014481,1845,0
1787,11,2,2,2,2,0.006661,0.187071,0.806267,0.006683,0.188110,0.805191,1845,0
1788,11,0,0,0,0,0.900019,0.098356,0.001624,0.899811,0.098557,0.001617,1845,0
1789,11,1,1,1,1,0.125524,0.715899,0.158578,0.125519,0.716873,0.157578,1845,0
1790,11,1,1,1,1,0.160838,0.757393,0.081769,0.208389,0.720184,0.071411,1845,0
1791,11,0,0,0,0,0.754815,0.237961,0.007223,0.775269,0.218338,0.006378,1845,0
1792,11,1,1,1,1,0.178633,0.728257,0.093110,0.178513,0.728760,0.092712,1845,0
1793,11,2,2,2,2,0.007083,0.225305,0.767612,0.007111,0.226929,0.765930,1845,0
1794,11,1,1,1,1,0.081408,0.744552,0.174040,0.081375,0.745407,0.173203,1845,0
1795,11,1,1,1,1,0.131294,0.770561,0.098145,0.127274,0.774582,0.098129,1845,0
1796,11,1,1,1,1,0.072177,0.623483,0.304340,0.072235,0.625153,0.302582,1845,0
1797,11,0,0,0,0,0.812604,0.183361,0.004035,0.812149,0.183792,0.004028,1845,0
1798,11,2,2,2,2,0.009060,0.275504,0.715436,0.009094,0.277344,0.713531,1845,0
1799,11,1,1,1,1,0.142144,0.657622,0.200234,0.132950,0.660889,0.206146,1845,0
1800,11,2,2,2,2,0.002022,0.116770,0.881208,0.002014,0.117584,0.880371,1845,0
1801,11,1,1,1,1,0.021307,0.590869,0.387824,0.021301,0.591965,0.386703,1845,0
1802,11,0,0,0,0,0.726867,0.265781,0.007352,0.707001,0.284836,0.008133,1845,0
1803,11,2,2,2,2,0.000502,0.045758,0.953740,0.000488,0.045944,0.953537,1845,0
1804,11,0,0,0,0,0.917985,0.080872,0.001142,0.917740,0.081116,0.001129,1845,0
1805,11,1,1,1,1,0.090782,0.627567,0.281651,0.090881,0.629105,0.279984,1845,0
1806,11,1,1,1,1,0.192621,0.723572,0.083807,0.192444,0.723831,0.083694,1845,0
1807,11,0,0,0,0,0.548688,0.421723,0.029589,0.548065,0.422333,0.029587,1845,0
1808,11,1,1,1,1,0.127705,0.719584,0.152711,0.127594,0.719833,0.152557,1845,0
1809,11,2,2,2,2,0.006258,0.302977,0.690765,0.006271,0.304749,0.688950,1845,0
1810,11,1,1,1,1,0.116945,0.699856,0.183199,0.116867,0.700287,0.182816,1845,0
1811,11,1,0,0,0,0.540275,0.439356,0.020369,0.539169,0.440384,0.020432,1845,0
1812,11,1,1,1,1,0.262341,0.620100,0.117559,0.262161,0.621002,0.116821,1845,0
1813,11,0,0,0,0,0.522023,0.451393,0.026584,0.521606,0.451874,0.026505,1845,0
1814,11,2,2,2,2,0.009695,0.180565,0.809740,0.009750,0.181946,0.808289,1845,0
1815,11,1,1,1,1,0.076541,0.767731,0.155728,0.076477,0.768143,0.155365,1845,0
1816,11,2,2,2,2,0.015520,0.369366,0.615114,0.015564,0.371597,0.612823,1845,0
1817,11,1,1,1,1,0.462000,0.506253,0.031746,0.461166,0.507004,0.031815,1845,0
1818,11,0,0,0,0,0.928919,0.069742,0.001339,0.875885,0.121262,0.002838,1845,0
1819,11,2,2,2,2,0.004758,0.106249,0.888993,0.004761,0.106766,0.888443,1845,0
1820,11,0,0,0,0,0.830125,0.166312,0.003562,0.829742,0.166687,0.003555,1845,0
1821,11,1,1,1,1,0.361496,0.596696,0.041808,0.361084,0.597092,0.041809,1845,0
1822,11,1,1,1,1,0.293526,0.659788,0.046686,0.293030,0.660217,0.046722,1845,0
1823,11,0,0,0,0,0.668792,0.315556,0.015651,0.667923,0.316360,0.015701,1845,0
1824,11,1,0,0,0,0.517316,0.451813,0.030871,0.517197,0.452026,0.030762,1845,0
1825,11,2,2,2,2,0.000397,0.036275,0.963328,0.000397,0.036392,0.963196,1845,0
1826,11,1,1,1,1,0.425091,0.547794,0.027114,0.424713,0.548187,0.027084,1845,0
1827,11,1,1,1,1,0.233075,0.701663,0.065262,0.232880,0.701965,0.065140,1845,0
1828,11,1,1,1,1,0.064223,0.719874,0.215904,0.064209,0.720657,0.215118,1845,0
1829,11,0,0,0,0,0.580096,0.398053,0.021851,0.573654,0.403992,0.022324,1845,0
1830,11,2,2,2,2,0.001309,0.069828,0.928864,0.001297,0.070175,0.928497,1845,0
1831,11,1,1,1,1,0.069595,0.703199,0.227206,0.065765,0.717987,0.216217,1845,0
1832,11,2,2,2,2,0.001849,0.120521,0.877630,0.002090,0.133926,0.863953,1845,0
1833,11,1,1,1,1,0.081505,0.788069,0.130426,0.081467,0.788284,0.130219,1845,0
1834,11,0,0,0,0,0.688822,0.302979,0.008199,0.688339,0.303452,0.008194,1845,0
1835,11,2,2,2,2,0.016148,0.260313,0.723539,0.016190,0.261612,0.722168,1845,0
1836,11,0,1,1,1,0.304833,0.637398,0.057769,0.304367,0.637848,0.057770,1845,0
1837,11,1,1,1,1,0.248260,0.673852,0.077888,0.247757,0.674255,0.077957,1845,0
1838,11,1,0,0,0,0.638369,0.348140,0.013492,0.637619,0.348831,0.013519,1845,0
1839,11,0,0,0,0,0.633443,0.351801,0.014756,0.678085,0.310059,0.011826,1845,0
1840,11,1,1,1,1,0.083092,0.682915,0.233994,0.083069,0.683350,0.233551,1845,0
1841,11,2,2,2,2,0.042721,0.374925,0.582354,0.042801,0.375748,0.581436,1845,0
1842,11,1,0,1,1,0.570590,0.407905,0.021505,0.407639,0.553925,0.038422,1845,0
1843,11,1,1,1,1,0.164330,0.763737,0.071932,0.164108,0.763962,0.071899,1845,0
1844,11,1,2,2,2,0.013592,0.299397,0.687011,0.013657,0.301208,0.685104,1845,0
1845,11,0,1,1,1,0.461369,0.509559,0.029072,0.461044,0.509964,0.028961,1845,0
1846,11,2,2,2,2,0.001291,0.090059,0.908649,0.001282,0.090759,0.907928,1845,0
1847,11,1,1,1,1,0.050692,0.680487,0.268821,0.050690,0.681763,0.267517,1845,0
1848,11,2,2,2,2,0.001447,0.064817,0.933736,0.001434,0.064880,0.933655,1845,0
1849,11,1,1,1,1,0.081459,0.770049,0.148492,0.081451,0.770248,0.148270,1845,0
1850,11,0,0,0,0,0.719239,0.267584,0.013177,0.504517,0.463898,0.031570,1845,0
1851,11,2,2,2,2,0.004321,0.146542,0.849137,0.004349,0.147766,0.847870,1845,0
1852,11,0,0,0,0,0.775799,0.219653,0.004547,0.775299,0.220123,0.004547,1845,0
1853,11,1,1,1,1,0.048924,0.597983,0.353093,0.048965,0.599701,0.351318,1845,0
1854,11,1,0,0,0,0.844750,0.151530,0.003720,0.844360,0.151901,0.003723,1845,0
1855,11,0,0,0,0,0.794868,0.200636,0.004496,0.794220,0.201248,0.004501,1845,0
1856,11,1,0,0,0,0.545762,0.437033,0.017204,0.545044,0.437714,0.017227,1845,0
1857,11,2,2,2,2,0.006483,0.156181,0.837335,0.006485,0.156586,0.836899,1845,0
1858,11,1,1,1,1,0.101771,0.765055,0.133174,0.101685,0.765442,0.132858,1845,0
1859,11,1,0,0,0,0.552040,0.428414,0.019546,0.536728,0.442566,0.020676,1845,0
1860,11,1,1,1,1,0.056861,0.716599,0.226540,0.056808,0.717285,0.225876,1845,0
1861,11,0,0,0,0,0.692841,0.292925,0.014234,0.692154,0.293579,0.014252,1845,0
1862,11,2,2,2,2,0.000305,0.034157,0.965537,0.000290,0.034302,0.965378,1845,0
1863,11,1,1,1,1,0.082807,0.793474,0.123719,0.082748,0.793762,0.123459,1845,0
1864,11,1,1,1,1,0.213222,0.712549,0.074229,0.212799,0.712875,0.074310,1845,0
1865,11,0,0,0,0,0.738231,0.251461,0.010308,0.737701,0.251953,0.010330,1845,0
1866,11,2,2,2,2,0.000422,0.053897,0.945680,0.000412,0.054352,0.945221,1845,0
1867,11,0,0,0,0,0.807099,0.185624,0.007277,0.807098,0.185654,0.007217,1845,0
1868,11,1,1,1,1,0.070742,0.713684,0.215575,0.065140,0.706314,0.228516,1845,0
1869,11,1,1,1,1,0.333572,0.619980,0.046448,0.333252,0.620346,0.046387,1845,0
1870,11,0,0,0,0,0.916019,0.082664,0.001316,0.915680,0.082977,0.001312,1845,0
1871,11,1,1,1,1,0.350433,0.581840,0.067727,0.349960,0.582230,0.067780,1845,0
1872,11,2,2,2,2,0.005827,0.169344,0.824829,0.005844,0.170181,0.823959,1845,0
1873,11,1,1,1,1,0.105928,0.596237,0.297836,0.105988,0.597595,0.296387,1845,0
1874,11,1,1,1,1,0.263840,0.690190,0.045970,0.279861,0.675186,0.044937,1845,0
1875,11,1,1,1,1,0.075033,0.767061,0.157906,0.074997,0.767609,0.157379,1845,0
1876,11,0,0,0,0,0.752514,0.239858,0.007629,0.839844,0.156189,0.003952,1845,0
1877,11,2,2,2,2,0.001812,0.125997,0.872190,0.001816,0.127060,0.871109,1845,0
1878,11,2,2,2,2,0.007103,0.193636,0.799261,0.007141,0.195038,0.797791,1845,0
1879,11,1,1,1,1,0.065003,0.586524,0.348472,0.065063,0.588379,0.346542,1845,0
1880,11,0,0,0,0,0.702167,0.286912,0.010921,0.701874,0.287216,0.010895,1845,0
1881,11,2,2,2,2,0.001473,0.082745,0.915782,0.001480,0.083282,0.915222,1845,0
1882,11,0,1,1,1,0.299467,0.641235,0.059298,0.299347,0.641510,0.059128,1845,0
1883,11,1,1,1,1,0.110456,0.583288,0.306257,0.110840,0.584824,0.304321,1845,0
1884,11,1,1,1,1,0.325188,0.611212,0.063600,0.324982,0.611542,0.063446,1845,0
1885,11,0,1,1,1,0.449777,0.518554,0.031669,0.449356,0.519043,0.031586,1845,0
1886,11,1,1,1,1,0.220898,0.698850,0.080252,0.220749,0.699112,0.080124,1845,0
1887,11,2,2,2,2,0.000307,0.032537,0.967156,0.000290,0.032654,0.967026,1845,0
1888,11,1,1,1,1,0.089441,0.740506,0.170054,0.089355,0.740997,0.169632,1845,0
1889,12,1,1,1,1,0.067786,0.771933,0.160281,0.067642,0.772110,0.160233,1845,0
1890,12,1,2,2,2,0.002287,0.132136,0.865577,0.002289,0.132416,0.865280,1845,0
1891,12,0,0,0,0,0.615875,0.364398,0.019727,0.614853,0.365341,0.019791,1845,0
1892,12,2,2,2,2,0.001548,0.085268,0.913184,0.001541,0.085419,0.913025,1845,0
1893,12,1,1,1,1,0.067514,0.763803,0.168682,0.067444,0.764114,0.168427,1845,0
1894,12,2,2,2,2,0.000915,0.051491,0.947594,0.000900,0.051498,0.947571,1845,0
1895,12,1,1,1,1,0.151759,0.740446,0.107795,0.151245,0.740753,0.107971,1845,0
1896,12,0,1,1,1,0.337079,0.614478,0.048443,0.336639,0.614914,0.048431,1845,0
1897,12,2,2,2,2,0.000434,0.052420,0.947146,0.000427,0.052628,0.946915,1845,0
1898,12,0,1,1,1,0.462256,0.509416,0.028328,0.461487,0.510117,0.028366,1845,0
1899,12,1,1,1,1,0.215760,0.659540,0.124700,0.215683,0.659897,0.124390,1845,0
1900,12,1,0,0,0,0.624704,0.360568,0.014728,0.623581,0.361603,0.014786,1845,0
1901,12,0,0,0,0,0.758777,0.233324,0.007900,0.757874,0.234177,0.007919,1845,0
1902,12,1,1,1,1,0.107322,0.739911,0.152767,0.107071,0.740143,0.152771,1845,0
1903,12,2,2,2,2,0.031306,0.391548,0.577146,0.031326,0.392502,0.576141,1845,0
1904,12,1,1,1,1,0.074389,0.668024,0.257588,0.074326,0.668579,0.257065,1845,0
1905,12,1,1,1,1,0.116289,0.763711,0.119999,0.116196,0.763977,0.119797,1845,0
1906,12,1,1,1,1,0.129603,0.737949,0.132448,0.129456,0.738327,0.132202,1845,0
1907,12,0,1,1,1,0.424040,0.539553,0.036407,0.423172,0.540314,0.036499,1845,0
1908,12,2,2,2,2,0.053159,0.389439,0.557402,0.053177,0.390152,0.556641,1845,0
1909,12,1,0,0,0,0.597315,0.387153,0.015532,0.596222,0.388168,0.015579,1845,0
1910,12,2,2,2,2,0.002662,0.193954,0.803384,0.002655,0.194427,0.802887,1845,0
1911,12,1,1,1,1,0.181212,0.726530,0.092258,0.180969,0.726852,0.092148,1845,0
1912,12,0,1,1,1,0.330992,0.625438,0.043570,0.330231,0.626083,0.043655,1845,0
1913,12,2,2,2,2,0.024848,0.450945,0.524207,0.024841,0.451981,0.523148,1845,0
1914,12,0,0,0,0,0.786010,0.207262,0.006729,0.785400,0.207840,0.006744,1845,0
1915,12,1,1,1,1,0.170560,0.649787,0.179653,0.170578,0.650314,0.179092,1845,0
1916,12,1,1,1,1,0.161287,0.745057,0.093657,0.161179,0.745224,0.093582,1845,0
1917,12,0,0,0,0,0.607859,0.370438,0.021703,0.588486,0.388092,0.023407,1845,0
1918,12,1,1,1,1,0.176764,0.743037,0.080199,0.176620,0.743271,0.080093,1845,0
1919,12,2,2,2,2,0.003951,0.105858,0.890191,0.003952,0.105957,0.890076,1845,0
1920,12,1,1,1,1,0.135504,0.783954,0.080542,0.135269,0.784119,0.080582,1845,0
1921,12,1,1,1,1,0.130444,0.609955,0.259601,0.130463,0.610672,0.258835,1845,0
1922,12,0,0,0,0,0.780435,0.211345,0.008220,0.779846,0.211884,0.008240,1845,0
1923,12,2,2,2,2,0.021927,0.223033,0.755040,0.021927,0.223206,0.754852,1845,0
1924,12,1,1,1,1,0.031233,0.621196,0.347571,0.031219,0.621811,0.346939,1845,0
1925,12,2,2,2,2,0.010244,0.168974,0.820782,0.010254,0.169327,0.820389,1845,0
1926,12,1,1,1,1,0.262372,0.630050,0.107578,0.261841,0.630417,0.107727,1845,0
1927,12,0,0,0,0,0.876548,0.121040,0.002412,0.898132,0.099991,0.001862,1845,0
1928,12,2,2,2,2,0.023856,0.260210,0.715934,0.023682,0.253983,0.722305,1845,0
1929,12,0,1,1,1,0.407503,0.547734,0.044763,0.406464,0.548599,0.044907,1845,0
1930,12,1,1,1,1,0.202580,0.731829,0.065591,0.202301,0.732056,0.065628,1845,0
1931,12,1,1,1,1,0.078237,0.706457,0.215306,0.078171,0.707016,0.214798,1845,0
1932,12,0,0,0,0,0.625044,0.360981,0.013975,0.624069,0.361893,0.014008,1845,0
1933,12,1,1,1,1,0.058179,0.743719,0.198102,0.058136,0.744125,0.197708,1845,0
1934,12,2,2,2,2,0.007507,0.132913,0.859580,0.007507,0.133118,0.859344,1845,0
1935,12,1,1,1,1,0.091841,0.767616,0.140544,0.091705,0.767715,0.140564,1845,0
1936,12,1,1,1,1,0.152646,0.709160,0.138194,0.152527,0.709549,0.137894,1845,0
1937,12,1,1,1,1,0.156218,0.736141,0.107641,0.156052,0.736374,0.107544,1845,0
1938,12,0,0,0,0,0.600519,0.384307,0.015175,0.599625,0.385132,0.015213,1845,0
1939,12,2,2,2,2,0.025257,0.364748,0.609995,0.025269,0.365768,0.608932,1845,0
1940,12,1,2,2,2,0.054889,0.448308,0.496803,0.054932,0.448868,0.496170,1845,0
1941,12,2,1,1,1,0.118018,0.636454,0.245528,0.117889,0.636887,0.245209,1845,0
1942,12,1,0,1,1,0.507448,0.475925,0.016627,0.464355,0.516083,0.019531,1845,0
1943,12,0,0,0,0,0.718744,0.273487,0.007769,0.717987,0.274200,0.007782,1845,0
1944,12,2,2,2,2,0.003479,0.161629,0.834892,0.003479,0.162247,0.834259,1845,0
1945,12,0,0,0,0,0.897965,0.099645,0.002391,0.897659,0.099930,0.002396,1845,0
1946,12,1,1,1,1,0.166268,0.730917,0.102815,0.166153,0.731216,0.102615,1845,0
1947,12,1,1,1,1,0.159490,0.709092,0.131418,0.187790,0.704895,0.107285,1845,0
1948,12,0,0,0,0,0.795062,0.195661,0.009278,0.794922,0.195786,0.009277,1845,0
1949,12,1,1,1,1,0.084910,0.752345,0.162745,0.084869,0.752655,0.162445,1845,0
1950,12,2,2,2,2,0.011547,0.328886,0.659568,0.011551,0.329910,0.658508,1845,0
1951,12,1,1,1,1,0.098395,0.727668,0.173936,0.098358,0.727951,0.173676,1845,0
1952,12,1,1,1,1,0.285726,0.604035,0.110239,0.285706,0.604431,0.109848,1845,0
1953,12,1,1,1,1,0.217283,0.672505,0.110212,0.216827,0.672897,0.110260,1845,0
1954,12,0,0,0,0,0.838893,0.154693,0.006414,0.838837,0.154739,0.006409,1845,0
1955,12,2,1,1,1,0.020971,0.541032,0.437997,0.020935,0.541351,0.437698,1845,0
1956,12,1,0,0,0,0.622261,0.352676,0.025064,0.621628,0.353226,0.025116,1845,0
1957,12,2,2,2,2,0.001641,0.116094,0.882264,0.001633,0.116364,0.881973,1845,0
1958,12,1,1,1,1,0.186395,0.736367,0.077238,0.186035,0.736633,0.077316,1845,0
1959,12,0,0,0,0,0.831854,0.163172,0.004973,0.831253,0.163742,0.004990,1845,0
1960,12,2,2,2,2,0.000658,0.048984,0.950358,0.000671,0.050705,0.948608,1845,0
1961,12,0,0,0,0,0.788029,0.205574,0.006397,0.665039,0.322327,0.012604,1845,0
1962,12,1,1,1,1,0.139990,0.754367,0.105643,0.139664,0.754562,0.105743,1845,0
1963,12,1,1,1,1,0.161741,0.670630,0.167628,0.161667,0.671204,0.167114,1845,0
1964,12,0,0,0,0,0.790086,0.202393,0.007521,0.789398,0.203033,0.007538,1845,0
1965,12,1,1,1,1,0.217524,0.691906,0.090570,0.222931,0.687653,0.089386,1845,0
1966,12,2,2,2,2,0.002691,0.128111,0.869199,0.002686,0.128525,0.868774,1845,0
1967,12,1,1,1,1,0.063685,0.755454,0.180861,0.063553,0.755646,0.180771,1845,0
1968,12,1,0,0,0,0.501774,0.471168,0.027058,0.500931,0.471954,0.027100,1845,0
1969,12,1,1,1,1,0.034777,0.595559,0.369664,0.034760,0.596085,0.369125,1845,0
1970,12,0,0,0,0,0.819579,0.174343,0.006078,0.819122,0.174774,0.006088,1845,0
1971,12,2,2,2,2,0.004062,0.151285,0.844654,0.004059,0.151688,0.844238,1845,0
1972,12,1,1,1,1,0.115737,0.746893,0.137369,0.115509,0.747192,0.137283,1845,0
1973,12,2,2,2,2,0.000343,0.036404,0.963253,0.000336,0.036469,0.963181,1845,0
1974,12,1,1,1,1,0.302971,0.637916,0.059112,0.302231,0.638535,0.059204,1845,0
1975,12,0,1,1,1,0.210773,0.718897,0.070331,0.210373,0.719238,0.070358,1845,0
1976,12,2,2,2,2,0.000957,0.079176,0.919868,0.001007,0.082443,0.916534,1845,0
1977,12,0,0,0,0,0.567397,0.398773,0.033829,0.566544,0.399521,0.033920,1845,0
1978,12,1,1,1,1,0.120101,0.733473,0.146427,0.119812,0.733673,0.146484,1845,0
1979,12,1,1,1,1,0.440552,0.527516,0.031932,0.439560,0.528412,0.031998,1845,0
1980,12,0,0,0,0,0.623511,0.360736,0.015753,0.622330,0.361862,0.015793,1845,0
1981,12,1,0,0,0,0.581785,0.396473,0.021741,0.580688,0.397476,0.021805,1845,0
1982,12,2,2,2,2,0.001162,0.096883,0.901955,0.001160,0.097351,0.901474,1845,0
1983,12,1,1,1,1,0.216533,0.713618,0.069850,0.216156,0.713928,0.069885,1845,0
1984,12,1,1,1,1,0.089531,0.762448,0.148020,0.089432,0.762543,0.147995,1845,0
1985,12,1,1,1,1,0.030814,0.554205,0.414981,0.031921,0.527161,0.440887,1845,0
1986,12,0,1,1,1,0.249693,0.677460,0.072847,0.249237,0.677841,0.072906,1845,0
1987,12,2,2,2,2,0.007825,0.195770,0.796405,0.007828,0.196075,0.796082,1845,0
1988,12,1,1,1,1,0.160248,0.635186,0.204566,0.159821,0.635406,0.204742,1845,0
1989,12,2,2,2,2,0.001311,0.112488,0.886201,0.001297,0.112900,0.885773,1845,0
1990,12,1,1,1,1,0.149972,0.734763,0.115265,0.171661,0.722946,0.105362,1845,0
1991,12,0,0,0,0,0.724657,0.265149,0.010194,0.723801,0.265961,0.010208,1845,0
1992,12,2,2,2,2,0.002451,0.141638,0.855911,0.002441,0.142166,0.855362,1845,0
1993,12,0,1,1,1,0.353816,0.602894,0.043290,0.353409,0.603287,0.043274,1845,0
1994,12,1,2,2,2,0.016758,0.453754,0.529488,0.016754,0.454742,0.528488,1845,0
1995,12,1,1,1,1,0.251070,0.565413,0.183518,0.250992,0.565887,0.183090,1845,0
1996,12,0,0,0,0,0.799990,0.194244,0.005766,0.799316,0.194885,0.005783,1845,0
1997,12,2,2,2,2,0.001497,0.080612,0.917891,0.001495,0.080872,0.917618,1845,0
1998,12,1,1,1,1,0.073680,0.681784,0.244535,0.073547,0.682022,0.244415,1845,0
1999,12,1,1,1,1,0.118599,0.720645,0.160757,0.118546,0.721008,0.160431,1845,0
2000,12,1,1,1,1,0.309323,0.592378,0.098299,0.308533,0.592911,0.098541,1845,0
2001,12,0,0,0,0,0.930317,0.068766,0.000917,0.929993,0.069061,0.000916,1845,0
2002,12,2,2,2,2,0.002394,0.187129,0.810477,0.002396,0.187897,0.809692,1845,0
2003,12,1,1,1,1,0.266347,0.640674,0.092979,0.265457,0.641296,0.093216,1845,0
2004,12,2,2,2,2,0.003389,0.154578,0.842033,0.003387,0.155212,0.841385,1845,0
2005,12,1,1,1,1,0.394657,0.576276,0.029068,0.393875,0.576981,0.029129,1845,0
2006,12,0,0,0,0,0.844879,0.151315,0.003806,0.813416,0.181610,0.004959,1845,0
2007,12,2,2,2,2,0.000529,0.037109,0.962361,0.000519,0.037140,0.962326,1845,0
2008,12,0,1,1,1,0.247413,0.645299,0.107288,0.246933,0.645721,0.107315,1845,0
2009,12,1,1,1,1,0.055193,0.736932,0.207875,0.049927,0.727295,0.222763,1845,0
2010,12,1,1,1,1,0.441563,0.526932,0.031506,0.440903,0.527527,0.031555,1845,0
2011,12,0,1,1,1,0.337972,0.607103,0.054925,0.337753,0.607407,0.054810,1845,0
2012,12,1,1,1,1,0.354171,0.606179,0.039651,0.353516,0.606750,0.039703,1845,0
2013,12,2,2,2,2,0.000249,0.035459,0.964291,0.000244,0.035583,0.964157,1845,0
2014,12,1,1,1,1,0.126450,0.724089,0.149461,0.126160,0.724396,0.149414,1845,0
2015,12,1,1,1,1,0.385525,0.553452,0.061023,0.384537,0.554230,0.061203,1845,0
2016,12,1,1,1,1,0.021179,0.504964,0.473858,0.021179,0.505630,0.473175,1845,0
2017,12,0,0,0,0,0.793152,0.199614,0.007234,0.792343,0.200378,0.007263,1845,0
2018,12,2,2,2,2,0.003743,0.166033,0.830223,0.003738,0.166656,0.829575,1845,0
2019,12,1,1,1,1,0.176391,0.689037,0.134571,0.176254,0.689468,0.134262,1845,0
2020,12,2,2,2,2,0.020208,0.352578,0.627214,0.020157,0.352890,0.626923,1845,0
2021,12,1,1,1,1,0.116518,0.734218,0.149264,0.116180,0.734375,0.149429,1845,0
2022,12,0,0,0,0,0.950535,0.048754,0.000711,0.950378,0.048904,0.000702,1845,0
2023,12,2,2,2,2,0.002758,0.138999,0.858242,0.002747,0.139420,0.857803,1845,0
2024,12,0,0,0,0,0.609261,0.375996,0.014743,0.608276,0.376923,0.014771,1845,0
2025,12,1,1,1,1,0.091096,0.650473,0.258431,0.091049,0.651031,0.257889,1845,0
2026,12,1,0,0,0,0.498659,0.479826,0.021515,0.498001,0.480453,0.021515,1845,0
2027,12,0,0,0,0,0.828326,0.168102,0.003572,0.827728,0.168671,0.003586,1845,0
2028,12,1,0,0,0,0.537773,0.431392,0.030835,0.537369,0.431839,0.030777,1845,0
2029,12,2,2,2,2,0.009046,0.244679,0.746275,0.009064,0.245468,0.745453,1845,0
2030,12,1,1,1,1,0.033056,0.586071,0.380873,0.032990,0.586304,0.380692,1845,0
2031,12,1,1,1,1,0.119958,0.735476,0.144566,0.119568,0.735672,0.144730,1845,0
2032,12,1,1,1,1,0.062043,0.652786,0.285171,0.061935,0.653183,0.284851,1845,0
2033,12,0,0,0,0,0.761741,0.228835,0.009424,0.761169,0.229370,0.009430,1845,0
2034,12,2,2,2,2,0.004991,0.244456,0.750553,0.004990,0.245346,0.749634,1845,0
2035,12,1,1,1,1,0.252922,0.668613,0.078465,0.252258,0.669083,0.078629,1845,0
2036,12,2,2,2,2,0.001168,0.098993,0.899840,0.001160,0.099380,0.899429,1845,0
2037,12,1,0,0,0,0.491884,0.484698,0.023418,0.490906,0.485611,0.023453,1845,0
2038,12,0,0,0,0,0.837532,0.158627,0.003841,0.836868,0.159256,0.003845,1845,0
2039,12,2,2,2,2,0.001344,0.113912,0.884744,0.001328,0.114334,0.884308,1845,0
2040,12,0,0,0,0,0.832745,0.162551,0.004705,0.832306,0.162964,0.004700,1845,0
2041,12,1,0,0,0,0.656548,0.330366,0.013086,0.655533,0.331329,0.013123,1845,0
2042,12,0,0,0,0,0.707401,0.283875,0.008724,0.706573,0.284668,0.008743,1845,0
2043,12,1,0,0,0,0.690821,0.295482,0.013697,0.690140,0.296112,0.013718,1845,0
2044,12,2,2,2,2,0.000941,0.073949,0.925109,0.000931,0.074234,0.924805,1845,0
2045,12,1,1,1,1,0.051462,0.509140,0.439398,0.051498,0.509964,0.438522,1845,0
2046,13,1,1,1,1,0.190230,0.707437,0.102333,0.191757,0.706253,0.101959,1845,0
2047,13,1,2,2,2,0.001500,0.066992,0.931508,0.001495,0.066971,0.931519,1845,0
2048,13,0,0,0,0,0.925960,0.072748,0.001291,0.926743,0.071976,0.001266,1845,0
2049,13,2,2,2,2,0.002232,0.091422,0.906346,0.002213,0.091354,0.906403,1845,0
2050,13,1,1,1,1,0.106581,0.717991,0.175428,0.107803,0.717484,0.174683,1845,0
2051,13,2,2,2,2,0.000980,0.076317,0.922702,0.000977,0.076309,0.922699,1845,0
2052,13,1,1,1,1,0.178874,0.726583,0.094542,0.181305,0.724777,0.093903,1845,0
2053,13,2,2,2,2,0.003396,0.169811,0.826793,0.003387,0.169556,0.827026,1845,0
2054,13,0,0,0,0,0.649125,0.338237,0.012638,0.652847,0.334702,0.012436,1845,0
2055,13,1,1,1,1,0.181998,0.749597,0.068405,0.183350,0.748444,0.068192,1845,0
2056,13,1,1,1,1,0.302894,0.655129,0.041978,0.304871,0.653336,0.041779,1845,0
2057,13,0,0,0,0,0.781248,0.211792,0.006960,0.784012,0.209152,0.006821,1845,0
2058,13,1,0,0,0,0.637832,0.348347,0.013821,0.642151,0.344254,0.013565,1845,0
2059,13,2,2,2,2,0.002985,0.162812,0.834203,0.002975,0.162598,0.834412,1845,0
2060,13,1,1,1,1,0.065089,0.756949,0.177962,0.065796,0.756775,0.177399,1845,0
2061,13,1,0,0,0,0.706305,0.283183,0.010513,0.618774,0.365936,0.015274,1845,0
2062,13,1,0,0,0,0.782432,0.209800,0.007768,0.784821,0.207535,0.007629,1845,0
2063,13,0,1,1,1,0.230258,0.691945,0.077797,0.232910,0.689804,0.077255,1845,0
2064,13,2,2,2,2,0.003100,0.136388,0.860512,0.003098,0.136246,0.860641,1845,0
2065,13,1,1,1,1,0.029526,0.657225,0.313249,0.029617,0.656906,0.313461,1845,0
2066,13,2,2,2,2,0.010962,0.213557,0.775481,0.010956,0.213333,0.775696,1845,0
2067,13,1,1,1,1,0.435214,0.532109,0.032678,0.439438,0.528275,0.032257,1845,0
2068,13,0,1,1,1,0.326889,0.631146,0.041965,0.328690,0.629517,0.041779,1845,0
2069,13,2,2,2,2,0.017602,0.391710,0.590688,0.017715,0.391953,0.590317,1845,0
2070,13,0,0,0,0,0.888890,0.109026,0.002084,0.890152,0.107773,0.002045,1845,0
2071,13,1,1,1,1,0.049145,0.756522,0.194333,0.049561,0.756500,0.193909,1845,0
2072,13,1,1,1,1,0.468431,0.498874,0.032695,0.458694,0.507370,0.033920,1845,0
2073,13,0,0,0,0,0.776051,0.217124,0.006825,0.778320,0.214935,0.006714,1845,0
2074,13,1,0,0,0,0.529398,0.449320,0.021282,0.533615,0.445389,0.020981,1845,0
2075,13,2,2,2,2,0.001883,0.087407,0.910710,0.001862,0.087357,0.910751,1845,0
2076,13,1,1,1,1,0.122950,0.714748,0.162302,0.124191,0.714081,0.161713,1845,0
2077,13,1,1,1,1,0.402639,0.556953,0.040407,0.469620,0.498108,0.032257,1845,0
2078,13,1,1,1,1,0.049532,0.629614,0.320854,0.049820,0.629425,0.320740,1845,0
2079,13,0,0,0,0,0.587342,0.391050,0.021608,0.591690,0.387054,0.021240,1845,0
2080,13,2,2,2,2,0.001679,0.074047,0.924273,0.001663,0.074051,0.924255,1845,0
2081,13,1,2,2,2,0.006102,0.230606,0.763292,0.006088,0.230270,0.763611,1845,0
2082,13,2,2,2,2,0.000471,0.040388,0.959142,0.000458,0.040359,0.959152,1845,0
2083,13,1,1,1,1,0.461254,0.493627,0.045120,0.386551,0.556747,0.056671,1845,0
2084,13,0,0,0,0,0.756356,0.235409,0.008235,0.759079,0.232803,0.008087,1845,0
2085,13,2,2,2,2,0.000780,0.060779,0.938441,0.000763,0.060745,0.938461,1845,0
2086,13,0,0,0,0,0.572176,0.401083,0.026741,0.576248,0.397385,0.026337,1845,0
2087,13,1,1,1,1,0.076899,0.673701,0.249401,0.077393,0.673447,0.249146,1845,0
2088,13,1,0,0,0,0.599807,0.378443,0.021750,0.577499,0.398788,0.023697,1845,0
2089,13,0,0,0,0,0.839331,0.157422,0.003247,0.835571,0.161072,0.003326,1845,0
2090,13,1,1,1,1,0.163187,0.726184,0.110629,0.165543,0.724594,0.109833,1845,0
2091,13,2,2,2,2,0.003145,0.162044,0.834811,0.003143,0.161835,0.835007,1845,0
2092,13,1,1,1,1,0.152194,0.726964,0.120842,0.153259,0.726120,0.120605,1845,0
2093,13,1,0,0,0,0.584206,0.397288,0.018506,0.588257,0.393509,0.018219,1845,0
2094,13,1,1,1,1,0.026805,0.638448,0.334747,0.026917,0.638245,0.334824,1845,0
2095,13,0,0,0,0,0.775686,0.218433,0.005880,0.778732,0.215485,0.005753,1845,0
2096,13,2,2,2,2,0.000690,0.049884,0.949426,0.000687,0.049850,0.949448,1845,0
2097,13,1,1,1,1,0.108992,0.673672,0.217336,0.110474,0.673279,0.216217,1845,0
2098,13,2,2,2,2,0.005832,0.247696,0.746472,0.005493,0.234756,0.759735,1845,0
2099,13,1,0,0,0,0.799255,0.195624,0.005121,0.801727,0.193222,0.005020,1845,0
2100,13,0,0,0,0,0.878825,0.117907,0.003268,0.880386,0.116394,0.003189,1845,0
2101,13,2,2,2,2,0.005504,0.147565,0.846931,0.005493,0.147415,0.847061,1845,0
2102,13,0,1,1,1,0.266402,0.664609,0.068989,0.268509,0.662842,0.068634,1845,0
2103,13,1,1,1,1,0.027698,0.577066,0.395236,0.026627,0.576080,0.397263,1845,0
2104,13,1,1,1,1,0.063785,0.718773,0.217442,0.072495,0.728592,0.198898,1845,0
2105,13,0,0,0,0,0.721270,0.268575,0.010155,0.723541,0.266418,0.010025,1845,0
2106,13,1,1,1,1,0.320705,0.622463,0.056832,0.324753,0.619019,0.056213,1845,0
2107,13,2,2,2,2,0.002405,0.134518,0.863077,0.002396,0.134430,0.863144,1845,0
2108,13,1,1,1,1,0.180781,0.679222,0.139997,0.181702,0.678818,0.139450,1845,0
2109,13,1,1,1,1,0.452987,0.501404,0.045609,0.306610,0.623703,0.069672,1845,0
2110,13,1,2,2,2,0.045879,0.455094,0.499027,0.046387,0.461304,0.492279,1845,0
2111,13,0,0,0,0,0.665783,0.321110,0.013106,0.669540,0.317551,0.012878,1845,0
2112,13,2,2,2,2,0.015676,0.292131,0.692193,0.015686,0.291901,0.692398,1845,0
2113,13,1,1,1,1,0.122395,0.709099,0.168506,0.123627,0.708466,0.167877,1845,0
2114,13,2,2,2,2,0.002343,0.124946,0.872711,0.002335,0.124893,0.872742,1845,0
2115,13,1,0,0,0,0.486873,0.479475,0.033651,0.490921,0.475876,0.033188,1845,0
2116,13,0,0,0,0,0.527403,0.444629,0.027968,0.531494,0.440918,0.027573,1845,0
2117,13,2,2,2,2,0.002637,0.111860,0.885503,0.002625,0.111740,0.885605,1845,0
2118,13,0,0,0,0,0.910099,0.087932,0.001969,0.739517,0.252060,0.008392,1845,0
2119,13,1,1,1,1,0.098038,0.669521,0.232441,0.098663,0.669174,0.232147,1845,0
2120,13,1,0,0,0,0.750237,0.241244,0.008520,0.753021,0.238586,0.008362,1845,0
2121,13,0,0,0,0,0.602287,0.376700,0.021013,0.605194,0.374008,0.020767,1845,0
2122,13,1,1,1,1,0.404235,0.539429,0.056336,0.408157,0.536163,0.055664,1845,0
2123,13,2,2,2,2,0.014989,0.324740,0.660271,0.014984,0.324478,0.660507,1845,0
2124,13,1,0,0,0,0.675643,0.313459,0.010899,0.679291,0.309982,0.010712,1845,0
2125,13,1,0,0,0,0.649817,0.335882,0.014301,0.653412,0.332504,0.014069,1845,0
2126,13,1,1,1,1,0.365569,0.574798,0.059633,0.369232,0.571747,0.059006,1845,0
2127,13,0,1,1,1,0.428786,0.538737,0.032477,0.431335,0.536392,0.032242,1845,0
2128,13,2,2,2,2,0.015465,0.338231,0.646304,0.015518,0.338150,0.646317,1845,0
2129,13,1,1,1,1,0.061029,0.760811,0.178160,0.061768,0.760635,0.177582,1845,0
2130,13,2,2,2,2,0.005379,0.270488,0.724133,0.005417,0.270706,0.723862,1845,0
2131,13,1,1,1,1,0.263007,0.680956,0.056037,0.266556,0.677917,0.055496,1845,0
2132,13,0,0,0,0,0.618989,0.364884,0.016127,0.623215,0.360916,0.015839,1845,0
2133,13,2,2,2,2,0.003575,0.123282,0.873143,0.003571,0.123276,0.873123,1845,0
2134,13,0,0,0,0,0.896244,0.101242,0.002515,0.897156,0.100357,0.002472,1845,0
2135,13,1,1,1,1,0.066422,0.648613,0.284965,0.066757,0.648224,0.284988,1845,0
2136,13,1,0,0,0,0.651231,0.336014,0.012755,0.655014,0.332413,0.012543,1845,0
2137,13,0,1,1,1,0.382133,0.573823,0.044043,0.384659,0.571564,0.043762,1845,0
2138,13,1,0,0,0,0.660322,0.327289,0.012389,0.664307,0.323502,0.012161,1845,0
2139,13,2,2,2,2,0.000855,0.074084,0.925060,0.000839,0.074020,0.925110,1845,0
2140,13,1,1,1,1,0.091002,0.700378,0.208620,0.091614,0.699982,0.208374,1845,0
2141,13,1,1,1,1,0.142546,0.769343,0.088110,0.143768,0.768372,0.087830,1845,0
2142,13,1,1,1,1,0.056366,0.740216,0.203418,0.056763,0.739975,0.203247,1845,0
2143,13,0,0,0,0,0.833875,0.161794,0.004331,0.836182,0.159561,0.004242,1845,0
2144,13,2,2,2,2,0.009942,0.274994,0.715064,0.010040,0.275589,0.714340,1845,0
2145,13,1,1,1,1,0.127633,0.733275,0.139092,0.129288,0.732361,0.138336,1845,0
2146,13,2,2,2,2,0.012466,0.348640,0.638894,0.012482,0.348450,0.639053,1845,0
2147,13,1,1,1,1,0.382580,0.564138,0.053282,0.386627,0.560654,0.052689,1845,0
2148,13,0,0,0,0,0.706268,0.283377,0.010355,0.709366,0.280426,0.010193,1845,0
2149,13,2,2,2,2,0.003813,0.152623,0.843563,0.003830,0.153549,0.842606,1845,0
2150,13,1,1,1,1,0.056768,0.711777,0.231454,0.057068,0.711456,0.231445,1845,0
2151,13,1,1,1,1,0.181852,0.735652,0.082496,0.183777,0.734146,0.082062,1845,0
2152,13,0,0,0,0,0.811579,0.182911,0.005510,0.814041,0.180527,0.005402,1845,0
2153,13,1,0,0,0,0.530248,0.444241,0.025511,0.534454,0.440384,0.025131,1845,0
2154,13,2,2,2,2,0.023516,0.336599,0.639885,0.023560,0.338074,0.638351,1845,0
2155,13,1,1,1,1,0.135793,0.641590,0.222617,0.136047,0.641083,0.222855,1845,0
2156,13,1,1,1,1,0.327821,0.627628,0.044551,0.331390,0.624451,0.044144,1845,0
2157,13,1,1,1,1,0.197991,0.612922,0.189087,0.198425,0.612442,0.189102,1845,0
2158,13,0,0,0,0,0.897184,0.100391,0.002425,0.881668,0.115387,0.002914,1845,0
2159,13,2,2,2,2,0.014150,0.305549,0.680301,0.014191,0.305450,0.680328,1845,0
2160,13,1,1,1,1,0.450021,0.512857,0.037122,0.453781,0.509476,0.036728,1845,0
2161,13,2,2,2,2,0.002850,0.141709,0.855441,0.002838,0.141693,0.855438,1845,0
2162,13,1,1,1,1,0.245094,0.676763,0.078143,0.247467,0.674850,0.077667,1845,0
2163,13,0,1,1,1,0.110298,0.696096,0.193607,0.113953,0.696823,0.189194,1845,0
2164,13,2,2,2,2,0.007847,0.297263,0.694890,0.011810,0.373962,0.614212,1845,0
2165,13,0,1,1,1,0.264643,0.663334,0.072023,0.265198,0.662720,0.072052,1845,0
2166,13,1,1,1,1,0.048474,0.663565,0.287961,0.048615,0.663147,0.288208,1845,0
2167,13,1,1,1,1,0.314075,0.615489,0.070436,0.317673,0.612534,0.069778,1845,0
2168,13,0,0,0,0,0.696013,0.291515,0.012473,0.699524,0.288193,0.012268,1845,0
2169,13,1,0,0,0,0.650893,0.332674,0.016433,0.654388,0.329422,0.016174,1845,0
2170,13,2,2,2,2,0.002976,0.178307,0.818717,0.002991,0.178375,0.818619,1845,0
2171,13,1,1,1,1,0.053937,0.732853,0.213211,0.054382,0.732727,0.212875,1845,0
2172,13,1,1,1,1,0.104151,0.780861,0.114988,0.104599,0.780472,0.114914,1845,0
2173,13,0,1,1,1,0.199444,0.662076,0.138481,0.200348,0.661270,0.138351,1845,0
2174,13,2,1,1,1,0.128695,0.508508,0.362797,0.128815,0.508026,0.363129,1845,0
2175,13,1,1,1,1,0.126051,0.717380,0.156569,0.127197,0.716629,0.156158,1845,0
2176,13,2,2,2,2,0.010122,0.378853,0.611025,0.010162,0.378845,0.610962,1845,0
2177,13,1,1,1,1,0.441044,0.529969,0.028987,0.440125,0.530884,0.028976,1845,0
2178,13,0,0,0,0,0.909816,0.088532,0.001652,0.911041,0.087326,0.001617,1845,0
2179,13,2,2,2,2,0.018171,0.439501,0.542328,0.018448,0.440445,0.541077,1845,0
2180,13,0,1,1,1,0.270847,0.578444,0.150709,0.271149,0.577942,0.150879,1845,0
2181,13,1,1,1,1,0.038514,0.684496,0.276990,0.038834,0.684586,0.276566,1845,0
2182,13,1,0,0,0,0.562536,0.420406,0.017057,0.566864,0.416321,0.016785,1845,0
2183,13,0,0,0,0,0.895440,0.102331,0.002229,0.896622,0.101181,0.002182,1845,0
2184,13,1,0,0,0,0.569193,0.414677,0.016131,0.573563,0.410538,0.015869,1845,0
2185,13,2,2,2,2,0.003128,0.206434,0.790438,0.003128,0.206482,0.790375,1845,0
2186,13,1,1,1,1,0.046796,0.686384,0.266821,0.047226,0.686478,0.266281,1845,0
2187,13,1,1,1,1,0.158860,0.731082,0.110058,0.161224,0.729507,0.109238,1845,0
2188,13,1,1,1,1,0.045950,0.708304,0.245746,0.046066,0.707855,0.246063,1845,0
2189,13,0,0,0,0,0.732920,0.257001,0.010079,0.709030,0.279541,0.011414,1845,0
2190,13,2,2,2,2,0.000594,0.056322,0.943085,0.000580,0.056244,0.943146,1845,0
2191,13,1,1,1,1,0.022384,0.520535,0.457081,0.022446,0.520157,0.457382,1845,0
2192,13,2,2,2,2,0.003397,0.209361,0.787242,0.003418,0.209763,0.786804,1845,0
2193,13,1,1,1,1,0.145573,0.746341,0.108086,0.147552,0.745010,0.107422,1845,0
2194,13,0,1,1,1,0.156596,0.687716,0.155688,0.157486,0.687012,0.155472,1845,0
2195,13,2,2,2,2,0.004816,0.246066,0.749119,0.004837,0.246262,0.748871,1845,0
2196,13,0,0,0,0,0.699913,0.286689,0.013398,0.703278,0.283539,0.013168,1845,0
2197,13,1,1,1,1,0.433042,0.534644,0.032314,0.437668,0.530441,0.031860,1845,0
2198,13,0,0,0,0,0.494572,0.482492,0.022937,0.498932,0.478424,0.022614,1845,0
2199,13,1,0,0,0,0.506262,0.470326,0.023413,0.510422,0.466476,0.023087,1845,0
2200,13,2,2,2,2,0.000334,0.030000,0.969666,0.000320,0.029999,0.969650,1845,0
2201,13,1,1,1,1,0.032639,0.603894,0.363467,0.030746,0.593445,0.375793,1845,0
2202,14,1,1,1,1,0.094837,0.662826,0.242337,0.094849,0.663239,0.241898,1845,0
2203,14,1,1,1,1,0.043006,0.669391,0.287604,0.042999,0.669785,0.287186,1845,0
2204,14,0,1,1,1,0.374982,0.577892,0.047127,0.374985,0.577911,0.047089,1845,0
2205,14,2,1,1,1,0.057236,0.667177,0.275586,0.057205,0.667419,0.275345,1845,0
2206,14,1,1,1,1,0.118522,0.756742,0.124737,0.118515,0.756851,0.124603,1845,0
2207,14,2,1,1,1,0.144187,0.647664,0.208149,0.144180,0.647980,0.207809,1845,0
2208,14,1,1,1,1,0.081348,0.782908,0.135743,0.081284,0.782898,0.135788,1845,0
2209,14,0,0,0,0,0.498086,0.466926,0.034987,0.497864,0.467178,0.034927,1845,0
2210,14,2,2,2,2,0.035077,0.280524,0.684399,0.035080,0.280869,0.684036,1845,0
2211,14,0,1,1,1,0.435080,0.530392,0.034528,0.434860,0.530609,0.034500,1845,0
2212,14,1,1,1,1,0.108652,0.737677,0.153670,0.108612,0.737656,0.153702,1845,0
2213,14,1,1,1,1,0.128648,0.694478,0.176874,0.128555,0.694580,0.176834,1845,0
2214,14,0,0,0,0,0.588388,0.391323,0.020289,0.587799,0.391861,0.020309,1845,0
2215,14,1,1,1,1,0.146532,0.705635,0.147833,0.146500,0.705902,0.147583,1845,0
2216,14,2,2,2,2,0.003871,0.243983,0.752146,0.004196,0.232986,0.762787,1845,0
2217,14,1,1,1,1,0.104146,0.761199,0.134655,0.104050,0.761276,0.134659,1845,0
2218,14,1,1,1,1,0.276794,0.604907,0.118299,0.276855,0.605057,0.118057,1845,0
2219,14,1,1,1,1,0.111993,0.546899,0.341109,0.112061,0.547363,0.340561,1845,0
2220,14,0,1,1,1,0.302715,0.638678,0.058606,0.302582,0.638870,0.058517,1845,0
2221,14,2,2,2,2,0.037327,0.253802,0.708872,0.037354,0.254211,0.708420,1845,0
2222,14,1,0,0,0,0.760209,0.228961,0.010831,0.759964,0.229172,0.010834,1845,0
2223,14,2,2,2,2,0.003775,0.093213,0.903012,0.003769,0.093369,0.902847,1845,0
2224,14,1,0,0,0,0.667409,0.319513,0.013078,0.667068,0.319824,0.013077,1845,0
2225,14,0,0,0,0,0.681068,0.303969,0.014964,0.680664,0.304352,0.014954,1845,0
2226,14,2,1,1,1,0.096300,0.662217,0.241483,0.096298,0.662521,0.241150,1845,0
2227,14,0,0,0,0,0.799792,0.194477,0.005731,0.799240,0.194992,0.005737,1845,0
2228,14,1,1,1,1,0.252222,0.685300,0.062478,0.252045,0.685440,0.062485,1845,0
2229,14,1,1,1,1,0.272192,0.614859,0.112949,0.272110,0.615158,0.112701,1845,0
2230,14,0,0,0,0,0.511945,0.462033,0.026023,0.511673,0.462265,0.026031,1845,0
2231,14,1,1,1,1,0.156628,0.754717,0.088655,0.156540,0.754837,0.088593,1845,0
2232,14,2,1,1,1,0.190609,0.643383,0.166007,0.190552,0.643570,0.165863,1845,0
2233,14,1,1,1,1,0.148570,0.699356,0.152074,0.148529,0.699448,0.151993,1845,0
2234,14,2,2,2,2,0.010024,0.348480,0.641496,0.010010,0.348694,0.641266,1845,0
2235,14,1,1,1,1,0.051361,0.721341,0.227298,0.051346,0.721558,0.227066,1845,0
2236,14,2,1,1,1,0.026571,0.564645,0.408784,0.026550,0.564621,0.408813,1845,0
2237,14,1,1,1,1,0.069788,0.669953,0.260259,0.069748,0.669983,0.260239,1845,0
2238,14,0,0,0,0,0.754083,0.238147,0.007769,0.753601,0.238602,0.007782,1845,0
2239,14,2,1,1,1,0.062952,0.524925,0.412123,0.062973,0.525467,0.411545,1845,0
2240,14,0,1,1,1,0.327634,0.605414,0.066952,0.327530,0.605606,0.066833,1845,0
2241,14,1,1,1,1,0.050917,0.619496,0.329588,0.050919,0.619873,0.329178,1845,0
2242,14,1,1,1,1,0.071592,0.770958,0.157450,0.071594,0.771042,0.157333,1845,0
2243,14,0,1,1,1,0.259740,0.608949,0.131311,0.259659,0.609268,0.131058,1845,0
2244,14,1,1,1,1,0.057264,0.674975,0.267761,0.057266,0.675232,0.267487,1845,0
2245,14,2,2,2,2,0.020207,0.435492,0.544301,0.020218,0.436050,0.543716,1845,0
2246,14,1,2,2,2,0.024090,0.451060,0.524851,0.024124,0.451996,0.523865,1845,0
2247,14,1,1,1,1,0.032841,0.680301,0.286858,0.032837,0.680466,0.286682,1845,0
2248,14,1,1,1,1,0.023232,0.511105,0.465662,0.023239,0.511658,0.465088,1845,0
2249,14,0,1,1,1,0.387622,0.573667,0.038710,0.387314,0.573929,0.038742,1845,0
2250,14,2,2,2,2,0.013498,0.303170,0.683332,0.013504,0.303665,0.682800,1845,0
2251,14,1,1,1,1,0.431436,0.521644,0.046920,0.431168,0.521851,0.046967,1845,0
2252,14,2,2,2,2,0.024626,0.483335,0.492039,0.024628,0.483887,0.491470,1845,0
2253,14,1,2,2,2,0.034983,0.467426,0.497590,0.031631,0.430801,0.537552,1845,0
2254,14,0,1,1,1,0.200883,0.640742,0.158375,0.200897,0.640991,0.158081,1845,0
2255,14,2,2,2,2,0.005512,0.250836,0.743652,0.005508,0.251266,0.743195,1845,0
2256,14,0,0,0,0,0.602319,0.380342,0.017338,0.601959,0.380661,0.017349,1845,0
2257,14,1,1,1,1,0.136573,0.704053,0.159374,0.136597,0.704315,0.159073,1845,0
2258,14,1,1,1,1,0.033905,0.545269,0.420825,0.033920,0.545776,0.420288,1845,0
2259,14,0,1,1,1,0.249400,0.636595,0.114005,0.249374,0.636810,0.113785,1845,0
2260,14,1,1,1,1,0.079984,0.728541,0.191476,0.079926,0.728760,0.191284,1845,0
2261,14,2,1,1,1,0.095908,0.668305,0.235787,0.095886,0.668655,0.235443,1845,0
2262,14,1,1,1,1,0.189333,0.727274,0.083394,0.189240,0.727325,0.083420,1845,0
2263,14,1,1,1,1,0.074408,0.681150,0.244441,0.074371,0.681290,0.244308,1845,0
2264,14,1,1,1,1,0.047242,0.576096,0.376662,0.047226,0.576447,0.376312,1845,0
2265,14,0,1,1,1,0.054794,0.625059,0.320146,0.054825,0.625397,0.319763,1845,0
2266,14,2,1,1,1,0.102947,0.735117,0.161936,0.102890,0.735245,0.161835,1845,0
2267,14,1,1,1,1,0.138956,0.729149,0.131895,0.138779,0.729279,0.131912,1845,0
2268,14,2,1,1,1,0.058269,0.616785,0.324946,0.109879,0.662003,0.228104,1845,0
2269,14,1,1,1,1,0.228586,0.679084,0.092330,0.228409,0.679245,0.092331,1845,0
2270,14,0,1,1,1,0.373471,0.561962,0.064567,0.368256,0.566010,0.065704,1845,0
2271,14,2,2,2,2,0.012751,0.329229,0.658020,0.012756,0.329819,0.657410,1845,0
2272,14,0,0,0,0,0.774925,0.219045,0.006030,0.774612,0.219330,0.006027,1845,0
2273,14,1,1,1,1,0.212082,0.698267,0.089651,0.211899,0.698441,0.089630,1845,0
2274,14,1,1,1,1,0.099448,0.726584,0.173969,0.099457,0.726685,0.173843,1845,0
2275,14,0,1,1,1,0.419550,0.541113,0.039337,0.419189,0.541412,0.039368,1845,0
2276,14,1,1,1,1,0.388759,0.566519,0.044722,0.388474,0.566772,0.044724,1845,0
2277,14,2,2,2,2,0.020520,0.348445,0.631035,0.020554,0.349091,0.630341,1845,0
2278,14,1,1,1,1,0.047916,0.712339,0.239745,0.047897,0.712372,0.239716,1845,0
2279,14,1,1,1,1,0.068347,0.737331,0.194322,0.068329,0.737335,0.194321,1845,0
2280,14,1,1,1,1,0.075644,0.629805,0.294552,0.075638,0.630249,0.294098,1845,0
2281,14,0,0,0,0,0.622348,0.355473,0.022179,0.621811,0.355972,0.022202,1845,0
2282,14,2,1,1,1,0.075893,0.539842,0.384265,0.080399,0.533981,0.385590,1845,0
2283,14,1,1,1,1,0.051186,0.643485,0.305329,0.051193,0.643845,0.304947,1845,0
2284,14,2,1,1,1,0.177660,0.716643,0.105697,0.177490,0.716736,0.105743,1845,0
2285,14,1,1,1,1,0.247421,0.670936,0.081643,0.247406,0.671005,0.081573,1845,0
2286,14,0,0,0,0,0.589556,0.392105,0.018338,0.589157,0.392502,0.018326,1845,0
2287,14,2,1,1,1,0.043689,0.541706,0.414605,0.043716,0.542313,0.413956,1845,0
2288,14,0,0,0,0,0.763911,0.227915,0.008174,0.763443,0.228348,0.008179,1845,0
2289,14,1,1,1,1,0.229667,0.694298,0.076036,0.229446,0.694458,0.076065,1845,0
2290,14,1,1,1,1,0.215122,0.683742,0.101136,0.231781,0.662292,0.105911,1845,0
2291,14,0,1,1,1,0.409850,0.540018,0.050132,0.409592,0.540253,0.050125,1845,0
2292,14,1,1,1,1,0.306150,0.631833,0.062017,0.306229,0.631821,0.061935,1845,0
2293,14,2,2,2,2,0.013042,0.356365,0.630594,0.013046,0.356979,0.629944,1845,0
2294,14,1,1,1,1,0.208590,0.604561,0.186850,0.208557,0.604889,0.186523,1845,0
2295,14,1,1,1,1,0.237058,0.668880,0.094062,0.236725,0.669113,0.094147,1845,0
2296,14,1,1,1,1,0.029521,0.614547,0.355932,0.029526,0.614868,0.355591,1845,0
2297,14,0,0,0,0,0.500337,0.472108,0.027556,0.500031,0.472397,0.027542,1845,0
2298,14,2,2,2,2,0.008372,0.259812,0.731816,0.008377,0.260437,0.731171,1845,0
2299,14,1,1,1,1,0.020512,0.589647,0.389841,0.020508,0.589905,0.389557,1845,0
2300,14,2,2,2,2,0.007836,0.311739,0.680424,0.007828,0.312042,0.680115,1845,0
2301,14,1,1,1,1,0.105493,0.708330,0.186178,0.105362,0.708328,0.186295,1845,0
2302,14,0,1,1,1,0.373301,0.587664,0.039035,0.373032,0.587891,0.039062,1845,0
2303,14,2,2,2,2,0.007739,0.202125,0.790136,0.007751,0.202667,0.789566,1845,0
2304,14,0,0,0,0,0.895846,0.101999,0.002155,0.895660,0.102173,0.002151,1845,0
2305,14,1,1,1,1,0.067600,0.718673,0.213727,0.067566,0.718842,0.213562,1845,0
2306,14,1,1,1,1,0.345999,0.601966,0.052036,0.345535,0.602356,0.052094,1845,0
2307,14,0,0,0,0,0.522833,0.453538,0.023629,0.522476,0.453857,0.023636,1845,0
2308,14,1,1,1,1,0.185563,0.697091,0.117346,0.185364,0.697159,0.117447,1845,0
2309,14,2,2,2,2,0.012605,0.257118,0.730277,0.012619,0.257645,0.729721,1845,0
2310,14,1,1,1,1,0.314816,0.624549,0.060636,0.314499,0.624771,0.060699,1845,0
2311,14,1,1,1,1,0.105900,0.669304,0.224797,0.105728,0.669327,0.224915,1845,0
2312,14,1,1,1,1,0.247402,0.650729,0.101870,0.247375,0.650818,0.101776,1845,0
2313,14,0,0,0,0,0.811450,0.182872,0.005678,0.811111,0.183197,0.005676,1845,0
2314,14,2,2,2,2,0.028644,0.380561,0.590795,0.028671,0.381287,0.590012,1845,0
2315,14,1,1,1,1,0.258811,0.677948,0.063241,0.258484,0.678177,0.063309,1845,0
2316,14,2,2,2,2,0.009272,0.339675,0.651053,0.009262,0.339844,0.650879,1845,0
2317,14,1,1,1,1,0.263280,0.664529,0.072192,0.263260,0.664597,0.072113,1845,0
2318,14,0,0,0,0,0.650959,0.334750,0.014291,0.650558,0.335114,0.014313,1845,0
2319,14,2,1,1,1,0.074047,0.582231,0.343722,0.074051,0.582565,0.343353,1845,0
2320,14,0,0,0,0,0.724665,0.263274,0.012061,0.724289,0.263626,0.012054,1845,0
2321,14,1,1,1,1,0.028355,0.608909,0.362736,0.028336,0.609177,0.362457,1845,0
2322,14,1,1,1,1,0.015105,0.544751,0.440144,0.015091,0.544907,0.439972,1845,0
2323,14,0,0,0,0,0.753415,0.235595,0.010990,0.753098,0.235870,0.011002,1845,0
2324,14,1,1,1,1,0.071898,0.666749,0.261353,0.071869,0.666931,0.261169,1845,0
2325,14,2,2,2,2,0.022388,0.239000,0.738612,0.022400,0.239578,0.737991,1845,0
2326,14,1,1,1,1,0.032336,0.486843,0.480822,0.032349,0.487411,0.480209,1845,0
2327,14,1,1,1,1,0.345071,0.587181,0.067749,0.345154,0.587204,0.067612,1845,0
2328,14,1,1,1,1,0.250125,0.688362,0.061513,0.249939,0.688553,0.061478,1845,0
2329,14,0,1,1,1,0.131437,0.633396,0.235167,0.131454,0.633865,0.234650,1845,0
2330,14,2,2,2,2,0.005063,0.250608,0.744329,0.005066,0.251007,0.743912,1845,0
2331,14,1,1,1,1,0.125999,0.750759,0.123243,0.125992,0.750870,0.123123,1845,0
2332,14,2,1,1,1,0.044660,0.513189,0.442151,0.044617,0.513184,0.442169,1845,0
2333,14,1,1,1,1,0.220704,0.694392,0.084905,0.220627,0.694473,0.084885,1845,0
2334,14,0,0,0,0,0.743921,0.245825,0.010254,0.672501,0.312759,0.014725,1845,0
2335,14,2,1,1,1,0.106518,0.639422,0.254059,0.106445,0.639633,0.253891,1845,0
2336,14,0,0,0,0,0.604111,0.374961,0.020927,0.537354,0.430359,0.032257,1845,0
2337,14,1,1,1,1,0.066734,0.726692,0.206574,0.066666,0.726807,0.206497,1845,0
2338,14,1,1,1,1,0.381900,0.577177,0.040923,0.381592,0.577438,0.040955,1845,0
2339,14,0,1,1,1,0.312751,0.580112,0.107137,0.312790,0.580292,0.106903,1845,0
2340,14,1,1,1,1,0.137902,0.759319,0.102779,0.137833,0.759415,0.102737,1845,0
2341,14,2,1,1,1,0.024748,0.500469,0.474783,0.024765,0.500977,0.474243,1845,0
2342,14,1,2,2,2,0.045377,0.430790,0.523833,0.045395,0.431396,0.523193,1845,0
2343,14,1,1,1,1,0.273032,0.662890,0.064078,0.272934,0.662933,0.064102,1845,0
2344,14,1,1,1,1,0.029499,0.616454,0.354047,0.028992,0.618393,0.352585,1845,0
2345,14,0,0,0,0,0.618335,0.368459,0.013206,0.618042,0.368729,0.013199,1845,0
2346,14,2,1,1,1,0.072389,0.577371,0.350240,0.072418,0.577866,0.349701,1845,0
2347,14,1,1,1,1,0.170407,0.736018,0.093575,0.170364,0.736160,0.093460,1845,0
2348,14,2,2,2,2,0.006881,0.321241,0.671878,0.006882,0.321838,0.671265,1845,0
2349,14,1,1,1,1,0.146396,0.725167,0.128437,0.153992,0.722229,0.123749,1845,0
2350,14,0,1,1,1,0.189594,0.694768,0.115638,0.189453,0.694946,0.115585,1845,0
2351,14,2,2,2,2,0.041775,0.429612,0.528613,0.041885,0.434906,0.523178,1845,0
2352,14,0,1,1,1,0.306037,0.628576,0.065388,0.305939,0.628677,0.065353,1845,0
2353,14,1,1,1,1,0.061681,0.637148,0.301171,0.061676,0.637421,0.300873,1845,0
2354,14,1,1,1,1,0.046497,0.525256,0.428247,0.046539,0.525909,0.427521,1845,0
2355,14,0,0,0,0,0.698243,0.289564,0.012193,0.697769,0.290009,0.012192,1845,0
2356,14,1,1,1,1,0.267632,0.671608,0.060760,0.267532,0.671738,0.060715,1845,0
2357,14,2,1,1,1,0.025193,0.563591,0.411216,0.025177,0.563797,0.410995,1845,0
2358,14,1,1,1,1,0.036906,0.703691,0.259403,0.036880,0.703781,0.259308,1845,0
2359,15,1,1,1,1,0.063670,0.563678,0.372652,0.063614,0.563797,0.372574,1845,0
2360,15,1,1,1,1,0.077533,0.777617,0.144851,0.077316,0.777649,0.145020,1845,0
2361,15,0,0,0,0,0.712182,0.279533,0.008285,0.711258,0.280411,0.008316,1845,0
2362,15,2,1,1,1,0.068088,0.573854,0.358058,0.067780,0.573608,0.358582,1845,0
2363,15,1,1,1,1,0.105204,0.769622,0.125174,0.104919,0.769699,0.125351,1845,0
2364,15,2,2,2,2,0.020574,0.433285,0.546140,0.020493,0.433151,0.546341,1845,0
2365,15,1,1,1,1,0.066722,0.745659,0.187619,0.066666,0.745743,0.187561,1845,0
2366,15,0,1,1,1,0.083262,0.542147,0.374591,0.083008,0.542099,0.374863,1845,0
2367,15,2,1,1,1,0.032086,0.506639,0.461276,0.031921,0.506302,0.461761,1845,0
2368,15,0,1,1,1,0.238548,0.613777,0.147675,0.238464,0.613937,0.147568,1845,0
2369,15,1,1,1,1,0.050187,0.570626,0.379188,0.050171,0.570816,0.378998,1845,0
2370,15,1,1,1,1,0.156239,0.652072,0.191688,0.156143,0.652267,0.191559,1845,0
2371,15,0,0,0,0,0.931354,0.067573,0.001073,0.931015,0.067886,0.001068,1845,0
2372,15,1,1,1,1,0.170465,0.677018,0.152517,0.169571,0.677414,0.153000,1845,0
2373,15,2,2,2,2,0.012140,0.242352,0.745507,0.012131,0.242477,0.745377,1845,0
2374,15,1,2,2,2,0.005528,0.243718,0.750754,0.005524,0.243973,0.750488,1845,0
2375,15,1,1,1,1,0.183371,0.641748,0.174880,0.183350,0.641876,0.174744,1845,0
2376,15,1,1,1,1,0.051456,0.560184,0.388360,0.051422,0.560318,0.388229,1845,0
2377,15,0,0,0,0,0.695490,0.290487,0.014022,0.694351,0.291534,0.014084,1845,0
2378,15,2,2,2,2,0.006277,0.249822,0.743902,0.006119,0.231827,0.762039,1845,0
2379,15,1,1,1,1,0.046058,0.659785,0.294157,0.045944,0.659668,0.294373,1845,0
2380,15,2,2,2,2,0.010675,0.412584,0.576741,0.010666,0.412720,0.576599,1845,0
2381,15,1,1,1,1,0.120757,0.730251,0.148992,0.120560,0.730301,0.149109,1845,0
2382,15,2,2,2,2,0.012480,0.474741,0.512779,0.012451,0.474884,0.512634,1845,0
2383,15,0,1,1,1,0.396419,0.547409,0.056172,0.396042,0.547714,0.056213,1845,0
2384,15,1,1,1,1,0.142854,0.731890,0.125256,0.142456,0.732071,0.125443,1845,0
2385,15,1,1,1,1,0.335112,0.624097,0.040790,0.312439,0.644226,0.043304,1845,0
2386,15,0,0,0,0,0.819348,0.175574,0.005078,0.818665,0.176224,0.005096,1845,0
2387,15,1,1,1,1,0.259516,0.679531,0.060953,0.259109,0.679840,0.061020,1845,0
2388,15,2,2,2,2,0.003081,0.111763,0.885156,0.003067,0.111893,0.885010,1845,0
2389,15,1,1,1,1,0.176124,0.672507,0.151368,0.175430,0.672882,0.151672,1845,0
2390,15,1,1,1,1,0.181120,0.665415,0.153464,0.180389,0.665741,0.153854,1845,0
2391,15,1,2,2,2,0.002186,0.141799,0.856015,0.002182,0.142044,0.855759,1845,0
2392,15,0,1,1,1,0.449691,0.510779,0.039530,0.448685,0.511642,0.039642,1845,0
2393,15,2,1,1,1,0.040737,0.523012,0.436252,0.040710,0.523178,0.436081,1845,0
2394,15,1,1,1,1,0.126607,0.769221,0.104172,0.126175,0.769485,0.104309,1845,0
2395,15,2,1,1,1,0.040697,0.535328,0.423975,0.040634,0.535431,0.423920,1845,0
2396,15,1,1,1,1,0.091753,0.745449,0.162798,0.091614,0.745483,0.162872,1845,0
2397,15,0,0,0,0,0.662535,0.320455,0.017010,0.667679,0.315811,0.016495,1845,0
2398,15,2,2,2,2,0.010301,0.339980,0.649719,0.010269,0.340256,0.649445,1845,0
2399,15,0,1,1,1,0.241964,0.703269,0.054767,0.241486,0.703674,0.054825,1845,0
2400,15,1,1,1,1,0.066162,0.735526,0.198313,0.066055,0.735443,0.198471,1845,0
2401,15,1,1,1,1,0.084588,0.644937,0.270476,0.084534,0.645004,0.270447,1845,0
2402,15,0,1,1,1,0.178831,0.729671,0.091498,0.178650,0.729797,0.091522,1845,0
2403,15,1,1,1,1,0.215185,0.651640,0.133175,0.211655,0.651077,0.137238,1845,0
2404,15,2,2,2,2,0.030126,0.431891,0.537983,0.030045,0.431839,0.538101,1845,0
2405,15,1,1,1,1,0.038862,0.623805,0.337334,0.038788,0.623810,0.337372,1845,0
2406,15,1,1,1,1,0.432865,0.531504,0.035632,0.431885,0.532364,0.035736,1845,0
2407,15,1,1,1,1,0.043935,0.603705,0.352361,0.043915,0.603790,0.352280,1845,0
2408,15,0,1,1,1,0.407962,0.543063,0.048975,0.407043,0.543823,0.049103,1845,0
2409,15,2,1,1,1,0.104163,0.723005,0.172832,0.108047,0.732803,0.159134,1845,0
2410,15,1,1,1,1,0.141871,0.711979,0.146149,0.141525,0.712158,0.146301,1845,0
2411,15,2,2,2,2,0.011904,0.261551,0.726546,0.011902,0.261841,0.726227,1845,0
2412,15,1,1,1,1,0.192681,0.735133,0.072187,0.192581,0.735184,0.072205,1845,0
2413,15,0,0,0,0,0.775903,0.216878,0.007219,0.774811,0.217911,0.007263,1845,0
2414,15,2,2,2,2,0.001093,0.095658,0.903249,0.001083,0.095825,0.903076,1845,0
2415,15,0,1,1,1,0.304676,0.556776,0.138549,0.304337,0.557037,0.138596,1845,0
2416,15,1,1,1,1,0.087796,0.776197,0.136007,0.087601,0.776276,0.136108,1845,0
2417,15,1,1,1,1,0.166214,0.760338,0.073448,0.165741,0.760666,0.073563,1845,0
2418,15,0,1,1,1,0.287296,0.622547,0.090157,0.286621,0.623032,0.090317,1845,0
2419,15,1,1,1,1,0.468903,0.504955,0.026142,0.467941,0.505814,0.026215,1845,0
2420,15,2,1,1,1,0.052785,0.627494,0.319722,0.052505,0.627213,0.320251,1845,0
2421,15,1,1,1,1,0.074440,0.640845,0.284715,0.074295,0.640854,0.284821,1845,0
2422,15,1,0,0,0,0.566845,0.408352,0.024803,0.565735,0.409348,0.024887,1845,0
2423,15,1,1,1,1,0.087839,0.686178,0.225984,0.087662,0.686325,0.225998,1845,0
2424,15,0,1,1,1,0.311311,0.598512,0.090177,0.310959,0.598801,0.090210,1845,0
2425,15,2,2,2,2,0.002658,0.138111,0.859232,0.002640,0.138306,0.859024,1845,0
2426,15,1,0,0,0,0.522405,0.451165,0.026430,0.521103,0.452362,0.026520,1845,0
2427,15,2,1,1,1,0.106620,0.657430,0.235951,0.106140,0.657440,0.236404,1845,0
2428,15,1,1,1,1,0.131004,0.733147,0.135850,0.130676,0.733292,0.136002,1845,0
2429,15,0,1,1,1,0.435383,0.518735,0.045882,0.435013,0.519073,0.045898,1845,0
2430,15,2,2,2,2,0.011754,0.421255,0.566991,0.011719,0.421402,0.566849,1845,0
2431,15,0,0,0,0,0.849163,0.146367,0.004470,0.848526,0.146973,0.004486,1845,0
2432,15,1,1,1,1,0.109958,0.723976,0.166066,0.109467,0.724075,0.166443,1845,0
2433,15,1,1,1,1,0.355196,0.595865,0.048939,0.354126,0.596771,0.049088,1845,0
2434,15,0,0,0,0,0.549765,0.407009,0.043226,0.548172,0.408356,0.043442,1845,0
2435,15,1,1,1,1,0.109684,0.770979,0.119337,0.109451,0.771072,0.119446,1845,0
2436,15,2,1,1,1,0.039397,0.612246,0.348357,0.039276,0.612152,0.348557,1845,0
2437,15,1,1,1,1,0.188437,0.734152,0.077411,0.188004,0.734467,0.077499,1845,0
2438,15,1,1,1,1,0.191415,0.614332,0.194253,0.191147,0.622406,0.186417,1845,0
2439,15,1,1,1,1,0.116212,0.620839,0.262949,0.116211,0.621063,0.262711,1845,0
2440,15,0,0,0,0,0.540925,0.430927,0.028147,0.539917,0.431824,0.028229,1845,0
2441,15,2,2,2,2,0.012451,0.187873,0.799676,0.012421,0.187943,0.799606,1845,0
2442,15,1,1,1,1,0.377335,0.579692,0.042973,0.376236,0.580627,0.043121,1845,0
2443,15,2,2,2,2,0.027832,0.377249,0.594919,0.027817,0.377396,0.594772,1845,0
2444,15,1,1,1,1,0.355794,0.586588,0.057618,0.355591,0.586792,0.057587,1845,0
2445,15,0,0,0,0,0.804469,0.188295,0.007236,0.803787,0.188934,0.007263,1845,0
2446,15,2,2,2,2,0.015595,0.433287,0.551118,0.015564,0.433350,0.551056,1845,0
2447,15,0,0,0,0,0.695330,0.293077,0.011593,0.693970,0.294357,0.011658,1845,0
2448,15,1,1,1,1,0.043354,0.640220,0.316426,0.043198,0.640015,0.316772,1845,0
2449,15,1,0,0,0,0.594275,0.382870,0.022854,0.592682,0.384308,0.022995,1845,0
2450,15,0,0,0,0,0.705249,0.279950,0.014801,0.704529,0.280594,0.014847,1845,0
2451,15,1,1,1,1,0.355375,0.591232,0.053393,0.354080,0.592285,0.053604,1845,0
2452,15,2,2,2,2,0.001368,0.092540,0.906092,0.001358,0.092621,0.906006,1845,0
2453,15,1,1,1,1,0.062384,0.761942,0.175675,0.062332,0.761917,0.175735,1845,0
2454,15,1,1,1,1,0.349818,0.595352,0.054830,0.349106,0.595947,0.054916,1845,0
2455,15,1,1,1,1,0.087751,0.527641,0.384608,0.087311,0.527420,0.385254,1845,0
2456,15,0,0,0,0,0.853922,0.141671,0.004408,0.842697,0.152435,0.004852,1845,0
2457,15,2,2,2,2,0.009763,0.216062,0.774175,0.009750,0.216217,0.774002,1845,0
2458,15,1,1,1,1,0.096964,0.772500,0.130537,0.101227,0.769241,0.129501,1845,0
2459,15,2,1,1,1,0.064925,0.637408,0.297667,0.061417,0.637726,0.300827,1845,0
2460,15,1,1,1,1,0.158343,0.638724,0.202933,0.157898,0.638947,0.203125,1845,0
2461,15,0,0,0,0,0.706089,0.281442,0.012470,0.704681,0.282761,0.012543,1845,0
2462,15,2,0,0,0,0.888308,0.108542,0.003150,0.888000,0.108826,0.003143,1845,0
2463,15,0,0,0,0,0.642269,0.343627,0.014104,0.641159,0.344666,0.014160,1845,0
2464,15,1,1,1,1,0.293103,0.643976,0.062921,0.292923,0.644089,0.062958,1845,0
2465,15,1,1,1,1,0.102975,0.729311,0.167714,0.102570,0.729401,0.167999,1845,0
2466,15,0,1,1,1,0.284924,0.648580,0.066497,0.283813,0.649475,0.066696,1845,0
2467,15,1,0,0,0,0.551885,0.426445,0.021670,0.550354,0.427841,0.021790,1845,0
2468,15,2,1,1,1,0.033330,0.536162,0.430507,0.033279,0.536148,0.430557,1845,0
2469,15,1,1,1,1,0.210243,0.663444,0.126313,0.209488,0.663895,0.126602,1845,0
2470,15,1,0,0,0,0.534649,0.444504,0.020848,0.533493,0.445587,0.020905,1845,0
2471,15,1,1,1,1,0.084282,0.646458,0.269261,0.084183,0.646667,0.269135,1845,0
2472,15,0,0,0,0,0.757562,0.231101,0.011337,0.756805,0.231796,0.011368,1845,0
2473,15,2,1,1,1,0.148969,0.572840,0.278191,0.148254,0.572922,0.278809,1845,0
2474,15,1,1,1,1,0.153827,0.730795,0.115378,0.153183,0.731140,0.115662,1845,0
2475,15,2,1,1,1,0.107405,0.708934,0.183660,0.107193,0.709061,0.183731,1845,0
2476,15,1,1,1,1,0.116077,0.651814,0.232108,0.116104,0.651962,0.231903,1845,0
2477,15,0,1,1,1,0.240705,0.651643,0.107652,0.239960,0.652145,0.107880,1845,0
2478,15,2,2,2,2,0.063458,0.411869,0.524672,0.063492,0.412094,0.524399,1845,0
2479,15,0,1,1,1,0.376422,0.585400,0.038178,0.375824,0.585922,0.038239,1845,0
2480,15,1,1,1,1,0.020680,0.568382,0.410938,0.020645,0.568359,0.410965,1845,0
2481,15,1,1,1,1,0.099772,0.741179,0.159049,0.099670,0.741272,0.159027,1845,0
2482,15,0,1,1,1,0.295972,0.642476,0.061552,0.295090,0.643188,0.061691,1845,0
2483,15,1,1,1,1,0.261468,0.660058,0.078475,0.260651,0.660675,0.078644,1845,0
2484,15,2,2,2,2,0.002973,0.230254,0.766773,0.002960,0.230392,0.766632,1845,0
2485,15,1,1,1,1,0.253230,0.670403,0.076366,0.252335,0.671097,0.076553,1845,0
2486,15,1,1,1,1,0.438832,0.531633,0.029535,0.438034,0.532333,0.029602,1845,0
2487,15,1,1,1,1,0.062828,0.606198,0.330974,0.062729,0.606247,0.330994,1845,0
2488,15,0,0,0,0,0.760025,0.231711,0.008265,0.759033,0.232635,0.008301,1845,0
2489,15,2,2,2,2,0.014586,0.443109,0.542305,0.014511,0.443039,0.542419,1845,0
2490,15,1,1,1,1,0.049456,0.745409,0.205135,0.049408,0.745422,0.205154,1845,0
2491,15,2,1,1,1,0.068811,0.485856,0.445333,0.068466,0.485611,0.445908,1845,0
2492,15,1,1,1,1,0.342680,0.592863,0.064457,0.341385,0.593903,0.064697,1845,0
2493,15,2,1,1,1,0.077519,0.675054,0.247427,0.077438,0.675140,0.247406,1845,0
2494,15,0,1,1,1,0.157414,0.724578,0.118009,0.157166,0.724701,0.118103,1845,0
2495,15,1,1,1,1,0.108115,0.727079,0.164806,0.107941,0.727142,0.164886,1845,0
2496,15,1,1,1,1,0.197085,0.715203,0.087712,0.196304,0.715714,0.087952,1845,0
2497,15,0,0,0,0,0.604392,0.378609,0.016999,0.603241,0.379669,0.017075,1845,0
2498,15,1,1,1,1,0.084747,0.750188,0.165065,0.084030,0.741150,0.174805,1845,0
2499,15,2,2,2,2,0.015084,0.384448,0.600468,0.015060,0.384567,0.600357,1845,0
2500,15,1,1,1,1,0.081895,0.722518,0.195587,0.092026,0.730270,0.177689,1845,0
2501,15,1,1,1,1,0.055191,0.684598,0.260211,0.054977,0.684479,0.260529,1845,0
2502,15,1,0,0,0,0.694154,0.290557,0.015288,0.693619,0.291031,0.015320,1845,0
2503,15,0,0,0,0,0.751584,0.238386,0.010030,0.750885,0.239029,0.010056,1845,0
2504,15,2,1,1,1,0.223998,0.620071,0.155931,0.151947,0.654800,0.193222,1845,0
2505,15,1,1,1,1,0.070398,0.721576,0.208025,0.070160,0.721588,0.208221,1845,0
2506,15,2,2,2,2,0.015892,0.329447,0.654661,0.015884,0.329666,0.654434,1845,0
2507,15,1,1,1,1,0.035015,0.693654,0.271331,0.034943,0.693604,0.271423,1845,0
2508,15,0,0,0,0,0.513469,0.453520,0.033011,0.512711,0.454208,0.033051,1845,0
2509,15,2,2,2,2,0.024195,0.480836,0.494969,0.024124,0.480820,0.495026,1845,0
2510,15,0,1,1,1,0.220047,0.681348,0.098605,0.273071,0.639038,0.087875,1845,0
2511,15,1,1,1,1,0.326963,0.592550,0.080487,0.325912,0.593307,0.080750,1845,0
2512,15,1,1,1,1,0.128482,0.663010,0.208508,0.128342,0.663101,0.208527,1845,0
2513,15,0,1,1,1,0.152519,0.751605,0.095876,0.152161,0.751846,0.095963,1845,0
2514,15,1,0,0,0,0.725168,0.267714,0.007118,0.789398,0.205658,0.004929,1845,0
2515,15,2,2,2,2,0.016479,0.464998,0.518523,0.016449,0.465149,0.518372,1845,0
2516,15,1,1,1,1,0.083561,0.682089,0.234350,0.083374,0.682068,0.234543,1845,0
2517,16,1,1,1,1,0.343864,0.577432,0.078704,0.342682,0.578262,0.079025,1845,0
2518,16,1,1,1,1,0.121903,0.650254,0.227843,0.121445,0.649521,0.229004,1845,0
2519,16,0,1,1,1,0.479336,0.485555,0.035109,0.478912,0.485764,0.035294,1845,0
2520,16,2,2,2,2,0.001065,0.055837,0.943097,0.001053,0.055786,0.943146,1845,0
2521,16,1,1,1,1,0.100401,0.719535,0.180064,0.100021,0.719086,0.180862,1845,0
2522,16,2,2,2,2,0.001297,0.073986,0.924717,0.001282,0.073746,0.924942,1845,0
2523,16,1,1,1,1,0.382070,0.575509,0.042421,0.380753,0.576584,0.042648,1845,0
2524,16,0,0,0,0,0.820450,0.174748,0.004802,0.819672,0.175476,0.004822,1845,0
2525,16,2,2,2,2,0.035826,0.395175,0.568999,0.035767,0.394180,0.570038,1845,0
2526,16,0,0,0,0,0.487325,0.476290,0.036385,0.486115,0.477310,0.036560,1845,0
2527,16,1,2,2,2,0.055014,0.471890,0.473096,0.054947,0.471069,0.473953,1845,0
2528,16,1,0,0,0,0.465027,0.459503,0.075471,0.463669,0.460541,0.075760,1845,0
2529,16,0,0,0,0,0.814974,0.180438,0.004588,0.814102,0.181274,0.004608,1845,0
2530,16,1,1,1,1,0.461466,0.507379,0.031155,0.460602,0.508102,0.031281,1845,0
2531,16,2,2,2,2,0.006184,0.167029,0.826787,0.006134,0.166351,0.827499,1845,0
2532,16,1,1,1,1,0.324828,0.632586,0.042586,0.324142,0.633102,0.042740,1845,0
2533,16,1,1,1,1,0.070257,0.726289,0.203454,0.070221,0.725662,0.204086,1845,0
2534,16,1,1,1,1,0.106865,0.704764,0.188372,0.106781,0.703979,0.189209,1845,0
2535,16,0,1,1,1,0.243722,0.682344,0.073934,0.243027,0.682770,0.074173,1845,0
2536,16,2,1,1,1,0.075110,0.593140,0.331749,0.075058,0.592087,0.332825,1845,0
2537,16,1,1,1,1,0.177142,0.694355,0.128504,0.180023,0.692841,0.127121,1845,0
2538,16,2,2,2,2,0.004838,0.134249,0.860913,0.004822,0.134109,0.861038,1845,0
2539,16,1,0,0,0,0.915711,0.082836,0.001453,0.915344,0.083176,0.001450,1845,0
2540,16,0,1,1,1,0.347024,0.574559,0.078418,0.346863,0.574341,0.078766,1845,0
2541,16,2,2,2,2,0.012514,0.351309,0.636177,0.012466,0.350128,0.637390,1845,0
2542,16,0,0,0,0,0.944188,0.055035,0.000777,0.943939,0.055267,0.000763,1845,0
2543,16,1,1,1,1,0.231326,0.679382,0.089292,0.230927,0.679306,0.089752,1845,0
2544,16,1,1,1,1,0.331533,0.617259,0.051207,0.330582,0.617905,0.051483,1845,0
2545,16,0,0,0,0,0.925891,0.073036,0.001073,0.925507,0.073395,0.001068,1845,0
2546,16,1,1,1,1,0.390406,0.566362,0.043232,0.389313,0.567230,0.043427,1845,0
2547,16,2,2,2,2,0.000368,0.039857,0.959775,0.000366,0.040634,0.958984,1845,0
2548,16,1,1,1,1,0.217859,0.715276,0.066864,0.217484,0.715393,0.067108,1845,0
2549,16,1,1,1,1,0.036727,0.684067,0.279207,0.036713,0.683289,0.279984,1845,0
2550,16,1,1,1,1,0.103555,0.722916,0.173529,0.103500,0.722275,0.174194,1845,0
2551,16,0,1,1,1,0.117335,0.703795,0.178870,0.117172,0.703079,0.179733,1845,0
2552,16,2,2,2,2,0.003250,0.073262,0.923488,0.003235,0.073242,0.923492,1845,0
2553,16,1,1,1,1,0.050309,0.573304,0.376387,0.050247,0.572144,0.377579,1845,0
2554,16,2,2,2,2,0.011613,0.216036,0.772351,0.011581,0.215469,0.772919,1845,0
2555,16,1,1,1,1,0.095626,0.752265,0.152109,0.095490,0.751724,0.152756,1845,0
2556,16,0,0,0,0,0.761768,0.230301,0.007931,0.760605,0.231384,0.007980,1845,0
2557,16,2,2,2,2,0.012668,0.266849,0.720483,0.012619,0.265976,0.721390,1845,0
2558,16,0,0,0,0,0.905488,0.092801,0.001711,0.904938,0.093323,0.001724,1845,0
2559,16,1,1,1,1,0.079184,0.682731,0.238085,0.079346,0.683395,0.237228,1845,0
2560,16,1,0,0,0,0.637158,0.351531,0.011311,0.635956,0.352661,0.011368,1845,0
2561,16,0,0,0,0,0.775095,0.216281,0.008624,0.774292,0.217026,0.008652,1845,0
2562,16,1,0,0,0,0.754346,0.238029,0.007625,0.753448,0.238876,0.007660,1845,0
2563,16,2,2,2,2,0.016798,0.369887,0.613315,0.016159,0.355392,0.628418,1845,0
2564,16,1,1,1,1,0.030511,0.549420,0.420069,0.030441,0.548218,0.421310,1845,0
2565,16,1,1,1,1,0.285413,0.644305,0.070282,0.284363,0.645050,0.070557,1845,0
2566,16,1,1,1,1,0.259705,0.687916,0.052379,0.259003,0.688370,0.052597,1845,0
2567,16,0,0,0,0,0.523995,0.449787,0.026219,0.522675,0.450974,0.026337,1845,0
2568,16,2,2,2,2,0.028472,0.417404,0.554125,0.028412,0.416382,0.555176,1845,0
2569,16,1,1,1,1,0.176282,0.729994,0.093724,0.175812,0.729980,0.094193,1845,0
2570,16,2,2,2,2,0.012476,0.295822,0.691702,0.012436,0.294952,0.692581,1845,0
2571,16,1,1,1,1,0.047494,0.481857,0.470649,0.047348,0.480499,0.472122,1845,0
2572,16,0,0,0,0,0.586204,0.390239,0.023557,0.584641,0.391617,0.023712,1845,0
2573,16,2,2,2,2,0.012344,0.331198,0.656458,0.011856,0.327896,0.660233,1845,0
2574,16,0,0,0,0,0.810712,0.184152,0.005136,0.809799,0.185013,0.005157,1845,0
2575,16,1,1,1,1,0.118479,0.657185,0.224336,0.118469,0.656296,0.225220,1845,0
2576,16,1,0,0,0,0.799376,0.193522,0.007102,0.798538,0.194290,0.007141,1845,0
2577,16,0,1,1,1,0.262761,0.660785,0.076454,0.262039,0.661072,0.076859,1845,0
2578,16,1,1,1,1,0.367232,0.584466,0.048302,0.366440,0.584991,0.048538,1845,0
2579,16,2,1,1,1,0.269188,0.648725,0.082087,0.268616,0.648926,0.082443,1845,0
2580,16,1,1,1,1,0.069866,0.545982,0.384151,0.069504,0.544601,0.385864,1845,0
2581,16,1,1,1,1,0.381094,0.541296,0.077611,0.380127,0.541977,0.077881,1845,0
2582,16,1,0,0,0,0.551738,0.415638,0.032624,0.550629,0.416626,0.032730,1845,0
2583,16,0,0,0,0,0.636915,0.346780,0.016304,0.635605,0.347977,0.016403,1845,0
2584,16,2,2,2,2,0.005514,0.133046,0.861440,0.005493,0.132690,0.861801,1845,0
2585,16,1,1,1,1,0.044566,0.536552,0.418882,0.044403,0.535080,0.420502,1845,0
2586,16,2,2,2,2,0.024236,0.315204,0.660560,0.024277,0.322296,0.653397,1845,0
2587,16,1,1,1,1,0.168343,0.743619,0.088038,0.167694,0.744019,0.088272,1845,0
2588,16,0,0,0,0,0.564021,0.403292,0.032687,0.562881,0.404266,0.032822,1845,0
2589,16,2,1,1,1,0.132612,0.694120,0.173268,0.132401,0.693878,0.173691,1845,0
2590,16,0,0,0,0,0.810445,0.184046,0.005508,0.809601,0.184845,0.005539,1845,0
2591,16,1,1,1,1,0.043848,0.651779,0.304373,0.043686,0.650757,0.305527,1845,0
2592,16,1,1,1,1,0.112595,0.780933,0.106472,0.112427,0.780884,0.106659,1845,0
2593,16,0,1,1,1,0.035107,0.569119,0.395774,0.034958,0.567825,0.397186,1845,0
2594,16,1,0,0,0,0.512644,0.460640,0.026715,0.511414,0.461716,0.026855,1845,0
2595,16,2,1,1,1,0.072170,0.479413,0.448417,0.072067,0.478394,0.449509,1845,0
2596,16,1,1,1,1,0.059273,0.539943,0.400785,0.075409,0.614014,0.310562,1845,0
2597,16,1,1,1,1,0.213488,0.684040,0.102472,0.212952,0.684097,0.102921,1845,0
2598,16,1,2,2,2,0.023036,0.484057,0.492908,0.022980,0.483047,0.493958,1845,0
2599,16,0,0,0,0,0.699214,0.284648,0.016138,0.698059,0.285645,0.016266,1845,0
2600,16,2,2,2,2,0.007339,0.248340,0.744322,0.007324,0.247528,0.745132,1845,0
2601,16,1,1,1,1,0.065604,0.664252,0.270143,0.065506,0.663376,0.271088,1845,0
2602,16,2,2,2,2,0.014262,0.160986,0.824752,0.014221,0.160583,0.825180,1845,0
2603,16,1,1,1,1,0.160124,0.732830,0.107046,0.159851,0.732620,0.107513,1845,0
2604,16,2,2,2,2,0.007714,0.213587,0.778699,0.007690,0.213013,0.779266,1845,0
2605,16,0,1,1,1,0.393977,0.567973,0.038050,0.393326,0.568436,0.038208,1845,0
2606,16,1,1,1,1,0.183052,0.679119,0.137828,0.182800,0.678772,0.138397,1845,0
2607,16,1,2,2,2,0.008145,0.316226,0.675630,0.008102,0.315140,0.676727,1845,0
2608,16,0,0,0,0,0.665799,0.322463,0.011738,0.664719,0.323471,0.011795,1845,0
2609,16,1,1,1,1,0.265518,0.646950,0.087531,0.265244,0.646866,0.087875,1845,0
2610,16,2,2,2,2,0.018101,0.398108,0.583791,0.018066,0.397079,0.584839,1845,0
2611,16,1,1,1,1,0.033541,0.627595,0.338865,0.033493,0.626495,0.339981,1845,0
2612,16,1,1,1,1,0.122608,0.748881,0.128511,0.122131,0.748840,0.129013,1845,0
2613,16,1,2,2,2,0.003959,0.347272,0.648769,0.003937,0.346695,0.649338,1845,0
2614,16,0,1,1,1,0.095726,0.713850,0.190424,0.095352,0.713501,0.191116,1845,0
2615,16,2,2,2,2,0.007073,0.256453,0.736474,0.007034,0.255615,0.737335,1845,0
2616,16,1,2,2,2,0.004143,0.256267,0.739590,0.004120,0.255463,0.740402,1845,0
2617,16,2,1,1,1,0.047693,0.615915,0.336392,0.047562,0.615021,0.337387,1845,0
2618,16,1,1,1,1,0.223783,0.665771,0.110446,0.222961,0.666214,0.110809,1845,0
2619,16,0,0,0,0,0.879259,0.118165,0.002576,0.878754,0.118652,0.002579,1845,0
2620,16,2,1,1,1,0.216492,0.651643,0.131865,0.215698,0.651962,0.132309,1845,0
2621,16,0,0,0,0,0.922096,0.076618,0.001286,0.921783,0.076904,0.001282,1845,0
2622,16,1,2,2,2,0.012826,0.249716,0.737458,0.012817,0.249298,0.737869,1845,0
2623,16,1,1,1,1,0.185689,0.715141,0.099170,0.184875,0.715393,0.099716,1845,0
2624,16,0,1,1,1,0.400315,0.561721,0.037964,0.399185,0.562637,0.038162,1845,0
2625,16,1,1,1,1,0.099066,0.760839,0.140096,0.098633,0.760727,0.140625,1845,0
2626,16,2,1,1,1,0.052561,0.475176,0.472263,0.052505,0.474213,0.473251,1845,0
2627,16,1,2,2,2,0.033901,0.409493,0.556606,0.033859,0.408936,0.557190,1845,0
2628,16,1,1,1,1,0.268232,0.656047,0.075721,0.267288,0.656708,0.075989,1845,0
2629,16,1,1,1,1,0.051154,0.626728,0.322118,0.050827,0.625443,0.323700,1845,0
2630,16,0,0,0,0,0.813381,0.180129,0.006490,0.799255,0.193558,0.007172,1845,0
2631,16,1,1,1,1,0.390326,0.553120,0.056554,0.389313,0.553925,0.056732,1845,0
2632,16,2,1,1,1,0.242739,0.641324,0.115937,0.242279,0.641312,0.116394,1845,0
2633,16,1,1,1,1,0.469171,0.488930,0.041899,0.468109,0.489822,0.042038,1845,0
2634,16,0,0,0,0,0.638603,0.343069,0.018328,0.637497,0.344086,0.018402,1845,0
2635,16,2,2,2,2,0.003870,0.181935,0.814195,0.003860,0.181305,0.814819,1845,0
2636,16,0,1,1,1,0.320037,0.599913,0.080050,0.318634,0.600830,0.080521,1845,0
2637,16,1,1,1,1,0.049124,0.682183,0.268693,0.049088,0.681351,0.269547,1845,0
2638,16,1,0,0,0,0.880398,0.117299,0.002303,0.879913,0.117767,0.002304,1845,0
2639,16,0,1,1,1,0.314168,0.637237,0.048595,0.313660,0.637604,0.048721,1845,0
2640,16,1,0,0,0,0.664821,0.324857,0.010322,0.663452,0.326157,0.010376,1845,0
2641,16,2,1,1,1,0.148240,0.632668,0.219092,0.139145,0.635986,0.224854,1845,0
2642,16,1,1,1,1,0.148679,0.749402,0.101920,0.148331,0.749435,0.102219,1845,0
2643,16,1,1,1,1,0.044704,0.702872,0.252424,0.044662,0.702286,0.253036,1845,0
2644,16,1,2,2,2,0.017032,0.404295,0.578673,0.016998,0.403290,0.579681,1845,0
2645,16,0,0,0,0,0.854057,0.141360,0.004583,0.853775,0.141617,0.004578,1845,0
2646,16,2,2,2,2,0.012321,0.275040,0.712639,0.012268,0.274170,0.713547,1845,0
2647,16,1,1,1,1,0.103116,0.776103,0.120781,0.102753,0.776169,0.121048,1845,0
2648,16,2,2,2,2,0.055754,0.379861,0.564385,0.055481,0.379181,0.565323,1845,0
2649,16,1,1,1,1,0.207941,0.718302,0.073757,0.207474,0.718506,0.073990,1845,0
2650,16,0,0,0,0,0.875306,0.122047,0.002647,0.874741,0.122589,0.002655,1845,0
2651,16,2,2,2,2,0.019277,0.450081,0.530642,0.019241,0.449142,0.531601,1845,0
2652,16,0,0,0,0,0.732532,0.258741,0.008726,0.731644,0.259552,0.008774,1845,0
2653,16,1,1,1,1,0.045533,0.598324,0.356142,0.045502,0.597198,0.357269,1845,0
2654,16,1,1,1,1,0.317323,0.621895,0.060781,0.316238,0.622711,0.061035,1845,0
2655,16,0,0,0,0,0.705188,0.285277,0.009535,0.704193,0.286224,0.009567,1845,0
2656,16,1,1,1,1,0.107724,0.762485,0.129791,0.107376,0.762558,0.130051,1845,0
2657,16,2,1,1,1,0.078055,0.690971,0.230974,0.078003,0.690308,0.231659,1845,0
2658,16,1,2,2,2,0.011336,0.413731,0.574933,0.011307,0.412613,0.576065,1845,0
2659,16,1,1,1,1,0.216430,0.716697,0.066874,0.237061,0.706406,0.056519,1845,0
2660,16,1,1,1,1,0.080202,0.713555,0.206243,0.079956,0.712906,0.207123,1845,0
2661,16,0,0,0,0,0.820426,0.174485,0.005089,0.819733,0.175140,0.005112,1845,0
2662,16,2,2,2,2,0.002039,0.146047,0.851915,0.002014,0.145569,0.852386,1845,0
2663,16,1,1,1,1,0.047378,0.706855,0.245767,0.048004,0.708267,0.243713,1845,0
2664,16,2,1,1,1,0.161513,0.604750,0.233738,0.160690,0.604828,0.234451,1845,0
2665,16,1,1,1,1,0.147893,0.752550,0.099556,0.147644,0.752563,0.099762,1845,0
2666,16,0,0,0,0,0.530879,0.447143,0.021977,0.529892,0.448013,0.022064,1845,0
2667,16,2,1,1,1,0.161742,0.612821,0.225436,0.161377,0.612366,0.226227,1845,0
2668,16,0,0,0,0,0.896697,0.100929,0.002374,0.896500,0.101105,0.002365,1845,0
2669,16,1,1,1,1,0.075783,0.662777,0.261440,0.075485,0.661804,0.262680,1845,0
2670,16,1,1,1,1,0.145122,0.707004,0.147874,0.144501,0.707214,0.148270,1845,0
2671,16,0,0,0,0,0.486291,0.422457,0.091251,0.485931,0.422394,0.091660,1845,0
2672,16,1,1,1,1,0.074354,0.721885,0.203762,0.073944,0.721375,0.204666,1845,0
2673,16,2,1,1,1,0.075349,0.700295,0.224356,0.080841,0.703506,0.215622,1845,0
2674,16,1,1,1,1,0.048561,0.600181,0.351258,0.046799,0.619644,0.333542,1845,0
2675,17,1,1,1,1,0.135987,0.766685,0.097327,0.135712,0.766724,0.097534,1845,0
2676,17,0,1,1,1,0.193988,0.688927,0.117085,0.193665,0.689056,0.117264,1845,0
2677,17,2,1,1,1,0.215799,0.721560,0.062641,0.215683,0.721588,0.062698,1845,0
2678,17,1,1,1,1,0.075257,0.672888,0.251856,0.075165,0.672470,0.252335,1845,0
2679,17,2,2,2,2,0.012038,0.372575,0.615387,0.012009,0.372162,0.615814,1845,0
2680,17,1,1,1,1,0.301184,0.510240,0.188576,0.301224,0.510056,0.188690,1845,0
2681,17,0,0,0,0,0.508175,0.450141,0.041684,0.506042,0.451950,0.041992,1845,0
2682,17,2,2,2,2,0.028960,0.444475,0.526565,0.028900,0.443893,0.527176,1845,0
2683,17,0,0,0,0,0.571575,0.395619,0.032807,0.570618,0.396439,0.032913,1845,0
2684,17,1,1,1,1,0.059486,0.587698,0.352815,0.059296,0.587234,0.353439,1845,0
2685,17,1,1,1,1,0.047824,0.745003,0.207172,0.047729,0.744873,0.207367,1845,0
2686,17,0,0,0,0,0.687496,0.300420,0.012084,0.686890,0.300964,0.012115,1845,0
2687,17,1,1,1,1,0.227237,0.683996,0.088767,0.226959,0.684143,0.088867,1845,0
2688,17,2,1,1,1,0.093183,0.645018,0.261799,0.092972,0.644882,0.262115,1845,0
2689,17,1,1,1,1,0.087952,0.761873,0.150175,0.087845,0.761765,0.150360,1845,0
2690,17,1,0,0,0,0.876488,0.121362,0.002150,0.876053,0.121780,0.002151,1845,0
2691,17,1,1,1,1,0.087599,0.715845,0.196556,0.087418,0.715714,0.196838,1845,0
2692,17,0,1,1,1,0.224564,0.674867,0.100569,0.224106,0.675064,0.100815,1845,0
2693,17,2,1,1,1,0.289968,0.624129,0.085903,0.289703,0.624207,0.086060,1845,0
2694,17,1,1,1,1,0.341072,0.603454,0.055475,0.340408,0.603943,0.055618,1845,0
2695,17,2,1,1,1,0.088516,0.512331,0.399153,0.088486,0.511917,0.399582,1845,0
2696,17,1,1,1,1,0.441126,0.524221,0.034653,0.440414,0.524811,0.034760,1845,0
2697,17,0,0,0,0,0.620160,0.362958,0.016882,0.619278,0.363754,0.016937,1845,0
2698,17,2,2,2,2,0.007639,0.228097,0.764264,0.007629,0.228012,0.764343,1845,0
2699,17,0,1,1,1,0.372074,0.568851,0.059075,0.371704,0.569000,0.059280,1845,0
2700,17,1,1,1,1,0.242069,0.675127,0.082804,0.241653,0.675232,0.083084,1845,0
2701,17,1,2,2,2,0.037598,0.460015,0.502387,0.037521,0.459579,0.502884,1845,0
2702,17,0,0,0,0,0.591570,0.390163,0.018266,0.590912,0.390747,0.018326,1845,0
2703,17,1,1,1,1,0.152420,0.745648,0.101932,0.152252,0.745621,0.102112,1845,0
2704,17,2,2,2,2,0.008938,0.261124,0.729938,0.008911,0.260818,0.730255,1845,0
2705,17,1,1,1,1,0.081557,0.624673,0.293770,0.081482,0.624237,0.294266,1845,0
2706,17,1,1,1,1,0.052496,0.636536,0.310968,0.052383,0.636002,0.311600,1845,0
2707,17,1,1,1,1,0.071547,0.626748,0.301705,0.071503,0.626343,0.302139,1845,0
2708,17,0,0,0,0,0.606175,0.372739,0.021087,0.568344,0.405991,0.025635,1845,0
2709,17,2,1,1,1,0.039941,0.534418,0.425641,0.039856,0.533783,0.426346,1845,0
2710,17,1,1,1,1,0.038017,0.628655,0.333328,0.037949,0.628204,0.333832,1845,0
2711,17,2,1,1,1,0.073526,0.623249,0.303225,0.073410,0.622986,0.303574,1845,0
2712,17,1,1,1,1,0.038389,0.531010,0.430602,0.038406,0.530563,0.431015,1845,0
2713,17,0,0,0,0,0.681351,0.302499,0.016150,0.680511,0.303268,0.016205,1845,0
2714,17,2,1,1,1,0.054894,0.518583,0.426523,0.054871,0.518158,0.426956,1845,0
2715,17,0,1,1,1,0.381733,0.563569,0.054698,0.381287,0.563873,0.054825,1845,0
2716,17,1,1,1,1,0.134522,0.540004,0.325474,0.087143,0.519043,0.393784,1845,0
2717,17,1,1,1,1,0.077360,0.642331,0.280309,0.077286,0.641846,0.280853,1845,0
2718,17,0,0,0,0,0.779192,0.212531,0.008277,0.778564,0.213120,0.008301,1845,0
2719,17,1,1,1,1,0.300861,0.650305,0.048835,0.300354,0.650681,0.048950,1845,0
2720,17,2,1,1,1,0.032503,0.621514,0.345983,0.032516,0.620987,0.346466,1845,0
2721,17,1,1,1,1,0.101661,0.754632,0.143707,0.101532,0.754562,0.143890,1845,0
2722,17,1,2,2,2,0.049073,0.376428,0.574499,0.049088,0.376343,0.574554,1845,0
2723,17,1,1,1,1,0.094207,0.732715,0.173078,0.094070,0.732544,0.173355,1845,0
2724,17,0,1,1,1,0.155358,0.560547,0.284095,0.155350,0.560287,0.284348,1845,0
2725,17,2,1,1,1,0.174423,0.709527,0.116049,0.174149,0.709488,0.116333,1845,0
2726,17,1,1,1,1,0.039508,0.714975,0.245518,0.039459,0.714752,0.245773,1845,0
2727,17,2,2,2,2,0.028825,0.272451,0.698725,0.028824,0.272491,0.698669,1845,0
2728,17,1,0,0,0,0.510078,0.458433,0.031489,0.509064,0.459290,0.031616,1845,0
2729,17,0,0,0,0,0.729295,0.261615,0.009090,0.728668,0.262192,0.009125,1845,0
2730,17,2,1,1,1,0.081346,0.613811,0.304843,0.081146,0.613388,0.305450,1845,0
2731,17,0,1,1,1,0.376231,0.530456,0.093312,0.398895,0.519409,0.081665,1845,0
2732,17,1,1,1,1,0.122530,0.688866,0.188604,0.117889,0.651337,0.230743,1845,0
2733,17,1,1,1,1,0.129611,0.664972,0.205417,0.129608,0.664703,0.205658,1845,0
2734,17,0,0,0,0,0.530207,0.440306,0.029487,0.529251,0.441147,0.029572,1845,0
2735,17,1,1,1,1,0.107814,0.735930,0.156255,0.107666,0.735748,0.156555,1845,0
2736,17,2,2,2,2,0.015798,0.363037,0.621165,0.015747,0.362656,0.621582,1845,0
2737,17,1,1,1,1,0.072335,0.747778,0.179887,0.072144,0.747635,0.180191,1845,0
2738,17,1,1,1,1,0.133152,0.741975,0.124873,0.133026,0.741882,0.125076,1845,0
2739,17,1,1,1,1,0.180076,0.728950,0.090974,0.179901,0.728958,0.091110,1845,0
2740,17,0,0,0,0,0.774777,0.217221,0.008003,0.774216,0.217743,0.008026,1845,0
2741,17,2,1,1,1,0.113095,0.667401,0.219504,0.112778,0.667191,0.220001,1845,0
2742,17,1,1,1,1,0.370846,0.543895,0.085259,0.370255,0.544220,0.085510,1845,0
2743,17,2,2,2,2,0.023802,0.363101,0.613096,0.023788,0.362778,0.613419,1845,0
2744,17,1,0,0,0,0.565082,0.416084,0.018835,0.576294,0.405579,0.018097,1845,0
2745,17,0,0,0,0,0.537600,0.436214,0.026185,0.536957,0.436783,0.026245,1845,0
2746,17,2,1,1,1,0.102281,0.629234,0.268485,0.101990,0.628769,0.269226,1845,0
2747,17,0,0,0,0,0.789450,0.205563,0.004987,0.788895,0.206085,0.004990,1845,0
2748,17,1,1,1,1,0.056010,0.762270,0.181720,0.055954,0.762085,0.181946,1845,0
2749,17,1,1,1,1,0.174201,0.738591,0.087209,0.174072,0.738571,0.087326,1845,0
2750,17,0,0,0,0,0.902385,0.095943,0.001672,0.901962,0.096344,0.001678,1845,0
2751,17,1,1,1,1,0.348919,0.593519,0.057562,0.347137,0.594986,0.057846,1845,0
2752,17,2,1,1,1,0.067656,0.661812,0.270532,0.067657,0.661453,0.270859,1845,0
2753,17,1,1,1,1,0.343147,0.606495,0.050357,0.342545,0.606934,0.050491,1845,0
2754,17,1,1,1,1,0.164653,0.588975,0.246372,0.164536,0.588623,0.246811,1845,0
2755,17,1,1,1,1,0.368770,0.579994,0.051236,0.368103,0.580505,0.051376,1845,0
2756,17,0,0,0,0,0.571587,0.397501,0.030911,0.570801,0.398193,0.030975,1845,0
2757,17,2,1,1,1,0.162650,0.610595,0.226755,0.162674,0.610184,0.227112,1845,0
2758,17,1,1,1,1,0.090207,0.737789,0.172004,0.090027,0.737610,0.172333,1845,0
2759,17,2,1,1,1,0.053624,0.663820,0.282556,0.082077,0.746338,0.171555,1845,0
2760,17,1,1,1,1,0.084299,0.700312,0.215390,0.084167,0.699966,0.215836,1845,0
2761,17,0,1,1,1,0.449014,0.508698,0.042287,0.448196,0.509369,0.042404,1845,0
2762,17,2,2,2,2,0.004034,0.151801,0.844166,0.004028,0.151688,0.844269,1845,0
2763,17,0,1,1,1,0.126935,0.732608,0.140457,0.126953,0.732407,0.140610,1845,0
2764,17,1,1,1,1,0.054566,0.687071,0.258363,0.054413,0.686661,0.258896,1845,0
2765,17,1,1,1,1,0.353122,0.541142,0.105736,0.351929,0.541641,0.106415,1845,0
2766,17,0,1,1,1,0.265671,0.675718,0.058611,0.265244,0.675995,0.058731,1845,0
2767,17,1,1,1,1,0.396950,0.565461,0.037589,0.396393,0.565918,0.037659,1845,0
2768,17,2,1,1,1,0.037734,0.531645,0.430620,0.037720,0.531097,0.431152,1845,0
2769,17,1,1,1,1,0.064492,0.686009,0.249499,0.067429,0.668991,0.263565,1845,0
2770,17,1,2,2,2,0.017781,0.331791,0.650428,0.017776,0.331543,0.650650,1845,0
2771,17,0,1,0,0,0.402783,0.552103,0.045114,0.549728,0.421310,0.028946,1845,0
2772,17,2,1,1,1,0.112933,0.651359,0.235708,0.112762,0.651047,0.236176,1845,0
2773,17,1,1,1,1,0.024477,0.583911,0.391612,0.024445,0.583420,0.392120,1845,0
2774,17,2,1,1,1,0.102274,0.601565,0.296161,0.102219,0.601059,0.296692,1845,0
2775,17,1,1,1,1,0.203221,0.730547,0.066232,0.199890,0.733231,0.066849,1845,0
2776,17,0,0,0,0,0.724349,0.265835,0.009816,0.723541,0.266586,0.009857,1845,0
2777,17,2,2,2,2,0.034857,0.283783,0.681359,0.034866,0.283768,0.681351,1845,0
2778,17,0,1,1,1,0.056708,0.559038,0.384254,0.056625,0.558487,0.384872,1845,0
2779,17,1,1,1,1,0.081528,0.640928,0.277544,0.081421,0.640533,0.278015,1845,0
2780,17,1,1,1,1,0.152474,0.768234,0.079292,0.152451,0.768204,0.079330,1845,0
2781,17,0,0,0,0,0.670972,0.319057,0.009971,0.670334,0.319656,0.009995,1845,0
2782,17,1,1,1,1,0.305332,0.632013,0.062654,0.335617,0.607666,0.056686,1845,0
2783,17,1,1,1,1,0.143091,0.741541,0.115368,0.142838,0.741501,0.115646,1845,0
2784,17,1,1,1,1,0.189596,0.717109,0.093295,0.189377,0.717117,0.093475,1845,0
2785,17,1,1,1,1,0.173078,0.720901,0.106021,0.172836,0.720993,0.106155,1845,0
2786,17,0,1,1,1,0.475398,0.485636,0.038966,0.474915,0.485977,0.039093,1845,0
2787,17,2,1,1,1,0.030044,0.615007,0.354950,0.029999,0.614563,0.355423,1845,0
2788,17,1,1,1,1,0.111706,0.775976,0.112318,0.111710,0.775864,0.112396,1845,0
2789,17,2,1,1,1,0.177385,0.712956,0.109659,0.176956,0.713150,0.109879,1845,0
2790,17,1,1,1,1,0.234404,0.685434,0.080162,0.233765,0.685837,0.080383,1845,0
2791,17,0,1,1,1,0.196019,0.633501,0.170480,0.195679,0.633286,0.171021,1845,0
2792,17,2,1,1,1,0.050410,0.620607,0.328983,0.050339,0.620255,0.329391,1845,0
2793,17,0,1,1,1,0.394103,0.554653,0.051245,0.393860,0.554749,0.051376,1845,0
2794,17,1,1,1,1,0.059697,0.535872,0.404431,0.059540,0.535202,0.405228,1845,0
2795,17,1,1,1,1,0.481553,0.488005,0.030442,0.480957,0.488495,0.030518,1845,0
2796,17,0,1,1,1,0.161997,0.727669,0.110334,0.161789,0.727585,0.110596,1845,0
2797,17,1,1,1,1,0.073176,0.762865,0.163959,0.073914,0.762222,0.163849,1845,0
2798,17,2,1,1,1,0.114603,0.618671,0.266726,0.114502,0.618225,0.267242,1845,0
2799,17,1,1,1,1,0.055125,0.719389,0.225486,0.055054,0.719101,0.225830,1845,0
2800,17,1,1,1,1,0.304184,0.622251,0.073565,0.243378,0.666382,0.090210,1845,0
2801,17,1,1,1,1,0.228269,0.657374,0.114357,0.227692,0.657684,0.114609,1845,0
2802,17,0,1,1,1,0.349253,0.599336,0.051411,0.348572,0.599884,0.051529,1845,0
2803,17,2,1,1,1,0.025096,0.522175,0.452729,0.025070,0.521713,0.453201,1845,0
2804,17,1,1,1,1,0.055498,0.715335,0.229167,0.055481,0.715027,0.229462,1845,0
2805,17,2,1,1,1,0.035701,0.676660,0.287639,0.035660,0.676300,0.288025,1845,0
2806,17,1,1,1,1,0.061809,0.645206,0.292985,0.061600,0.644882,0.293488,1845,0
2807,17,0,0,0,0,0.774221,0.219919,0.005860,0.773575,0.220520,0.005875,1845,0
2808,17,2,1,1,1,0.055725,0.737126,0.207149,0.055618,0.736954,0.207397,1845,0
2809,17,0,0,0,0,0.517997,0.449491,0.032511,0.517197,0.450180,0.032608,1845,0
2810,17,1,2,2,2,0.009708,0.383443,0.606849,0.009689,0.383148,0.607132,1845,0
2811,17,1,1,1,1,0.025747,0.587410,0.386843,0.025696,0.586792,0.387497,1845,0
2812,17,0,1,1,1,0.257230,0.639141,0.103629,0.256607,0.639511,0.103867,1845,0
2813,17,1,1,1,1,0.212920,0.689697,0.097384,0.212692,0.689758,0.097519,1845,0
2814,17,2,1,1,1,0.072081,0.589049,0.338870,0.071823,0.588791,0.339371,1845,0
2815,17,1,1,1,1,0.373636,0.543426,0.082938,0.373169,0.543716,0.083084,1845,0
2816,17,1,1,1,1,0.113382,0.660599,0.226019,0.113007,0.660461,0.226501,1845,0
2817,17,1,1,1,1,0.347212,0.605097,0.047691,0.346817,0.605392,0.047775,1845,0
2818,17,0,0,0,0,0.635503,0.346436,0.018060,0.634491,0.347351,0.018143,1845,0
2819,17,2,1,1,1,0.082698,0.683663,0.233639,0.082550,0.683258,0.234161,1845,0
2820,17,1,1,1,1,0.361982,0.585029,0.052989,0.361191,0.585648,0.053146,1845,0
2821,17,2,1,1,1,0.219755,0.664968,0.115277,0.219315,0.665131,0.115524,1845,0
2822,17,1,1,1,1,0.078550,0.752889,0.168561,0.078461,0.752670,0.168839,1845,0
2823,17,0,1,1,1,0.466170,0.511362,0.022468,0.465591,0.511871,0.022507,1845,0
2824,17,2,2,2,2,0.001055,0.082440,0.916505,0.001038,0.082336,0.916595,1845,0
2825,17,0,1,1,1,0.081017,0.684867,0.234115,0.080780,0.684586,0.234619,1845,0
2826,17,1,2,2,2,0.008159,0.339214,0.652627,0.008118,0.338715,0.653137,1845,0
2827,17,1,1,1,1,0.067294,0.731135,0.201571,0.067230,0.730911,0.201843,1845,0
2828,17,0,1,1,1,0.069119,0.683560,0.247320,0.075577,0.686783,0.237610,1845,0
2829,17,1,1,1,1,0.079248,0.731659,0.189093,0.079239,0.731354,0.189377,1845,0
2830,17,2,2,2,2,0.009875,0.402925,0.587200,0.009857,0.402817,0.587296,1845,0
2831,17,1,1,1,1,0.065143,0.635024,0.299833,0.064972,0.634766,0.300232,1845,0
2832,18,1,0,0,0,0.519092,0.462671,0.018236,0.519287,0.462524,0.018158,1845,0
2833,18,1,1,1,1,0.068737,0.688181,0.243081,0.068848,0.688766,0.242355,1845,0
2834,18,0,0,0,0,0.741310,0.251124,0.007566,0.741806,0.250641,0.007538,1845,0
2835,18,2,2,2,2,0.001937,0.147212,0.850851,0.001602,0.129349,0.869019,1845,0
2836,18,1,1,1,1,0.063713,0.744846,0.191441,0.063858,0.745010,0.191101,1845,0
2837,18,2,2,2,2,0.000394,0.039179,0.960426,0.000381,0.039276,0.960312,1845,0
2838,18,1,0,0,0,0.681967,0.307521,0.010511,0.682465,0.307037,0.010468,1845,0
2839,18,0,0,0,0,0.951196,0.048094,0.000710,0.951263,0.048019,0.000702,1845,0
2840,18,2,2,2,2,0.000852,0.065880,0.933267,0.000839,0.066086,0.933044,1845,0
2841,18,0,0,0,0,0.777322,0.215496,0.007182,0.777756,0.215073,0.007141,1845,0
2842,18,1,1,1,1,0.039759,0.683354,0.276887,0.039841,0.683731,0.276398,1845,0
2843,18,1,0,0,0,0.684057,0.304722,0.011221,0.684708,0.304108,0.011169,1845,0
2844,18,0,0,0,0,0.897980,0.099353,0.002667,0.898087,0.099243,0.002655,1845,0
2845,18,1,0,0,0,0.501236,0.477111,0.021653,0.501602,0.476776,0.021591,1845,0
2846,18,2,2,2,2,0.000657,0.062163,0.937180,0.000656,0.062439,0.936890,1845,0
2847,18,1,2,2,2,0.068937,0.460710,0.470353,0.069000,0.461395,0.469589,1845,0
2848,18,1,1,1,1,0.419860,0.544033,0.036108,0.419846,0.544098,0.036041,1845,0
2849,18,1,1,1,1,0.076580,0.754063,0.169357,0.076630,0.754257,0.169083,1845,0
2850,18,2,2,2,2,0.000803,0.063624,0.935573,0.000793,0.063828,0.935364,1845,0
2851,18,1,1,1,1,0.123745,0.761481,0.114775,0.123795,0.761597,0.114594,1845,0
2852,18,2,2,2,2,0.002929,0.120280,0.876792,0.002930,0.120667,0.876373,1845,0
2853,18,1,1,1,1,0.202820,0.727793,0.069387,0.203125,0.727631,0.069229,1845,0
2854,18,0,0,0,0,0.735719,0.255979,0.008302,0.736160,0.255554,0.008270,1845,0
2855,18,2,2,2,2,0.000691,0.070194,0.929114,0.000687,0.070526,0.928757,1845,0
2856,18,0,0,0,0,0.820975,0.173737,0.005287,0.821365,0.173355,0.005249,1845,0
2857,18,1,1,1,1,0.126818,0.657882,0.215300,0.127075,0.658325,0.214584,1845,0
2858,18,1,1,1,1,0.231540,0.653854,0.114606,0.231705,0.654053,0.114212,1845,0
2859,18,0,0,0,0,0.877608,0.119496,0.002896,0.877853,0.119247,0.002869,1845,0
2860,18,1,1,1,1,0.267011,0.670381,0.062607,0.267319,0.670288,0.062363,1845,0
2861,18,2,2,2,2,0.003520,0.081058,0.915422,0.003510,0.081116,0.915344,1845,0
2862,18,1,2,2,2,0.007743,0.301758,0.690499,0.007248,0.286194,0.706528,1845,0
2863,18,1,1,1,1,0.113194,0.554500,0.332306,0.113266,0.555084,0.331619,1845,0
2864,18,1,1,1,1,0.211962,0.662510,0.125528,0.212524,0.662201,0.125259,1845,0
2865,18,0,0,0,0,0.815725,0.180106,0.004169,0.816177,0.179657,0.004150,1845,0
2866,18,2,2,2,2,0.000816,0.048860,0.950325,0.000809,0.048889,0.950272,1845,0
2867,18,1,1,1,1,0.098660,0.767551,0.133789,0.098862,0.767700,0.133423,1845,0
2868,18,2,2,2,2,0.000713,0.050700,0.948587,0.000702,0.050827,0.948456,1845,0
2869,18,1,1,1,1,0.089220,0.778000,0.132781,0.099930,0.765625,0.134430,1845,0
2870,18,0,0,0,0,0.780936,0.212088,0.006976,0.781204,0.211823,0.006943,1845,0
2871,18,2,2,2,2,0.000627,0.051229,0.948144,0.000610,0.051392,0.947983,1845,0
2872,18,0,0,0,0,0.925356,0.072966,0.001678,0.918304,0.079788,0.001877,1845,0
2873,18,1,1,1,1,0.036243,0.671019,0.292738,0.036316,0.671722,0.291946,1845,0
2874,18,1,0,0,0,0.753433,0.240545,0.006022,0.753845,0.240128,0.005997,1845,0
2875,18,0,1,1,1,0.471603,0.499892,0.028506,0.472458,0.499084,0.028427,1845,0
2876,18,1,0,0,0,0.544379,0.433576,0.022045,0.545212,0.432831,0.021942,1845,0
2877,18,2,2,2,2,0.001011,0.080627,0.918362,0.001007,0.080963,0.918015,1845,0
2878,18,1,2,2,2,0.007124,0.348616,0.644260,0.007156,0.349243,0.643570,1845,0
2879,18,1,1,1,1,0.216378,0.712770,0.070852,0.216873,0.712418,0.070679,1845,0
2880,18,1,1,1,1,0.276298,0.630500,0.093202,0.273422,0.633804,0.092758,1845,0
2881,18,0,0,0,0,0.898431,0.099449,0.002119,0.898590,0.099289,0.002106,1845,0
2882,18,2,2,2,2,0.004521,0.184613,0.810866,0.004517,0.185333,0.810120,1845,0
2883,18,1,1,1,1,0.101282,0.665207,0.233510,0.101654,0.665665,0.232651,1845,0
2884,18,2,2,2,2,0.001108,0.063578,0.935314,0.001099,0.063721,0.935150,1845,0
2885,18,1,1,1,1,0.416415,0.549434,0.034152,0.417343,0.548615,0.034027,1845,0
2886,18,0,0,0,0,0.827433,0.167040,0.005527,0.827637,0.166840,0.005508,1845,0
2887,18,2,2,2,2,0.000260,0.029216,0.970524,0.000244,0.029266,0.970459,1845,0
2888,18,0,0,0,0,0.774060,0.218900,0.007040,0.774429,0.218536,0.007019,1845,0
2889,18,1,1,1,1,0.058431,0.756208,0.185361,0.058472,0.756546,0.184952,1845,0
2890,18,1,1,1,1,0.223589,0.706783,0.069628,0.223770,0.706741,0.069458,1845,0
2891,18,0,0,0,0,0.887608,0.110389,0.002002,0.887848,0.110153,0.001984,1845,0
2892,18,1,1,1,1,0.399541,0.568055,0.032404,0.399536,0.568100,0.032333,1845,0
2893,18,2,2,2,2,0.004951,0.159059,0.835990,0.004974,0.159805,0.835205,1845,0
2894,18,1,1,1,1,0.294494,0.613376,0.092130,0.294876,0.613373,0.091736,1845,0
2895,18,1,1,1,1,0.141682,0.767110,0.091208,0.141891,0.767136,0.090958,1845,0
2896,18,1,1,1,1,0.033219,0.535906,0.430875,0.033279,0.536957,0.429749,1845,0
2897,18,0,0,0,0,0.831299,0.162825,0.005876,0.831436,0.162674,0.005859,1845,0
2898,18,2,2,2,2,0.000389,0.036047,0.963564,0.000381,0.036118,0.963486,1845,0
2899,18,2,2,2,2,0.000731,0.099732,0.899537,0.000732,0.100098,0.899155,1845,0
2900,18,1,1,1,1,0.232128,0.616248,0.151623,0.232300,0.616547,0.151138,1845,0
2901,18,0,0,0,0,0.749994,0.240977,0.009029,0.750473,0.240509,0.008987,1845,0
2902,18,2,2,2,2,0.005736,0.290304,0.703960,0.005753,0.291199,0.703018,1845,0
2903,18,0,0,0,0,0.877976,0.119268,0.002756,0.878250,0.118988,0.002747,1845,0
2904,18,1,1,1,1,0.114174,0.738928,0.146899,0.114395,0.739014,0.146561,1845,0
2905,18,1,1,1,1,0.409534,0.565954,0.024512,0.409851,0.565659,0.024475,1845,0
2906,18,0,0,0,0,0.954105,0.045280,0.000615,0.954178,0.045197,0.000610,1845,0
2907,18,1,0,0,0,0.718917,0.272573,0.008510,0.719498,0.272003,0.008469,1845,0
2908,18,2,2,2,2,0.000536,0.043128,0.956337,0.000519,0.043198,0.956253,1845,0
2909,18,1,1,1,1,0.044621,0.615843,0.339536,0.044693,0.616577,0.338699,1845,0
2910,18,1,0,0,0,0.672648,0.317232,0.010120,0.673203,0.316696,0.010086,1845,0
2911,18,1,1,1,1,0.114532,0.672349,0.213119,0.114578,0.672806,0.212585,1845,0
2912,18,0,0,0,0,0.800497,0.193544,0.005959,0.800888,0.193161,0.005936,1845,0
2913,18,2,2,2,2,0.003029,0.117247,0.879724,0.003036,0.117752,0.879196,1845,0
2914,18,1,1,1,1,0.019238,0.558257,0.422505,0.019272,0.559097,0.421600,1845,0
2915,18,2,2,2,2,0.004403,0.207094,0.788503,0.004410,0.207870,0.787689,1845,0
2916,18,1,1,1,1,0.033816,0.609072,0.357112,0.033844,0.609848,0.356293,1845,0
2917,18,0,0,0,0,0.849347,0.147203,0.003450,0.849594,0.146957,0.003433,1845,0
2918,18,2,2,2,2,0.000870,0.084206,0.914924,0.000870,0.084625,0.914490,1845,0
2919,18,0,0,0,0,0.720952,0.268256,0.010792,0.721283,0.267929,0.010757,1845,0
2920,18,1,1,1,1,0.243291,0.690608,0.066100,0.243607,0.690445,0.065918,1845,0
2921,18,1,1,1,1,0.149429,0.698417,0.152154,0.149399,0.698822,0.151749,1845,0
2922,18,0,1,1,1,0.394577,0.550448,0.054975,0.395370,0.549759,0.054840,1845,0
2923,18,1,0,0,0,0.739689,0.253258,0.007053,0.756104,0.237457,0.006424,1845,0
2924,18,2,2,2,2,0.000553,0.047109,0.952339,0.000549,0.047256,0.952164,1845,0
2925,18,1,1,1,1,0.070966,0.729133,0.199901,0.071121,0.729553,0.199295,1845,0
2926,18,1,0,0,0,0.530940,0.447086,0.021973,0.543060,0.435806,0.021103,1845,0
2927,18,1,1,1,1,0.077542,0.650983,0.271475,0.077744,0.651718,0.270508,1845,0
2928,18,0,0,0,0,0.786275,0.207298,0.006427,0.786789,0.206802,0.006393,1845,0
2929,18,2,2,2,2,0.003123,0.213492,0.783385,0.001511,0.153641,0.844818,1845,0
2930,18,1,1,1,1,0.044373,0.529526,0.426101,0.044479,0.530563,0.424927,1845,0
2931,18,2,2,2,2,0.005855,0.318811,0.675334,0.005875,0.319504,0.674591,1845,0
2932,18,1,0,0,0,0.612864,0.375629,0.011507,0.613632,0.374878,0.011459,1845,0
2933,18,0,1,1,1,0.434247,0.527505,0.038248,0.434998,0.526840,0.038132,1845,0
2934,18,2,2,2,2,0.000621,0.067886,0.931492,0.000610,0.068222,0.931152,1845,0
2935,18,0,0,0,0,0.869956,0.127321,0.002723,0.870346,0.126938,0.002701,1845,0
2936,18,1,1,1,1,0.071347,0.651229,0.277424,0.071442,0.651855,0.276672,1845,0
2937,18,1,1,1,1,0.457111,0.516954,0.025935,0.457916,0.516205,0.025864,1845,0
2938,18,0,0,0,0,0.683350,0.304051,0.012599,0.684189,0.303253,0.012527,1845,0
2939,18,1,0,0,0,0.546031,0.430879,0.023090,0.546906,0.430084,0.022995,1845,0
2940,18,2,2,2,2,0.000560,0.058407,0.941033,0.000549,0.058701,0.940720,1845,0
2941,18,1,2,2,2,0.005670,0.326095,0.668235,0.005676,0.327103,0.667191,1845,0
2942,18,1,0,0,0,0.567068,0.414898,0.018034,0.567474,0.414520,0.017990,1845,0
2943,18,1,1,1,1,0.070046,0.738990,0.190965,0.070206,0.739349,0.190414,1845,0
2944,18,0,0,0,0,0.759565,0.234538,0.005897,0.760056,0.234055,0.005859,1845,0
2945,18,2,2,2,2,0.000412,0.042750,0.956838,0.000397,0.042877,0.956696,1845,0
2946,18,1,1,1,1,0.101864,0.727226,0.170911,0.102219,0.727463,0.170303,1845,0
2947,18,2,2,2,2,0.001405,0.125161,0.873434,0.001923,0.149582,0.848480,1845,0
2948,18,1,1,1,1,0.235676,0.590597,0.173728,0.237900,0.579391,0.182693,1845,0
2949,18,0,0,0,0,0.964695,0.034847,0.000458,0.965637,0.033905,0.000427,1845,0
2950,18,2,2,2,2,0.000887,0.063578,0.935535,0.000870,0.063736,0.935364,1845,0
2951,18,0,0,0,0,0.885942,0.111748,0.002310,0.886108,0.111588,0.002289,1845,0
2952,18,1,1,1,1,0.082886,0.691243,0.225871,0.083130,0.691803,0.225037,1845,0
2953,18,1,1,1,1,0.116785,0.780752,0.102463,0.116928,0.780792,0.102264,1845,0
2954,18,0,0,0,0,0.617180,0.365720,0.017099,0.616196,0.366638,0.017151,1845,0
2955,18,2,2,2,2,0.000838,0.103812,0.895350,0.000839,0.104248,0.894897,1845,0
2956,18,1,2,2,2,0.028581,0.370734,0.600684,0.028595,0.371323,0.600052,1845,0
2957,18,1,1,1,1,0.164504,0.765512,0.069984,0.164749,0.765366,0.069870,1845,0
2958,18,1,1,1,1,0.024638,0.530172,0.445191,0.024658,0.530945,0.444366,1845,0
2959,18,0,0,0,0,0.779558,0.214952,0.005491,0.779999,0.214523,0.005463,1845,0
2960,18,2,2,2,2,0.001365,0.077330,0.921305,0.001358,0.077484,0.921143,1845,0
2961,18,1,1,1,1,0.021238,0.560696,0.418066,0.021255,0.561386,0.417343,1845,0
2962,18,2,2,2,2,0.000872,0.095606,0.903522,0.000870,0.096069,0.903030,1845,0
2963,18,1,0,0,0,0.815345,0.180235,0.004420,0.815674,0.179916,0.004395,1845,0
2964,18,0,1,1,1,0.455783,0.510904,0.033313,0.456741,0.510025,0.033218,1845,0
2965,18,2,2,2,2,0.000374,0.044013,0.955613,0.000366,0.044098,0.955521,1845,0
2966,18,0,0,0,0,0.679815,0.308497,0.011689,0.680527,0.307816,0.011627,1845,0
2967,18,1,1,1,1,0.021598,0.538724,0.439678,0.021637,0.539642,0.438690,1845,0
2968,18,1,1,1,1,0.279435,0.680345,0.040220,0.279648,0.680161,0.040176,1845,0
2969,18,0,0,0,0,0.869947,0.126431,0.003622,0.870071,0.126297,0.003601,1845,0
2970,18,1,1,1,1,0.247252,0.696457,0.056291,0.247757,0.696075,0.056137,1845,0
2971,18,2,2,2,2,0.001311,0.104617,0.894072,0.001236,0.101456,0.897278,1845,0
2972,18,1,1,1,1,0.079662,0.714502,0.205835,0.079941,0.714645,0.205383,1845,0
2973,18,1,1,1,1,0.272463,0.680433,0.047103,0.272476,0.680466,0.047028,1845,0
2974,18,1,1,1,1,0.268554,0.627412,0.104034,0.269714,0.626907,0.103348,1845,0
2975,18,0,0,0,0,0.968992,0.030683,0.000325,0.969025,0.030640,0.000305,1845,0
2976,18,2,2,2,2,0.001787,0.104100,0.894112,0.001785,0.104523,0.893661,1845,0
2977,18,1,1,1,1,0.023524,0.561644,0.414832,0.023590,0.562134,0.414246,1845,0
2978,18,2,2,2,2,0.000395,0.036426,0.963179,0.000381,0.036484,0.963104,1845,0
2979,18,1,1,1,1,0.306197,0.642943,0.050860,0.306641,0.642624,0.050720,1845,0
2980,18,0,0,0,0,0.873850,0.123390,0.002759,0.874084,0.123154,0.002747,1845,0
2981,18,2,2,2,2,0.000520,0.047733,0.951747,0.000504,0.047852,0.951614,1845,0
2982,18,0,0,0,0,0.874705,0.122825,0.002471,0.874908,0.122604,0.002457,1845,0
2983,18,1,1,1,1,0.092871,0.510211,0.396918,0.092972,0.510910,0.396103,1845,0
2984,18,1,1,1,1,0.262424,0.679538,0.058038,0.256744,0.684662,0.058563,1845,0
2985,18,0,0,0,0,0.741367,0.248384,0.010249,0.741699,0.248062,0.010208,1845,0
2986,18,1,0,0,0,0.511060,0.464357,0.024583,0.511810,0.463654,0.024506,1845,0
2987,18,2,2,2,2,0.000827,0.051381,0.947792,0.000824,0.051514,0.947647,1845,0
2988,18,1,1,1,1,0.274093,0.660188,0.065718,0.274368,0.660126,0.065491,1845,0
2989,19,1,1,1,1,0.146773,0.675202,0.178026,0.145447,0.675247,0.179291,1845,0
2990,19,1,2,2,2,0.019848,0.219426,0.760726,0.019791,0.218811,0.761368,1845,0
2991,19,0,0,0,0,0.570864,0.410141,0.018995,0.568726,0.412064,0.019196,1845,0
2992,19,2,2,2,2,0.021310,0.175699,0.802991,0.020920,0.174194,0.804855,1845,0
2993,19,1,1,1,1,0.072623,0.694330,0.233047,0.072159,0.693146,0.234665,1845,0
2994,19,2,2,2,2,0.008714,0.111883,0.879403,0.009735,0.118500,0.871735,1845,0
2995,19,1,1,1,1,0.123349,0.764223,0.112427,0.122787,0.764206,0.112976,1845,0
2996,19,0,1,1,1,0.247599,0.669860,0.082541,0.245117,0.671600,0.083267,1845,0
2997,19,2,2,2,2,0.016739,0.209100,0.774161,0.016571,0.207870,0.775528,1845,0
2998,19,0,1,1,1,0.409629,0.505448,0.084923,0.405502,0.508362,0.086105,1845,0
2999,19,1,2,2,2,0.041007,0.326609,0.632385,0.040756,0.325241,0.633972,1845,0
3000,19,1,1,1,1,0.056510,0.658933,0.284557,0.056259,0.657684,0.286041,1845,0
3001,19,0,1,1,1,0.306202,0.641271,0.052527,0.303528,0.643448,0.052994,1845,0
3002,19,1,1,1,1,0.240214,0.693491,0.066296,0.237808,0.695297,0.066879,1845,0
3003,19,2,2,2,2,0.062309,0.313088,0.624603,0.062454,0.313644,0.623886,1845,0
3004,19,1,1,1,1,0.330135,0.610619,0.059246,0.327682,0.612473,0.059830,1845,0
3005,19,1,1,1,1,0.068250,0.744669,0.187081,0.067734,0.744385,0.187866,1845,0
3006,19,1,2,2,2,0.010513,0.268186,0.721301,0.010452,0.267212,0.722305,1845,0
3007,19,0,0,0,0,0.571917,0.408129,0.019954,0.568115,0.411621,0.020233,1845,0
3008,19,2,2,2,2,0.052554,0.427973,0.519473,0.051666,0.425858,0.522461,1845,0
3009,19,1,1,1,1,0.058729,0.675399,0.265873,0.058487,0.674484,0.266998,1845,0
3010,19,2,2,2,2,0.006791,0.100935,0.892273,0.006775,0.100830,0.892365,1845,0
3011,19,1,0,0,0,0.653017,0.328273,0.018710,0.650040,0.331009,0.018921,1845,0
3012,19,0,1,1,1,0.331137,0.610555,0.058309,0.327713,0.613358,0.058914,1845,0
3013,19,2,2,2,2,0.059436,0.463898,0.476666,0.058853,0.462601,0.478531,1845,0
3014,19,0,1,1,1,0.426107,0.526610,0.047283,0.422501,0.529678,0.047806,1845,0
3015,19,1,2,2,2,0.016284,0.314424,0.669292,0.016235,0.313568,0.670166,1845,0
3016,19,1,1,1,1,0.157295,0.735818,0.106887,0.156204,0.736115,0.107651,1845,0
3017,19,0,1,1,1,0.474569,0.496297,0.029134,0.471985,0.498581,0.029404,1845,0
3018,19,1,1,1,1,0.158685,0.744057,0.097258,0.156647,0.745209,0.098129,1845,0
3019,19,2,2,2,2,0.008430,0.203383,0.788187,0.008301,0.201904,0.789780,1845,0
3020,19,1,1,1,1,0.029742,0.512480,0.457778,0.029572,0.510803,0.459610,1845,0
3021,19,1,1,1,1,0.197386,0.693001,0.109613,0.196396,0.693115,0.110474,1845,0
3022,19,1,1,1,1,0.157560,0.741058,0.101382,0.156326,0.741608,0.102051,1845,0
3023,19,2,2,2,2,0.034346,0.428363,0.537291,0.034210,0.427399,0.538376,1845,0
3024,19,1,1,1,1,0.119657,0.691695,0.188648,0.119339,0.690872,0.189758,1845,0
3025,19,2,2,2,2,0.002558,0.066960,0.930482,0.002548,0.066971,0.930450,1845,0
3026,19,1,1,1,1,0.183439,0.647109,0.169451,0.182053,0.646866,0.171051,1845,0
3027,19,0,0,0,0,0.526577,0.451447,0.021976,0.522720,0.454987,0.022278,1845,0
3028,19,2,2,2,2,0.035732,0.474185,0.490083,0.035431,0.472321,0.492233,1845,0
3029,19,0,0,0,0,0.594576,0.379873,0.025551,0.590744,0.383301,0.025940,1845,0
3030,19,1,1,1,1,0.090987,0.753495,0.155518,0.090668,0.752945,0.156357,1845,0
3031,19,1,1,1,1,0.043212,0.491768,0.465020,0.042999,0.490143,0.466827,1845,0
3032,19,0,1,1,1,0.437093,0.528934,0.033973,0.433472,0.532150,0.034348,1845,0
3033,19,1,1,1,1,0.148585,0.577449,0.273966,0.148514,0.576660,0.274796,1845,0
3034,19,2,2,2,2,0.022442,0.186544,0.791014,0.021927,0.184616,0.793442,1845,0
3035,19,1,1,1,1,0.064781,0.775391,0.159828,0.064484,0.774994,0.160507,1845,0
3036,19,1,1,1,1,0.207255,0.704381,0.088364,0.204926,0.705856,0.089188,1845,0
3037,19,1,1,1,1,0.072808,0.503955,0.423237,0.072678,0.502777,0.424515,1845,0
3038,19,0,1,1,1,0.334332,0.585504,0.080164,0.331207,0.587631,0.081131,1845,0
3039,19,2,2,2,2,0.001563,0.065444,0.932993,0.001556,0.065369,0.933060,1845,0
3040,19,1,1,1,1,0.064146,0.679651,0.256203,0.063889,0.678391,0.257690,1845,0
3041,19,2,2,2,2,0.010324,0.248403,0.741273,0.010269,0.247421,0.742294,1845,0
3042,19,1,1,1,1,0.092181,0.782862,0.124957,0.091583,0.782944,0.125458,1845,0
3043,19,0,1,1,1,0.436541,0.522629,0.040830,0.474457,0.489471,0.036057,1845,0
3044,19,2,2,2,2,0.011587,0.225816,0.762597,0.011505,0.224869,0.763596,1845,0
3045,19,0,1,1,1,0.211814,0.709175,0.079010,0.209839,0.710602,0.079544,1845,0
3046,19,1,1,1,1,0.057161,0.592131,0.350708,0.056747,0.590469,0.352753,1845,0
3047,19,1,1,1,1,0.091571,0.683173,0.225257,0.090302,0.682037,0.227646,1845,0
3048,19,0,0,0,0,0.530040,0.448155,0.021806,0.526276,0.451630,0.022064,1845,0
3049,19,1,1,1,1,0.122919,0.732735,0.144346,0.122177,0.732605,0.145187,1845,0
3050,19,1,1,1,1,0.102946,0.657508,0.239546,0.101868,0.656296,0.241806,1845,0
3051,19,1,1,1,1,0.188814,0.580027,0.231159,0.188675,0.579208,0.232101,1845,0
3052,19,1,1,1,1,0.154904,0.675205,0.169891,0.154068,0.674805,0.171112,1845,0
3053,19,0,0,0,0,0.587680,0.391428,0.020892,0.583939,0.394867,0.021179,1845,0
3054,19,2,2,2,2,0.018628,0.332096,0.649276,0.018539,0.330994,0.650436,1845,0
3055,19,1,1,1,1,0.095650,0.767709,0.136641,0.094635,0.768021,0.137329,1845,0
3056,19,2,2,2,2,0.021609,0.391980,0.586411,0.021484,0.390442,0.588043,1845,0
3057,19,1,1,1,1,0.122966,0.787338,0.089696,0.122116,0.787766,0.090103,1845,0
3058,19,0,1,1,1,0.460529,0.504254,0.035217,0.457245,0.507141,0.035583,1845,0
3059,19,2,2,2,2,0.007142,0.156490,0.836368,0.007126,0.156403,0.836456,1845,0
3060,19,0,0,0,0,0.781812,0.212130,0.006058,0.779343,0.214493,0.006149,1845,0
3061,19,1,1,1,1,0.184459,0.732192,0.083350,0.182800,0.733246,0.083923,1845,0
3062,19,1,1,1,1,0.333523,0.628982,0.037495,0.330185,0.631943,0.037857,1845,0
3063,19,0,0,0,0,0.596989,0.386822,0.016189,0.613464,0.371246,0.015274,1845,0
3064,19,1,0,1,1,0.489765,0.482805,0.027431,0.486084,0.486084,0.027817,1845,0
3065,19,2,2,2,2,0.002865,0.118251,0.878884,0.002853,0.117905,0.879211,1845,0
3066,19,1,1,1,1,0.066871,0.727724,0.205405,0.066666,0.726807,0.206497,1845,0
3067,19,1,1,1,1,0.125743,0.784295,0.089962,0.125046,0.784622,0.090302,1845,0
3068,19,1,1,1,1,0.137804,0.746994,0.115202,0.129288,0.749954,0.120743,1845,0
3069,19,0,0,0,0,0.681168,0.307087,0.011745,0.677734,0.310318,0.011917,1845,0
3070,19,2,2,2,2,0.010079,0.203087,0.786834,0.010773,0.221176,0.768021,1845,0
3071,19,1,1,1,1,0.279063,0.643512,0.077425,0.246094,0.672470,0.081421,1845,0
3072,19,2,2,2,2,0.011422,0.317108,0.671469,0.011383,0.316132,0.672455,1845,0
3073,19,1,1,1,1,0.225260,0.692280,0.082460,0.222885,0.694031,0.083069,1845,0
3074,19,0,0,0,0,0.590527,0.390008,0.019465,0.586365,0.393829,0.019791,1845,0
3075,19,2,2,2,2,0.001524,0.100507,0.897969,0.001511,0.100143,0.898331,1845,0
3076,19,0,0,0,0,0.663744,0.319893,0.016363,0.660309,0.323074,0.016602,1845,0
3077,19,1,1,1,1,0.149941,0.754440,0.095619,0.148468,0.755249,0.096268,1845,0
3078,19,1,1,1,1,0.176773,0.734966,0.088260,0.174927,0.736160,0.088898,1845,0
3079,19,0,0,0,0,0.723900,0.267853,0.008247,0.720764,0.270828,0.008377,1845,0
3080,19,1,0,0,0,0.629885,0.356497,0.013618,0.626373,0.359802,0.013809,1845,0
3081,19,2,2,2,2,0.025815,0.342785,0.631400,0.025681,0.341522,0.632767,1845,0
3082,19,1,1,1,1,0.318279,0.628878,0.052842,0.315247,0.631363,0.053360,1845,0
3083,19,1,1,1,1,0.053960,0.747044,0.198995,0.053802,0.746490,0.199692,1845,0
3084,19,1,1,1,1,0.052970,0.722283,0.224747,0.052689,0.721481,0.225815,1845,0
3085,19,0,0,0,0,0.947578,0.051598,0.000824,0.947144,0.052002,0.000824,1845,0
3086,19,2,2,2,2,0.011069,0.221508,0.767423,0.011078,0.222153,0.766739,1845,0
3087,19,1,1,1,1,0.066681,0.562230,0.371090,0.066071,0.560654,0.373260,1845,0
3088,19,2,2,2,2,0.002374,0.117512,0.880114,0.002350,0.116989,0.880646,1845,0
3089,19,1,1,1,1,0.230476,0.719140,0.050384,0.229706,0.719666,0.050598,1845,0
3090,19,0,0,0,0,0.545121,0.434808,0.020071,0.541534,0.438126,0.020325,1845,0
3091,19,2,2,2,2,0.002423,0.101102,0.896475,0.002411,0.100906,0.896652,1845,0
3092,19,0,0,0,0,0.711463,0.274951,0.013586,0.707962,0.278168,0.013840,1845,0
3093,19,1,1,1,1,0.261581,0.684264,0.054155,0.259094,0.686249,0.054642,1845,0
3094,19,1,1,1,1,0.473521,0.498068,0.028411,0.469818,0.501373,0.028778,1845,0
3095,19,0,0,0,0,0.930287,0.068744,0.000969,0.929245,0.069763,0.000977,1845,0
3096,19,1,1,1,1,0.149524,0.757547,0.092929,0.148163,0.758255,0.093567,1845,0
3097,19,2,1,1,1,0.049929,0.542494,0.407577,0.049561,0.540726,0.409683,1845,0
3098,19,1,1,1,1,0.202834,0.715254,0.081912,0.200531,0.716888,0.082550,1845,0
3099,19,1,0,0,0,0.490630,0.472807,0.036563,0.486679,0.476242,0.037064,1845,0
3100,19,1,1,1,1,0.030191,0.640305,0.329505,0.029938,0.638916,0.331116,1845,0
3101,19,0,0,0,0,0.660297,0.328110,0.011593,0.659027,0.329285,0.011673,1845,0
3102,19,2,2,2,2,0.020299,0.341408,0.638294,0.020050,0.339584,0.640335,1845,0
3103,19,1,1,1,1,0.089078,0.739570,0.171353,0.088211,0.739471,0.172287,1845,0
3104,19,2,1,2,2,0.020743,0.489665,0.489592,0.020630,0.488174,0.491165,1845,0
3105,19,1,0,0,0,0.587690,0.392298,0.020012,0.584167,0.395554,0.020264,1845,0
3106,19,0,1,1,1,0.458147,0.509610,0.032243,0.454407,0.512939,0.032623,1845,0
3107,19,2,2,2,2,0.002195,0.097908,0.899896,0.002182,0.097656,0.900131,1845,0
3108,19,0,0,0,0,0.558373,0.401623,0.040004,0.555481,0.404114,0.040390,1845,0
3109,19,1,1,1,1,0.044542,0.683259,0.272199,0.044067,0.682709,0.273193,1845,0
3110,19,1,1,1,1,0.454887,0.515604,0.029509,0.451965,0.518204,0.029816,1845,0
3111,19,0,0,0,0,0.707942,0.282629,0.009429,0.704742,0.285675,0.009567,1845,0
3112,19,1,1,1,1,0.048896,0.744861,0.206243,0.078293,0.766891,0.154785,1845,0
3113,19,2,2,2,2,0.026480,0.388092,0.585428,0.026413,0.387054,0.586517,1845,0
3114,19,1,1,1,1,0.122035,0.759216,0.118748,0.120682,0.759827,0.119476,1845,0
3115,19,1,1,1,1,0.221650,0.689005,0.089345,0.219147,0.690750,0.090088,1845,0
3116,19,1,1,1,1,0.098036,0.737432,0.164532,0.111496,0.746597,0.141891,1845,0
3117,19,0,1,1,1,0.284898,0.649011,0.066091,0.282486,0.650833,0.066666,1845,0
3118,19,2,2,2,2,0.009092,0.296777,0.694131,0.009003,0.295563,0.695404,1845,0
3119,19,1,1,1,1,0.063360,0.719179,0.217461,0.061264,0.725830,0.212891,1845,0
3120,19,2,2,2,2,0.005265,0.258524,0.736211,0.005203,0.256989,0.737793,1845,0
3121,19,1,1,1,1,0.313590,0.620241,0.066170,0.310349,0.622818,0.066803,1845,0
3122,19,0,0,0,0,0.708415,0.279680,0.011905,0.705139,0.282745,0.012100,1845,0
3123,19,2,1,1,1,0.099991,0.592327,0.307682,0.099136,0.590866,0.309982,1845,0
3124,19,0,0,0,0,0.628227,0.354366,0.017407,0.624527,0.357773,0.017685,1845,0
3125,19,1,2,2,2,0.010250,0.371468,0.618282,0.010208,0.370163,0.619614,1845,0
3126,19,1,1,1,1,0.319206,0.627243,0.053551,0.318375,0.627762,0.053848,1845,0
3127,19,0,0,0,0,0.659072,0.327033,0.013895,0.655472,0.330399,0.014099,1845,0
3128,19,1,1,1,1,0.108554,0.750107,0.141339,0.108185,0.749863,0.141937,1845,0
3129,19,2,2,2,2,0.038684,0.374416,0.586900,0.038513,0.373245,0.588226,1845,0
3130,19,1,1,1,1,0.044615,0.631783,0.323602,0.041229,0.614059,0.344696,1845,0
3131,19,1,1,1,1,0.440717,0.525880,0.033403,0.437134,0.529068,0.033783,1845,0
3132,19,1,2,2,2,0.014407,0.464325,0.521268,0.014267,0.462708,0.523010,1845,0
3133,19,0,0,0,0,0.670559,0.318383,0.011058,0.667313,0.321457,0.011215,1845,0
3134,19,2,2,2,2,0.002751,0.114403,0.882846,0.002731,0.114044,0.883209,1845,0
3135,19,1,1,1,1,0.369992,0.571123,0.058884,0.367264,0.573349,0.059372,1845,0
3136,19,2,1,1,1,0.060539,0.622873,0.316588,0.059433,0.621338,0.319199,1845,0
3137,19,0,0,0,0,0.529872,0.441509,0.028619,0.525986,0.444992,0.028992,1845,0
3138,19,2,2,2,2,0.009295,0.246634,0.744071,0.009216,0.245300,0.745453,1845,0
3139,19,0,0,0,0,0.567639,0.406045,0.026316,0.564240,0.409103,0.026642,1845,0
3140,19,1,1,1,1,0.105739,0.645544,0.248717,0.105530,0.644455,0.249985,1845,0
3141,19,1,1,1,1,0.335832,0.594480,0.069688,0.333023,0.596481,0.070480,1845,0
3142,19,0,0,0,0,0.532504,0.440589,0.026907,0.528381,0.444305,0.027298,1845,0
3143,19,1,1,1,1,0.251837,0.660414,0.087749,0.249786,0.661591,0.088608,1845,0
3144,19,2,2,2,2,0.015914,0.407776,0.576310,0.015701,0.405441,0.578842,1845,0
3145,19,1,1,1,1,0.118505,0.721782,0.159713,0.117035,0.722046,0.160889,1845,0
3146,20,1,1,1,1,0.190142,0.676743,0.133115,0.190842,0.676270,0.132858,1845,0
3147,20,1,1,1,1,0.168911,0.557846,0.273243,0.169235,0.557816,0.272919,1845,0
3148,20,0,0,0,0,0.620891,0.360970,0.018140,0.624557,0.357544,0.017868,1845,0
3149,20,2,1,1,1,0.063240,0.492296,0.444465,0.064346,0.492966,0.442673,1845,0
3150,20,1,1,1,1,0.430006,0.533676,0.036319,0.433075,0.530945,0.035965,1845,0
3151,20,2,2,2,2,0.014022,0.341941,0.644038,0.014191,0.342987,0.642807,1845,0
3152,20,1,1,1,1,0.391214,0.566355,0.042431,0.393784,0.564102,0.042084,1845,0
3153,20,0,0,0,0,0.769280,0.223974,0.006746,0.772064,0.221298,0.006622,1845,0
3154,20,2,2,2,2,0.010510,0.277096,0.712394,0.010681,0.278656,0.710648,1845,0
3155,20,0,0,0,0,0.953042,0.046290,0.000668,0.953506,0.045822,0.000641,1845,0
3156,20,1,1,1,1,0.274241,0.469564,0.256195,0.274292,0.469513,0.256165,1845,0
3157,20,1,1,1,1,0.115602,0.772187,0.112211,0.116058,0.771881,0.112045,1845,0
3158,20,0,0,0,0,0.790842,0.204098,0.005060,0.793304,0.201706,0.004959,1845,0
3159,20,1,1,1,1,0.139057,0.677513,0.183430,0.139236,0.677338,0.183411,1845,0
3160,20,2,2,2,2,0.000773,0.081240,0.917988,0.000763,0.081390,0.917831,1845,0
3161,20,1,1,1,1,0.065730,0.626639,0.307631,0.065842,0.626541,0.307587,1845,0
3162,20,1,0,0,0,0.555815,0.428590,0.015595,0.556824,0.427628,0.015533,1845,0
3163,20,1,1,1,1,0.167445,0.698690,0.133865,0.167862,0.698395,0.133713,1845,0
3164,20,0,0,0,0,0.946227,0.053126,0.000647,0.946899,0.052460,0.000626,1845,0
3165,20,2,2,2,2,0.003387,0.223348,0.773265,0.003586,0.223022,0.773361,1845,0
3166,20,2,2,2,2,0.020175,0.323498,0.656327,0.020462,0.324738,0.654785,1845,0
3167,20,1,0,0,0,0.787128,0.205648,0.007224,0.788620,0.204208,0.007141,1845,0
3168,20,0,1,1,1,0.436322,0.521287,0.042391,0.440231,0.517883,0.041855,1845,0
3169,20,2,2,2,2,0.000428,0.049047,0.950525,0.000427,0.049103,0.950455,1845,0
3170,20,0,0,0,0,0.765193,0.227914,0.006894,0.767853,0.225357,0.006775,1845,0
3171,20,1,1,1,1,0.104145,0.643263,0.252592,0.102295,0.637131,0.260544,1845,0
3172,20,1,0,0,0,0.730958,0.260457,0.008585,0.733185,0.258331,0.008469,1845,0
3173,20,0,0,0,0,0.946137,0.053095,0.000768,0.946655,0.052582,0.000748,1845,0
3174,20,1,1,1,1,0.251663,0.677773,0.070563,0.254227,0.675690,0.070053,1845,0
3175,20,2,2,2,2,0.010339,0.211948,0.777712,0.003555,0.142838,0.853577,1845,0
3176,20,1,1,1,1,0.094687,0.700993,0.204320,0.095337,0.700882,0.203766,1845,0
3177,20,1,1,1,1,0.155458,0.687770,0.156772,0.156113,0.687454,0.156418,1845,0
3178,20,1,2,2,2,0.011308,0.244525,0.744166,0.011307,0.244659,0.744003,1845,0
3179,20,0,0,0,0,0.513343,0.457296,0.029361,0.516998,0.453995,0.028992,1845,0
3180,20,2,2,2,2,0.000261,0.030503,0.969237,0.000244,0.030502,0.969223,1845,0
3181,20,1,1,1,1,0.047333,0.613049,0.339617,0.047485,0.613159,0.339340,1845,0
3182,20,2,2,2,2,0.010522,0.284764,0.704713,0.010727,0.285889,0.703369,1845,0
3183,20,1,0,0,0,0.607239,0.378967,0.013795,0.609924,0.376419,0.013626,1845,0
3184,20,0,1,1,1,0.409898,0.560274,0.029828,0.412003,0.558334,0.029633,1845,0
3185,20,2,2,2,2,0.000296,0.053514,0.946190,0.000290,0.053635,0.946060,1845,0
3186,20,0,0,0,0,0.716586,0.275536,0.007878,0.719894,0.272339,0.007736,1845,0
3187,20,1,2,2,2,0.011733,0.460755,0.527512,0.011826,0.461517,0.526642,1845,0
3188,20,1,1,1,1,0.177622,0.731040,0.091337,0.178650,0.730301,0.091034,1845,0
3189,20,0,0,0,0,0.860564,0.135441,0.003995,0.862228,0.133835,0.003922,1845,0
3190,20,1,1,1,1,0.362794,0.583951,0.053255,0.365417,0.581772,0.052795,1845,0
3191,20,2,2,2,2,0.002977,0.163872,0.833151,0.002457,0.160034,0.837494,1845,0
3192,20,1,1,1,1,0.079697,0.699577,0.220727,0.080124,0.699554,0.220291,1845,0
3193,20,1,0,0,0,0.491716,0.472936,0.035348,0.495621,0.469498,0.034866,1845,0
3194,20,1,1,1,1,0.196800,0.647278,0.155922,0.178925,0.665726,0.155319,1845,0
3195,20,0,0,0,0,0.773297,0.218104,0.008599,0.775604,0.215927,0.008453,1845,0
3196,20,2,2,2,2,0.000436,0.047690,0.951874,0.000427,0.047791,0.951752,1845,0
3197,20,1,2,2,2,0.012413,0.408790,0.578797,0.012558,0.409973,0.577438,1845,0
3198,20,2,2,2,2,0.001279,0.143386,0.855335,0.001282,0.143906,0.854782,1845,0
3199,20,1,1,1,1,0.151212,0.776137,0.072651,0.152130,0.775406,0.072433,1845,0
3200,20,0,0,0,0,0.885977,0.111620,0.002403,0.887451,0.110168,0.002350,1845,0
3201,20,2,2,2,2,0.000902,0.077356,0.921742,0.000885,0.077515,0.921570,1845,0
3202,20,0,0,0,0,0.872977,0.124631,0.002392,0.874725,0.122910,0.002335,1845,0
3203,20,1,1,1,1,0.038772,0.575724,0.385504,0.038895,0.575867,0.385208,1845,0
3204,20,1,1,1,1,0.221265,0.714197,0.064537,0.223557,0.712311,0.064117,1845,0
3205,20,0,0,0,0,0.612075,0.368651,0.019274,0.615662,0.365326,0.018997,1845,0
3206,20,1,1,1,1,0.115312,0.675815,0.208873,0.116013,0.675735,0.208221,1845,0
3207,20,2,2,2,2,0.002364,0.190184,0.807452,0.002380,0.190598,0.807007,1845,0
3208,20,1,1,1,1,0.034375,0.577416,0.388209,0.034485,0.577423,0.388077,1845,0
3209,20,1,1,1,1,0.383204,0.581151,0.035646,0.383713,0.580658,0.035599,1845,0
3210,20,1,1,1,1,0.133351,0.754408,0.112241,0.134003,0.753983,0.112000,1845,0
3211,20,0,0,0,0,0.860969,0.136095,0.002936,0.862656,0.134445,0.002869,1845,0
3212,20,2,2,2,2,0.006038,0.346622,0.647340,0.006073,0.347031,0.646881,1845,0
3213,20,1,1,1,1,0.074830,0.667180,0.257990,0.075073,0.667160,0.257736,1845,0
3214,20,2,2,2,2,0.000417,0.034047,0.965536,0.000412,0.034042,0.965530,1845,0
3215,20,1,1,1,1,0.121068,0.652958,0.225973,0.121246,0.652863,0.225876,1845,0
3216,20,0,0,0,0,0.831283,0.165618,0.003099,0.833344,0.163605,0.003036,1845,0
3217,20,2,2,2,2,0.017745,0.453112,0.529143,0.017868,0.453735,0.528381,1845,0
3218,20,0,0,0,0,0.778426,0.214182,0.007392,0.780960,0.211761,0.007263,1845,0
3219,20,1,2,2,2,0.005040,0.296844,0.698116,0.005051,0.297028,0.697906,1845,0
3220,20,1,0,0,0,0.640640,0.343990,0.015370,0.644150,0.340683,0.015137,1845,0
3221,20,0,0,0,0,0.625326,0.357628,0.017046,0.586166,0.395569,0.018250,1845,0
3222,20,1,1,1,1,0.125222,0.749270,0.125507,0.126068,0.748856,0.125046,1845,0
3223,20,2,2,2,2,0.000685,0.071182,0.928133,0.000702,0.071823,0.927444,1845,0
3224,20,1,1,1,1,0.028292,0.588958,0.382750,0.028519,0.589645,0.381821,1845,0
3225,20,1,1,1,1,0.067934,0.742031,0.190034,0.068298,0.742004,0.189682,1845,0
3226,20,1,1,1,1,0.076784,0.683839,0.239378,0.077164,0.683823,0.238998,1845,0
3227,20,0,1,1,1,0.430418,0.532383,0.037199,0.433319,0.529816,0.036835,1845,0
3228,20,2,2,2,2,0.000333,0.033645,0.966022,0.000320,0.033646,0.966003,1845,0
3229,20,1,1,1,1,0.031796,0.618156,0.350048,0.031921,0.618347,0.349701,1845,0
3230,20,2,2,2,2,0.005918,0.290073,0.704009,0.005981,0.291138,0.702850,1845,0
3231,20,1,1,1,1,0.101977,0.745331,0.152692,0.087524,0.746750,0.165710,1845,0
3232,20,0,0,0,0,0.802903,0.192119,0.004979,0.805176,0.189911,0.004883,1845,0
3233,20,2,2,2,2,0.002956,0.160081,0.836964,0.002960,0.160309,0.836716,1845,0
3234,20,0,0,0,0,0.822980,0.172118,0.004902,0.825104,0.170074,0.004807,1845,0
3235,20,1,1,1,1,0.025847,0.558523,0.415630,0.025879,0.558395,0.415695,1845,0
3236,20,1,1,1,1,0.254295,0.668565,0.077140,0.256699,0.666718,0.076569,1845,0
3237,20,0,0,0,0,0.917948,0.080831,0.001221,0.919037,0.079758,0.001190,1845,0
3238,20,1,1,1,1,0.222932,0.702895,0.074173,0.224564,0.701630,0.073792,1845,0
3239,20,2,2,2,2,0.000800,0.046380,0.952820,0.000793,0.046371,0.952805,1845,0
3240,20,1,1,1,1,0.145124,0.731271,0.123605,0.145828,0.730850,0.123291,1845,0
3241,20,1,1,1,1,0.379634,0.584486,0.035881,0.381012,0.583237,0.035736,1845,0
3242,20,1,1,1,1,0.019349,0.546300,0.434350,0.019531,0.546875,0.433563,1845,0
3243,20,0,0,0,0,0.651797,0.331220,0.016983,0.655060,0.328186,0.016739,1845,0
3244,20,2,2,2,2,0.000638,0.053128,0.946234,0.000626,0.053162,0.946182,1845,0
3245,20,1,2,2,2,0.011544,0.488681,0.499775,0.011703,0.489792,0.498489,1845,0
3246,20,2,2,2,2,0.002380,0.186848,0.810772,0.002396,0.187576,0.809998,1845,0
3247,20,1,1,1,1,0.075359,0.631132,0.293509,0.075439,0.631195,0.293350,1845,0
3248,20,0,0,0,0,0.862011,0.134267,0.003721,0.863312,0.133011,0.003662,1845,0
3249,20,2,2,2,2,0.001727,0.158401,0.839872,0.001740,0.158783,0.839462,1845,0
3250,20,0,0,0,0,0.548283,0.431294,0.020423,0.552261,0.427582,0.020126,1845,0
3251,20,1,1,1,1,0.130230,0.682869,0.186901,0.132233,0.682251,0.185486,1845,0
3252,20,1,1,1,1,0.356168,0.596688,0.047144,0.358276,0.594849,0.046844,1845,0
3253,20,0,0,0,0,0.689858,0.298972,0.011170,0.693192,0.295822,0.010971,1845,0
3254,20,1,1,1,1,0.112407,0.718324,0.169269,0.113129,0.718063,0.168777,1845,0
3255,20,2,2,2,2,0.001797,0.149055,0.849148,0.001801,0.149338,0.848831,1845,0
3256,20,1,2,2,2,0.022100,0.431029,0.546871,0.022156,0.431427,0.546402,1845,0
3257,20,1,1,1,1,0.263828,0.653238,0.082934,0.265656,0.651855,0.082474,1845,0
3258,20,1,1,1,1,0.030159,0.538785,0.431055,0.033829,0.572296,0.393860,1845,0
3259,20,0,0,0,0,0.698262,0.285577,0.016161,0.700302,0.283676,0.016006,1845,0
3260,20,2,1,1,1,0.035249,0.662541,0.302210,0.035416,0.662750,0.301819,1845,0
3261,20,1,1,1,1,0.068945,0.623625,0.307429,0.069046,0.623566,0.307373,1845,0
3262,20,2,1,1,1,0.047501,0.504759,0.447740,0.047699,0.505112,0.447174,1845,0
3263,20,1,1,1,1,0.209960,0.718217,0.071823,0.212616,0.716125,0.071243,1845,0
3264,20,0,1,1,1,0.476454,0.494414,0.029132,0.480179,0.491028,0.028763,1845,0
3265,20,2,2,2,2,0.000786,0.100732,0.898482,0.000778,0.100952,0.898239,1845,0
3266,20,0,0,0,0,0.736557,0.251135,0.012308,0.739410,0.248474,0.012085,1845,0
3267,20,1,1,1,1,0.380548,0.572395,0.047057,0.384476,0.568954,0.046539,1845,0
3268,20,1,1,1,1,0.210550,0.704667,0.084783,0.212006,0.703537,0.084427,1845,0
3269,20,0,0,0,0,0.779978,0.214567,0.005455,0.782578,0.212051,0.005356,1845,0
3270,20,1,1,1,1,0.418624,0.545529,0.035847,0.422516,0.542038,0.035416,1845,0
3271,20,2,2,2,2,0.003273,0.177650,0.819077,0.003311,0.178406,0.818253,1845,0
3272,20,1,1,1,1,0.109861,0.737754,0.152385,0.110870,0.737411,0.151688,1845,0
3273,20,1,1,1,1,0.161554,0.759332,0.079113,0.162994,0.758255,0.078720,1845,0
3274,20,1,1,1,1,0.383250,0.538466,0.078284,0.385941,0.536285,0.077744,1845,0
3275,20,0,0,0,0,0.693746,0.295909,0.010345,0.659363,0.328568,0.012054,1845,0
3276,20,2,2,2,2,0.006829,0.228247,0.764925,0.006927,0.229477,0.763580,1845,0
3277,20,1,1,1,1,0.042960,0.611495,0.345545,0.043686,0.612183,0.344116,1845,0
3278,20,2,2,2,2,0.001839,0.170833,0.827328,0.001846,0.171158,0.826981,1845,0
3279,20,1,1,1,1,0.452398,0.516807,0.030795,0.386154,0.574142,0.039688,1845,0
3280,20,0,0,0,0,0.751580,0.240283,0.008138,0.682877,0.302673,0.014420,1845,0
3281,20,2,2,2,2,0.002758,0.183443,0.813799,0.002762,0.183731,0.813492,1845,0
3282,20,0,0,0,0,0.912845,0.085580,0.001575,0.913757,0.084671,0.001541,1845,0
3283,20,1,1,1,1,0.104372,0.737861,0.157767,0.102982,0.737396,0.159592,1845,0
3284,20,1,1,1,1,0.478511,0.501373,0.020117,0.482086,0.498001,0.019882,1845,0
3285,20,0,1,1,1,0.409964,0.541864,0.048172,0.411499,0.540558,0.047928,1845,0
3286,20,1,1,1,1,0.364052,0.588878,0.047070,0.366867,0.586456,0.046661,1845,0
3287,20,2,2,2,2,0.001503,0.147361,0.851136,0.001511,0.147919,0.850540,1845,0
3288,20,1,2,2,2,0.012550,0.449676,0.537774,0.012695,0.450806,0.536469,1845,0
3289,20,1,1,1,1,0.120304,0.728302,0.151394,0.121841,0.727646,0.150497,1845,0
3290,20,1,1,1,1,0.079775,0.706421,0.213803,0.081009,0.706284,0.212692,1845,0
3291,20,0,0,0,0,0.876109,0.120550,0.003341,0.877426,0.119278,0.003281,1845,0
3292,20,2,2,2,2,0.002324,0.192857,0.804819,0.002350,0.193634,0.803986,1845,0
3293,20,1,1,1,1,0.137306,0.765289,0.097404,0.137802,0.764938,0.097244,1845,0
3294,20,2,2,2,2,0.000911,0.056430,0.942659,0.000900,0.056519,0.942551,1845,0
3295,20,1,1,1,1,0.397017,0.576429,0.026554,0.399124,0.574463,0.026398,1845,0
3296,20,0,0,0,0,0.698828,0.291848,0.009324,0.700851,0.289917,0.009216,1845,0
3297,20,2,2,2,2,0.004743,0.203464,0.791793,0.004745,0.203720,0.791504,1845,0
3298,20,0,0,0,0,0.768928,0.223043,0.008029,0.811371,0.182755,0.005844,1845,0
3299,20,1,1,1,1,0.036457,0.569444,0.394099,0.036880,0.570175,0.392929,1845,0
3300,20,1,0,0,0,0.567801,0.416511,0.015689,0.570694,0.413773,0.015518,1845,0
3301,20,0,0,0,0,0.812810,0.181740,0.005450,0.814987,0.179642,0.005356,1845,0
3302,20,1,1,1,1,0.337445,0.624792,0.037762,0.340225,0.622299,0.037460,1845,0
3303,20,2,2,2,2,0.012874,0.304988,0.682138,0.012970,0.305832,0.681183,1845,0
3304,20,1,1,1,1,0.060817,0.664802,0.274381,0.061249,0.664963,0.273773,1845,0
3305,21,1,1,1,1,0.234154,0.694683,0.071163,0.233444,0.695145,0.071396,1845,0
3306,21,1,1,1,1,0.195815,0.667406,0.136780,0.195709,0.667282,0.136993,1845,0
3307,21,0,0,0,0,0.594356,0.372127,0.033517,0.592712,0.373550,0.033707,1845,0
3308,21,2,1,1,1,0.082470,0.677301,0.240229,0.082031,0.677094,0.240845,1845,0
3309,21,1,1,1,1,0.184214,0.746638,0.069148,0.183624,0.747040,0.069321,1845,0
3310,21,2,2,2,2,0.002435,0.083006,0.914559,0.002426,0.082993,0.914566,1845,0
3311,21,1,1,1,1,0.464530,0.503951,0.031519,0.462341,0.505905,0.031738,1845,0
3312,21,0,0,0,0,0.742064,0.248573,0.009364,0.739990,0.250534,0.009460,1845,0
3313,21,2,2,2,2,0.007582,0.221374,0.771044,0.007553,0.221085,0.771347,1845,0
3314,21,0,0,0,0,0.836243,0.159998,0.003760,0.834824,0.161362,0.003799,1845,0
3315,21,1,1,1,1,0.058642,0.480383,0.460976,0.058594,0.480087,0.461288,1845,0
3316,21,1,0,0,0,0.646113,0.337863,0.016024,0.643936,0.339874,0.016159,1845,0
3317,21,0,0,0,0,0.857507,0.139789,0.002704,0.856277,0.140976,0.002716,1845,0
3318,21,1,1,1,1,0.128558,0.762989,0.108453,0.127975,0.763229,0.108780,1845,0
3319,21,2,1,1,1,0.063067,0.526551,0.410382,0.063019,0.526215,0.410736,1845,0
3320,21,1,1,1,1,0.167177,0.750785,0.082038,0.166473,0.751221,0.082291,1845,0
3321,21,1,1,1,1,0.113378,0.618115,0.268508,0.113037,0.617737,0.269211,1845,0
3322,21,1,1,1,1,0.188352,0.711567,0.100081,0.187515,0.712006,0.100449,1845,0
3323,21,0,0,0,0,0.721323,0.269889,0.008787,0.719345,0.271759,0.008865,1845,0
3324,21,2,2,2,2,0.009389,0.193288,0.797323,0.009384,0.193222,0.797379,1845,0
3325,21,1,1,1,1,0.112787,0.701212,0.186001,0.112625,0.700974,0.186371,1845,0
3326,21,2,1,1,1,0.029456,0.538964,0.431581,0.029388,0.538467,0.432129,1845,0
3327,21,1,1,1,1,0.184980,0.705471,0.109549,0.184570,0.705582,0.109818,1845,0
3328,21,0,0,0,0,0.638363,0.345371,0.016266,0.636047,0.347519,0.016418,1845,0
3329,21,2,1,1,1,0.133879,0.723382,0.142739,0.133377,0.723511,0.143097,1845,0
3330,21,0,1,1,1,0.139046,0.660619,0.200335,0.138458,0.660461,0.201050,1845,0
3331,21,1,1,1,1,0.055403,0.661262,0.283335,0.055206,0.660843,0.283920,1845,0
3332,21,1,1,1,1,0.342585,0.601090,0.056325,0.340454,0.602798,0.056732,1845,0
3333,21,0,0,0,0,0.747201,0.245815,0.006985,0.745468,0.247467,0.007050,1845,0
3334,21,1,1,1,1,0.306158,0.630894,0.062948,0.304230,0.632401,0.063339,1845,0
3335,21,2,1,1,1,0.202518,0.659955,0.137527,0.202133,0.659958,0.137894,1845,0
3336,21,1,1,1,1,0.101489,0.761412,0.137098,0.101334,0.761307,0.137329,1845,0
3337,21,1,1,1,1,0.079442,0.761379,0.159178,0.079041,0.761246,0.159698,1845,0
3338,21,1,1,1,1,0.031308,0.532506,0.436186,0.030258,0.534897,0.434830,1845,0
3339,21,0,1,1,1,0.259498,0.649013,0.091489,0.257751,0.650238,0.091995,1845,0
3340,21,2,1,1,1,0.062764,0.521369,0.415866,0.062485,0.520721,0.416763,1845,0
3341,21,1,1,1,1,0.066218,0.683773,0.250009,0.066132,0.683411,0.250443,1845,0
3342,21,2,2,2,2,0.001340,0.114098,0.884562,0.001328,0.113922,0.884735,1845,0
3343,21,1,1,1,1,0.376127,0.548876,0.074996,0.373749,0.550476,0.075745,1845,0
3344,21,0,0,0,0,0.685929,0.297876,0.016195,0.683960,0.299683,0.016342,1845,0
3345,21,2,2,2,2,0.009708,0.334658,0.655633,0.009674,0.334290,0.656021,1845,0
3346,21,0,0,0,0,0.823016,0.171358,0.005626,0.822388,0.171936,0.005646,1845,0
3347,21,1,1,1,1,0.113242,0.699388,0.187370,0.113174,0.699158,0.187653,1845,0
3348,21,1,1,1,1,0.095612,0.770905,0.133484,0.095551,0.770737,0.133682,1845,0
3349,21,0,1,1,1,0.319588,0.606769,0.073643,0.317459,0.608414,0.074112,1845,0
3350,21,1,1,1,1,0.066689,0.751108,0.182203,0.066544,0.750870,0.182571,1845,0
3351,21,2,0,0,0,0.500794,0.455508,0.043698,0.498306,0.457565,0.044098,1845,0
3352,21,1,1,1,1,0.086115,0.675794,0.238091,0.085846,0.675354,0.238770,1845,0
3353,21,1,1,1,1,0.153736,0.638236,0.208028,0.153351,0.637970,0.208664,1845,0
3354,21,1,1,1,1,0.107194,0.744557,0.148249,0.106689,0.744522,0.148758,1845,0
3355,21,0,1,1,1,0.235207,0.690748,0.074045,0.233994,0.691650,0.074326,1845,0
3356,21,2,2,2,2,0.023562,0.370977,0.605461,0.023270,0.370255,0.606461,1845,0
3357,21,1,1,1,1,0.145224,0.762033,0.092742,0.144409,0.762497,0.093063,1845,0
3358,21,2,1,1,1,0.024975,0.504793,0.470233,0.024765,0.503769,0.471436,1845,0
3359,21,1,1,1,1,0.161728,0.729146,0.109126,0.160812,0.729614,0.109558,1845,0
3360,21,0,0,0,0,0.710916,0.272672,0.016412,0.709259,0.274185,0.016541,1845,0
3361,21,2,2,2,2,0.007888,0.259764,0.732348,0.007828,0.259277,0.732864,1845,0
3362,21,0,0,0,0,0.904680,0.093058,0.002262,0.904205,0.093506,0.002274,1845,0
3363,21,1,1,1,1,0.094890,0.642206,0.262904,0.124939,0.710144,0.164902,1845,0
3364,21,1,1,1,1,0.307018,0.640819,0.052163,0.305527,0.642029,0.052414,1845,0
3365,21,0,0,0,0,0.786698,0.205019,0.008283,0.785461,0.206161,0.008347,1845,0
3366,21,1,1,1,1,0.160851,0.747386,0.091762,0.160187,0.747726,0.092072,1845,0
3367,21,2,1,1,1,0.035539,0.577513,0.386948,0.035385,0.577042,0.387558,1845,0
3368,21,1,1,1,1,0.085816,0.623618,0.290566,0.084915,0.622986,0.292084,1845,0
3369,21,1,1,1,1,0.053606,0.488223,0.458172,0.053528,0.487793,0.458649,1845,0
3370,21,1,1,1,1,0.262336,0.675919,0.061746,0.260712,0.677139,0.062119,1845,0
3371,21,0,0,0,0,0.653926,0.334049,0.012025,0.652008,0.335861,0.012115,1845,0
3372,21,2,1,1,1,0.031042,0.515043,0.453915,0.030762,0.514252,0.454956,1845,0
3373,21,1,1,1,1,0.102965,0.730366,0.166670,0.102814,0.730209,0.166946,1845,0
3374,21,2,1,1,1,0.041508,0.598103,0.360389,0.041351,0.597519,0.361099,1845,0
3375,21,1,1,1,1,0.049158,0.674518,0.276324,0.049057,0.674133,0.276794,1845,0
3376,21,0,0,0,0,0.883668,0.113643,0.002688,0.882614,0.114655,0.002716,1845,0
3377,21,2,2,2,2,0.002232,0.147560,0.850208,0.002213,0.147308,0.850464,1845,0
3378,21,0,0,0,0,0.674321,0.307048,0.018631,0.672455,0.308731,0.018784,1845,0
3379,21,1,1,1,1,0.045593,0.612517,0.341890,0.045212,0.611786,0.342972,1845,0
3380,21,1,1,1,1,0.214545,0.703122,0.082333,0.212952,0.704269,0.082764,1845,0
3381,21,0,0,0,0,0.489946,0.482542,0.027512,0.487946,0.484329,0.027695,1845,0
3382,21,1,1,1,1,0.196492,0.731906,0.071603,0.195450,0.732620,0.071915,1845,0
3383,21,2,2,2,2,0.041002,0.472935,0.486062,0.040527,0.472260,0.487183,1845,0
3384,21,1,1,1,1,0.157875,0.756767,0.085358,0.157700,0.756821,0.085464,1845,0
3385,21,1,1,1,1,0.110820,0.742291,0.146889,0.110184,0.742279,0.147507,1845,0
3386,21,1,1,1,1,0.033065,0.666267,0.300669,0.032867,0.665756,0.301346,1845,0
3387,21,0,1,1,1,0.383079,0.573119,0.043802,0.380951,0.574921,0.044098,1845,0
3388,21,2,1,1,1,0.043447,0.498466,0.458087,0.043121,0.497528,0.459335,1845,0
3389,21,1,1,1,1,0.027584,0.560621,0.411795,0.027496,0.559891,0.412598,1845,0
3390,21,1,1,1,1,0.181902,0.718317,0.099781,0.180725,0.719025,0.100220,1845,0
3391,21,0,0,0,0,0.778184,0.211579,0.010237,0.777100,0.212570,0.010300,1845,0
3392,21,2,2,2,2,0.002531,0.086552,0.910917,0.002518,0.086548,0.910904,1845,0
3393,21,0,0,0,0,0.563236,0.402104,0.034660,0.560684,0.404312,0.034988,1845,0
3394,21,1,1,1,1,0.048631,0.579339,0.372030,0.048569,0.579010,0.372406,1845,0
3395,21,1,1,1,1,0.132421,0.754709,0.112870,0.131439,0.755219,0.113327,1845,0
3396,21,0,0,0,0,0.791592,0.203249,0.005159,0.789825,0.204941,0.005203,1845,0
3397,21,1,1,1,1,0.078654,0.530332,0.391014,0.078552,0.529892,0.391541,1845,0
3398,21,2,1,1,1,0.071176,0.572768,0.356056,0.070541,0.572067,0.357376,1845,0
3399,21,1,1,1,1,0.106970,0.698379,0.194651,0.106552,0.698135,0.195282,1845,0
3400,21,1,1,1,1,0.032472,0.608928,0.358600,0.032333,0.608353,0.359283,1845,0
3401,21,1,1,1,1,0.327283,0.607717,0.065001,0.325302,0.609283,0.065399,1845,0
3402,21,0,0,0,0,0.789068,0.204112,0.006819,0.787628,0.205475,0.006866,1845,0
3403,21,1,2,2,2,0.012820,0.392882,0.594297,0.012787,0.392624,0.594559,1845,0
3404,21,2,2,2,2,0.010832,0.196594,0.792575,0.010803,0.196442,0.792725,1845,0
3405,21,1,1,1,1,0.103072,0.685004,0.211924,0.102890,0.684784,0.212311,1845,0
3406,21,0,0,0,0,0.484598,0.474170,0.041232,0.482132,0.476288,0.041550,1845,0
3407,21,2,2,2,2,0.000882,0.061831,0.937287,0.000870,0.061798,0.937317,1845,0
3408,21,0,0,0,0,0.678493,0.306593,0.014914,0.676605,0.308334,0.015030,1845,0
3409,21,1,2,2,2,0.023048,0.341582,0.635370,0.023026,0.341568,0.635391,1845,0
3410,21,1,1,1,1,0.088241,0.717510,0.194249,0.087799,0.717392,0.194778,1845,0
3411,21,0,0,0,0,0.761846,0.228478,0.009675,0.760193,0.230011,0.009766,1845,0
3412,21,1,1,1,1,0.055538,0.547189,0.397273,0.055527,0.546875,0.397583,1845,0
3413,21,2,1,1,1,0.070820,0.559086,0.370094,0.070679,0.558640,0.370667,1845,0
3414,21,1,1,1,1,0.084114,0.556115,0.359771,0.083954,0.555695,0.360321,1845,0
3415,21,1,1,1,1,0.158661,0.733543,0.107795,0.158157,0.733719,0.108109,1845,0
3416,21,1,1,1,1,0.039459,0.601081,0.359460,0.032013,0.563675,0.404282,1845,0
3417,21,0,1,1,1,0.423319,0.506333,0.070348,0.421753,0.507370,0.070862,1845,0
3418,21,2,1,1,1,0.141362,0.752063,0.106575,0.140335,0.752594,0.107056,1845,0
3419,21,1,1,1,1,0.078522,0.741107,0.180371,0.077942,0.741104,0.180923,1845,0
3420,21,2,2,2,2,0.002814,0.155360,0.841826,0.002792,0.155045,0.842148,1845,0
3421,21,1,1,1,1,0.145592,0.748752,0.105656,0.145233,0.748810,0.105942,1845,0
3422,21,0,0,0,0,0.891514,0.106397,0.002089,0.890625,0.107254,0.002106,1845,0
3423,21,2,1,1,1,0.073431,0.557253,0.369316,0.073273,0.556778,0.369934,1845,0
3424,21,0,0,0,0,0.777564,0.215031,0.007405,0.776505,0.216034,0.007446,1845,0
3425,21,1,1,1,1,0.085984,0.520403,0.393613,0.085983,0.520157,0.393829,1845,0
3426,21,1,1,1,1,0.236523,0.679689,0.083788,0.234787,0.680939,0.084244,1845,0
3427,21,0,1,1,1,0.394504,0.561213,0.044283,0.392288,0.563095,0.044601,1845,0
3428,21,1,1,1,1,0.191520,0.717397,0.091083,0.190094,0.718384,0.091507,1845,0
3429,21,2,2,2,2,0.010022,0.343024,0.646955,0.009995,0.342773,0.647217,1845,0
3430,21,1,1,1,1,0.330365,0.601832,0.067802,0.328644,0.603134,0.068192,1845,0
3431,21,1,1,1,1,0.219477,0.703274,0.077249,0.213058,0.707993,0.078934,1845,0
3432,21,1,2,2,2,0.011378,0.202268,0.786354,0.011368,0.202255,0.786362,1845,0
3433,21,0,1,1,1,0.194341,0.705400,0.100259,0.226715,0.679688,0.093582,1845,0
3434,21,2,2,2,2,0.003091,0.110526,0.886383,0.003082,0.110428,0.886475,1845,0
3435,21,1,1,1,1,0.067562,0.653123,0.279315,0.076553,0.682953,0.240479,1845,0
3436,21,2,1,1,1,0.038516,0.585458,0.376026,0.038437,0.585022,0.376526,1845,0
3437,21,1,1,1,1,0.128332,0.765618,0.106051,0.127487,0.766006,0.106476,1845,0
3438,21,0,0,0,0,0.603614,0.376435,0.019951,0.601044,0.378799,0.020142,1845,0
3439,21,2,2,2,2,0.021230,0.399990,0.578780,0.021164,0.399506,0.579315,1845,0
3440,21,0,0,0,0,0.643101,0.337290,0.019609,0.640976,0.339233,0.019760,1845,0
3441,21,1,1,1,1,0.103914,0.572373,0.323713,0.103836,0.572128,0.324005,1845,0
3442,21,1,1,1,1,0.416343,0.551657,0.032001,0.414093,0.553635,0.032242,1845,0
3443,21,0,0,0,0,0.925749,0.073060,0.001191,0.925171,0.073624,0.001190,1845,0
3444,21,1,1,1,1,0.028759,0.616714,0.354527,0.028671,0.616318,0.354980,1845,0
3445,21,2,2,2,2,0.001008,0.065694,0.933298,0.000992,0.065659,0.933319,1845,0
3446,21,1,1,1,1,0.038387,0.516516,0.445097,0.038345,0.516068,0.445557,1845,0
3447,21,1,1,1,1,0.380096,0.577123,0.042781,0.377777,0.579086,0.043121,1845,0
3448,21,1,1,1,1,0.054553,0.630064,0.315383,0.054306,0.629730,0.315933,1845,0
3449,21,0,0,0,0,0.633054,0.349647,0.017299,0.631256,0.351257,0.017456,1845,0
3450,21,2,2,2,2,0.006554,0.103957,0.889488,0.006546,0.103897,0.889526,1845,0
3451,21,1,1,1,1,0.121981,0.753275,0.124745,0.121552,0.753387,0.125046,1845,0
3452,21,2,2,2,2,0.003957,0.141054,0.854989,0.003937,0.140976,0.855072,1845,0
3453,21,1,1,1,1,0.051365,0.678686,0.269950,0.051071,0.678360,0.270538,1845,0
3454,21,0,0,0,0,0.793372,0.198126,0.008502,0.791718,0.199677,0.008591,1845,0
3455,21,0,0,0,0,0.755690,0.235685,0.008625,0.748871,0.242126,0.008972,1845,0
3456,21,1,1,1,1,0.024839,0.611915,0.363246,0.024765,0.611420,0.363800,1845,0
3457,21,1,1,1,1,0.221946,0.717393,0.060661,0.221100,0.717987,0.060883,1845,0
3458,21,0,0,0,0,0.803731,0.188854,0.007415,0.802475,0.190033,0.007477,1845,0
3459,21,1,1,1,1,0.116347,0.747046,0.136607,0.115738,0.747162,0.137085,1845,0
3460,21,2,2,2,2,0.015883,0.249819,0.734298,0.015854,0.249664,0.734451,1845,0
3461,21,1,1,2,2,0.029295,0.509431,0.461274,0.030823,0.480804,0.488342,1845,0
3462,22,1,1,1,1,0.153851,0.695536,0.150614,0.153748,0.695663,0.150558,1845,0
3463,22,1,1,1,1,0.072490,0.505692,0.421819,0.072556,0.506287,0.421143,1845,0
3464,22,0,0,0,0,0.582942,0.391311,0.025747,0.582474,0.391754,0.025757,1845,0
3465,22,2,2,2,2,0.007816,0.334032,0.658152,0.007828,0.334763,0.657394,1845,0
3466,22,1,2,2,2,0.008047,0.270005,0.721948,0.008057,0.271179,0.720734,1845,0
3467,22,2,1,1,1,0.033737,0.503580,0.462683,0.033798,0.504822,0.461365,1845,0
3468,22,1,1,1,1,0.293491,0.659546,0.046964,0.293381,0.659653,0.046951,1845,0
3469,22,0,1,1,1,0.450761,0.505271,0.043967,0.450714,0.505325,0.043930,1845,0
3470,22,2,2,2,2,0.021823,0.278378,0.699799,0.021851,0.278870,0.699249,1845,0
3471,22,0,0,0,0,0.783563,0.209156,0.007280,0.783295,0.209396,0.007278,1845,0
3472,22,1,1,1,1,0.032653,0.614635,0.352712,0.032669,0.615448,0.351852,1845,0
3473,22,1,0,0,0,0.545408,0.434013,0.020579,0.545181,0.434265,0.020523,1845,0
3474,22,0,0,0,0,0.729321,0.261354,0.009325,0.728897,0.261749,0.009323,1845,0
3475,22,1,1,1,1,0.397746,0.533862,0.068392,0.397980,0.533890,0.068100,1845,0
3476,22,2,2,2,2,0.052838,0.470369,0.476793,0.052917,0.471771,0.475296,1845,0
3477,22,1,1,1,1,0.048352,0.685170,0.266478,0.048325,0.685150,0.266495,1845,0
3478,22,1,1,1,1,0.373574,0.577170,0.049257,0.373352,0.577347,0.049286,1845,0
3479,22,1,1,1,1,0.128378,0.734514,0.137108,0.128342,0.734955,0.136688,1845,0
3480,22,0,1,1,1,0.246754,0.624658,0.128588,0.247025,0.624847,0.128098,1845,0
3481,22,2,2,2,2,0.027502,0.467476,0.505022,0.027527,0.468628,0.503830,1845,0
3482,22,1,1,1,1,0.086735,0.736245,0.177020,0.086746,0.736649,0.176590,1845,0
3483,22,2,1,1,1,0.094068,0.753379,0.152553,0.093384,0.754257,0.152344,1845,0
3484,22,1,1,1,1,0.234712,0.671652,0.093635,0.234650,0.671860,0.093460,1845,0
3485,22,0,1,1,1,0.128872,0.624424,0.246705,0.128983,0.624939,0.246048,1845,0
3486,22,2,2,2,2,0.001882,0.174747,0.823371,0.001877,0.175415,0.822678,1845,0
3487,22,0,1,1,1,0.095568,0.627626,0.276806,0.095673,0.628540,0.275772,1845,0
3488,22,1,1,1,1,0.074430,0.615373,0.310197,0.074524,0.616409,0.309036,1845,0
3489,22,1,0,0,0,0.696126,0.289696,0.014178,0.695953,0.289841,0.014175,1845,0
3490,22,0,0,0,0,0.564867,0.405716,0.029417,0.564743,0.405869,0.029373,1845,0
3491,22,1,1,1,1,0.123926,0.558551,0.317523,0.124069,0.559082,0.316833,1845,0
3492,22,2,2,2,2,0.004442,0.255648,0.739911,0.004440,0.256668,0.738861,1845,0
3493,22,1,1,1,1,0.090291,0.710249,0.199461,0.090332,0.710602,0.199036,1845,0
3494,22,1,1,1,1,0.100125,0.703556,0.196320,0.100098,0.703705,0.196182,1845,0
3495,22,1,1,1,1,0.026143,0.555606,0.418251,0.026138,0.555832,0.417999,1845,0
3496,22,0,0,0,0,0.685917,0.298684,0.015399,0.685593,0.298981,0.015411,1845,0
3497,22,2,1,1,1,0.108865,0.480744,0.410391,0.108887,0.481506,0.409576,1845,0
3498,22,1,1,1,1,0.045498,0.492614,0.461888,0.045578,0.493835,0.460571,1845,0
3499,22,2,2,2,2,0.015094,0.236746,0.748160,0.015121,0.237320,0.747543,1845,0
3500,22,1,1,1,1,0.069482,0.729038,0.201480,0.069458,0.729492,0.201035,1845,0
3501,22,0,0,0,0,0.655121,0.325768,0.019111,0.654800,0.326065,0.019104,1845,0
3502,22,2,2,2,2,0.038828,0.458790,0.502382,0.038864,0.460236,0.500870,1845,0
3503,22,0,0,0,0,0.700800,0.289996,0.009204,0.700577,0.290192,0.009201,1845,0
3504,22,1,1,1,1,0.057957,0.787702,0.154341,0.065918,0.784805,0.149246,1845,0
3505,22,1,0,0,0,0.593132,0.385340,0.021528,0.592957,0.385529,0.021500,1845,0
3506,22,0,1,1,1,0.473785,0.492659,0.033556,0.473724,0.492691,0.033554,1845,0
3507,22,1,1,1,1,0.187726,0.720726,0.091549,0.187653,0.720764,0.091568,1845,0
3508,22,2,2,2,2,0.013377,0.303353,0.683270,0.012665,0.325836,0.661469,1845,0
3509,22,1,1,1,1,0.044589,0.599690,0.355722,0.044617,0.600479,0.354874,1845,0
3510,22,1,1,1,1,0.270439,0.645161,0.084400,0.270401,0.645294,0.084290,1845,0
3511,22,1,1,1,1,0.075566,0.745583,0.178851,0.075577,0.745941,0.178452,1845,0
3512,22,0,0,0,0,0.789685,0.201496,0.008820,0.789474,0.201675,0.008820,1845,0
3513,22,2,2,2,2,0.013439,0.264355,0.722206,0.013474,0.265488,0.721024,1845,0
3514,22,1,1,1,1,0.032655,0.538634,0.428711,0.032715,0.539841,0.427414,1845,0
3515,22,2,2,2,2,0.027298,0.458687,0.514015,0.027313,0.460022,0.512634,1845,0
3516,22,1,1,1,1,0.302006,0.635665,0.062329,0.301620,0.635941,0.062424,1845,0
3517,22,0,1,1,1,0.345487,0.599515,0.054998,0.345551,0.599533,0.054886,1845,0
3518,22,2,2,2,2,0.005499,0.173032,0.821469,0.005508,0.173798,0.820663,1845,0
3519,22,0,1,1,1,0.112404,0.635663,0.251933,0.112457,0.636673,0.250839,1845,0
3520,22,1,1,1,1,0.113424,0.625711,0.260864,0.113663,0.622467,0.263840,1845,0
3521,22,1,1,1,1,0.057085,0.708313,0.234602,0.057083,0.708618,0.234283,1845,0
3522,22,0,1,1,1,0.232099,0.703314,0.064587,0.232086,0.703369,0.064514,1845,0
3523,22,1,1,1,1,0.298166,0.640509,0.061325,0.298279,0.640518,0.061188,1845,0
3524,22,2,2,2,2,0.024972,0.292524,0.682504,0.025024,0.293686,0.681259,1845,0
3525,22,1,1,1,1,0.251412,0.694264,0.054324,0.251389,0.694382,0.054214,1845,0
3526,22,1,1,1,1,0.120140,0.758086,0.121774,0.120132,0.758392,0.121445,1845,0
3527,22,1,1,1,1,0.124090,0.662092,0.213818,0.124100,0.662323,0.213562,1845,0
3528,22,0,0,0,0,0.489701,0.471914,0.038385,0.489670,0.472092,0.038208,1845,0
3529,22,2,2,2,2,0.025501,0.423677,0.550822,0.025513,0.425064,0.549393,1845,0
3530,22,1,1,1,1,0.030931,0.651965,0.317105,0.030914,0.652283,0.316772,1845,0
3531,22,2,2,2,2,0.003423,0.130287,0.866291,0.003418,0.130722,0.865845,1845,0
3532,22,1,1,1,1,0.100401,0.713354,0.186245,0.100449,0.713913,0.185623,1845,0
3533,22,0,0,0,0,0.806443,0.186594,0.006963,0.806198,0.186829,0.006958,1845,0
3534,22,2,2,2,2,0.002668,0.084085,0.913247,0.002655,0.084213,0.913101,1845,0
3535,22,0,0,0,0,0.575573,0.405393,0.019034,0.575455,0.405533,0.018997,1845,0
3536,22,1,1,1,1,0.067864,0.735537,0.196600,0.067871,0.735916,0.196198,1845,0
3537,22,1,1,1,1,0.320552,0.627687,0.051761,0.320251,0.628067,0.051666,1845,0
3538,22,0,0,0,0,0.738285,0.251779,0.009937,0.737976,0.252060,0.009949,1845,0
3539,22,1,1,1,1,0.323062,0.612752,0.064186,0.323013,0.612823,0.064148,1845,0
3540,22,2,2,2,2,0.002532,0.119888,0.877580,0.002533,0.120499,0.876938,1845,0
3541,22,1,2,2,2,0.008757,0.381271,0.609972,0.008759,0.382401,0.608810,1845,0
3542,22,1,1,1,1,0.160273,0.684115,0.155612,0.160294,0.684280,0.155396,1845,0
3543,22,1,1,1,1,0.089039,0.760989,0.149972,0.102295,0.751526,0.146149,1845,0
3544,22,0,0,0,0,0.602210,0.375929,0.021861,0.601700,0.376404,0.021866,1845,0
3545,22,2,2,2,2,0.007989,0.341123,0.650889,0.007996,0.342087,0.649887,1845,0
3546,22,1,1,1,1,0.302883,0.643538,0.053580,0.302948,0.643524,0.053513,1845,0
3547,22,2,2,2,2,0.012517,0.323829,0.663654,0.012543,0.325134,0.662292,1845,0
3548,22,1,1,1,1,0.172284,0.689908,0.137808,0.172394,0.690079,0.137512,1845,0
3549,22,0,1,1,1,0.087277,0.623364,0.289359,0.087372,0.624374,0.288223,1845,0
3550,22,2,1,1,1,0.080599,0.497875,0.421526,0.080658,0.498932,0.420395,1845,0
3551,22,0,0,0,0,0.793547,0.197837,0.008616,0.714874,0.271362,0.013748,1845,0
3552,22,1,0,0,0,0.539809,0.434870,0.025321,0.539581,0.435089,0.025299,1845,0
3553,22,0,0,0,0,0.800625,0.192438,0.006938,0.800507,0.192535,0.006943,1845,0
3554,22,1,1,1,1,0.112563,0.692130,0.195307,0.112503,0.692154,0.195328,1845,0
3555,22,2,2,2,2,0.008208,0.207501,0.784292,0.008224,0.208405,0.783340,1845,0
3556,22,1,1,1,1,0.028955,0.640718,0.330328,0.028961,0.641342,0.329681,1845,0
3557,22,1,1,1,1,0.093978,0.796455,0.109567,0.093979,0.796478,0.109512,1845,0
3558,22,1,1,1,1,0.125229,0.734945,0.139825,0.125229,0.735367,0.139374,1845,0
3559,22,0,0,0,0,0.859130,0.137616,0.003254,0.858917,0.137817,0.003250,1845,0
3560,22,2,2,2,2,0.003869,0.258843,0.737288,0.003876,0.259537,0.736572,1845,0
3561,22,1,1,1,1,0.169496,0.755517,0.074987,0.169403,0.755692,0.074875,1845,0
3562,22,2,2,2,2,0.012129,0.461095,0.526775,0.012131,0.461716,0.526138,1845,0
3563,22,1,0,0,0,0.522639,0.455214,0.022147,0.522278,0.455536,0.022171,1845,0
3564,22,0,0,0,0,0.527645,0.417252,0.055103,0.527145,0.417923,0.054916,1845,0
3565,22,2,2,2,2,0.003880,0.172371,0.823749,0.003876,0.173019,0.823074,1845,0
3566,22,0,0,0,0,0.918841,0.079873,0.001285,0.918701,0.080002,0.001282,1845,0
3567,22,1,1,1,1,0.054837,0.755017,0.190146,0.053818,0.754868,0.191284,1845,0
3568,22,1,1,1,1,0.419765,0.543121,0.037114,0.419708,0.543182,0.037094,1845,0
3569,22,0,1,1,1,0.412097,0.540180,0.047723,0.412109,0.540253,0.047607,1845,0
3570,22,1,1,1,1,0.202647,0.734558,0.062795,0.202591,0.734619,0.062759,1845,0
3571,22,2,1,1,1,0.054392,0.629988,0.315620,0.054413,0.630814,0.314758,1845,0
3572,22,1,1,1,1,0.284441,0.562676,0.152883,0.285492,0.562561,0.151917,1845,0
3573,22,1,1,1,1,0.142562,0.720593,0.136845,0.142548,0.720734,0.136688,1845,0
3574,22,1,2,2,2,0.028511,0.397899,0.573591,0.028580,0.399185,0.572220,1845,0
3575,22,0,0,0,0,0.679260,0.309719,0.011021,0.678925,0.310028,0.011032,1845,0
3576,22,2,1,1,1,0.043728,0.594679,0.361593,0.043762,0.595718,0.360504,1845,0
3577,22,1,1,1,1,0.101295,0.740594,0.158111,0.101303,0.741180,0.157501,1845,0
3578,22,2,1,1,1,0.022102,0.616786,0.361112,0.022095,0.617111,0.360779,1845,0
3579,22,1,1,1,1,0.197940,0.702633,0.099426,0.198029,0.702682,0.099274,1845,0
3580,22,0,1,1,1,0.431127,0.531070,0.037803,0.430954,0.531219,0.037796,1845,0
3581,22,2,2,2,2,0.011748,0.280924,0.707328,0.011780,0.282150,0.706039,1845,0
3582,22,0,0,0,0,0.625079,0.360547,0.014374,0.624771,0.360840,0.014374,1845,0
3583,22,1,1,1,1,0.051353,0.637725,0.310922,0.051376,0.638657,0.309952,1845,0
3584,22,1,0,0,0,0.609663,0.374410,0.015927,0.609283,0.374756,0.015930,1845,0
3585,22,0,1,1,1,0.470427,0.501885,0.027687,0.470367,0.501953,0.027649,1845,0
3586,22,1,1,1,1,0.273147,0.682349,0.044504,0.273087,0.682419,0.044464,1845,0
3587,22,2,2,2,2,0.005675,0.204449,0.789877,0.005692,0.205399,0.788895,1845,0
3588,22,1,1,1,1,0.126301,0.759255,0.114444,0.126297,0.759354,0.114334,1845,0
3589,22,1,1,1,1,0.080243,0.637277,0.282481,0.080261,0.637390,0.282318,1845,0
3590,22,1,1,1,1,0.070691,0.528210,0.401098,0.070786,0.528961,0.400223,1845,0
3591,22,0,0,0,0,0.680913,0.301781,0.017307,0.680588,0.302063,0.017319,1845,0
3592,22,2,2,2,2,0.004096,0.190606,0.805299,0.004013,0.182587,0.813370,1845,0
3593,22,1,1,1,1,0.099601,0.731978,0.168421,0.099579,0.732117,0.168289,1845,0
3594,22,2,1,1,1,0.075940,0.719578,0.204482,0.075958,0.719803,0.204224,1845,0
3595,22,1,1,1,1,0.283840,0.656546,0.059614,0.283813,0.656555,0.059616,1845,0
3596,22,0,0,0,0,0.669996,0.313493,0.016511,0.669891,0.313660,0.016434,1845,0
3597,22,2,1,1,1,0.029827,0.494094,0.476079,0.029846,0.495239,0.474884,1845,0
3598,22,0,0,0,0,0.756389,0.234510,0.009101,0.755997,0.234863,0.009109,1845,0
3599,22,1,1,1,1,0.066853,0.517992,0.415155,0.066940,0.518875,0.414154,1845,0
3600,22,1,1,1,1,0.210015,0.682106,0.107879,0.210358,0.682205,0.107407,1845,0
3601,22,0,1,1,1,0.425371,0.534532,0.040096,0.425278,0.534622,0.040085,1845,0
3602,22,1,1,1,1,0.107482,0.749904,0.142614,0.107498,0.750122,0.142365,1845,0
3603,22,2,1,1,1,0.070797,0.629799,0.299404,0.070862,0.630905,0.298218,1845,0
3604,22,1,1,1,1,0.130059,0.605426,0.264515,0.130234,0.606262,0.263489,1845,0
3605,22,1,1,1,1,0.317038,0.625099,0.057863,0.334305,0.610641,0.055038,1845,0
3606,22,1,1,1,1,0.143414,0.734771,0.121815,0.127716,0.738815,0.133453,1845,0
3607,22,0,1,1,1,0.406818,0.544366,0.048816,0.406540,0.544617,0.048813,1845,0
3608,22,2,2,2,2,0.025609,0.282317,0.692074,0.025635,0.283203,0.691132,1845,0
3609,22,1,1,1,1,0.279776,0.634741,0.085483,0.279755,0.635010,0.085220,1845,0
3610,22,2,1,1,1,0.072753,0.632088,0.295158,0.072815,0.632721,0.294449,1845,0
3611,22,1,1,1,1,0.072040,0.676290,0.251671,0.072113,0.676926,0.250931,1845,0
3612,22,0,0,0,0,0.720677,0.266950,0.012373,0.720520,0.267090,0.012360,1845,0
3613,22,2,2,2,2,0.003271,0.120864,0.875865,0.003265,0.121277,0.875427,1845,0
3614,22,0,0,0,0,0.519008,0.448196,0.032796,0.514984,0.451920,0.033081,1845,0
3615,22,1,1,1,1,0.304848,0.648791,0.046361,0.401489,0.560532,0.037964,1845,0
3616,22,1,1,1,1,0.475827,0.491501,0.032672,0.475800,0.491516,0.032669,1845,0
3617,22,0,0,0,0,0.942699,0.056453,0.000848,0.942581,0.056549,0.000839,1845,0
3618,22,1,1,1,1,0.372723,0.584933,0.042344,0.372696,0.584976,0.042313,1845,0
3619,22,2,1,1,1,0.155567,0.664500,0.179933,0.155746,0.664825,0.179413,1845,0
3620,22,1,0,0,0,0.574423,0.386616,0.038962,0.575241,0.386093,0.038651,1845,0
3621,23,1,1,1,1,0.158122,0.653899,0.187980,0.156754,0.654388,0.188828,1845,0
3622,23,1,1,1,1,0.037921,0.706875,0.255204,0.035202,0.693954,0.270828,1845,0
3623,23,0,0,0,0,0.863936,0.132847,0.003216,0.862656,0.134079,0.003250,1845,0
3624,23,2,2,2,2,0.004772,0.105700,0.889528,0.004761,0.105743,0.889465,1845,0
3625,23,1,1,1,1,0.124641,0.786715,0.088644,0.124237,0.786987,0.088745,1845,0
3626,23,2,1,1,1,0.023120,0.491966,0.484913,0.023041,0.492111,0.484833,1845,0
3627,23,1,1,1,1,0.062126,0.648255,0.289619,0.061707,0.648209,0.290054,1845,0
3628,23,0,0,0,0,0.539685,0.430945,0.029370,0.536530,0.433792,0.029663,1845,0
3629,23,2,1,1,1,0.024266,0.499692,0.476042,0.024185,0.499786,0.476013,1845,0
3630,23,0,0,0,0,0.848954,0.147554,0.003492,0.847366,0.149078,0.003525,1845,0
3631,23,1,1,1,1,0.030149,0.522702,0.447148,0.030090,0.522949,0.446945,1845,0
3632,23,0,1,1,1,0.325959,0.611156,0.062885,0.323441,0.613205,0.063324,1845,0
3633,23,1,1,1,1,0.129185,0.654786,0.216029,0.128891,0.655197,0.215897,1845,0
3634,23,2,2,2,2,0.052967,0.461216,0.485816,0.052979,0.461639,0.485352,1845,0
3635,23,1,1,1,1,0.115340,0.750979,0.133681,0.115097,0.751114,0.133759,1845,0
3636,23,1,1,1,1,0.195881,0.641454,0.162665,0.193985,0.642426,0.163559,1845,0
3637,23,1,1,1,1,0.025696,0.601853,0.372451,0.025635,0.602036,0.372299,1845,0
3638,23,0,1,1,1,0.346822,0.614490,0.038688,0.344940,0.616150,0.038895,1845,0
3639,23,2,2,2,2,0.069593,0.326088,0.604319,0.069565,0.326294,0.604126,1845,0
3640,23,1,1,1,1,0.155201,0.734964,0.109835,0.153931,0.735718,0.110321,1845,0
3641,23,2,1,1,1,0.047894,0.528623,0.423483,0.047745,0.528748,0.423477,1845,0
3642,23,1,1,1,1,0.343589,0.589799,0.066612,0.340775,0.592041,0.067169,1845,0
3643,23,0,0,0,0,0.735783,0.255575,0.008643,0.733627,0.257614,0.008728,1845,0
3644,23,2,2,2,2,0.026857,0.309164,0.663979,0.026840,0.309616,0.663513,1845,0
3645,23,0,0,0,0,0.821337,0.172689,0.005974,0.819855,0.174103,0.006027,1845,0
3646,23,1,1,1,1,0.338805,0.620468,0.040726,0.336609,0.622391,0.040970,1845,0
3647,23,1,1,1,1,0.315494,0.624384,0.060123,0.313599,0.625931,0.060440,1845,0
3648,23,0,1,1,1,0.342098,0.559364,0.098537,0.341583,0.559891,0.098495,1845,0
3649,23,1,1,1,1,0.314579,0.629821,0.055599,0.312561,0.631500,0.055923,1845,0
3650,23,2,2,2,2,0.015827,0.315155,0.669019,0.015182,0.282959,0.701828,1845,0
3651,23,1,1,1,1,0.097152,0.632413,0.270435,0.097031,0.632751,0.270203,1845,0
3652,23,1,1,1,1,0.044448,0.735215,0.220337,0.044357,0.735367,0.220245,1845,0
3653,23,1,1,1,1,0.090113,0.657712,0.252175,0.089615,0.657913,0.252457,1845,0
3654,23,0,0,0,0,0.550534,0.409666,0.039801,0.549255,0.410828,0.039886,1845,0
3655,23,2,1,1,1,0.050977,0.645797,0.303226,0.050568,0.645523,0.303879,1845,0
3656,23,1,1,1,1,0.066029,0.668452,0.265518,0.065277,0.668213,0.266495,1845,0
3657,23,2,2,2,2,0.010262,0.238535,0.751203,0.010361,0.243027,0.746597,1845,0
3658,23,1,1,1,1,0.112007,0.683850,0.204143,0.111328,0.684036,0.204605,1845,0
3659,23,0,0,0,0,0.676153,0.308437,0.015411,0.674103,0.310333,0.015533,1845,0
3660,23,2,1,1,1,0.072591,0.760065,0.167344,0.072220,0.760101,0.167648,1845,0
3661,23,0,0,0,0,0.499994,0.455626,0.044381,0.498398,0.457031,0.044556,1845,0
3662,23,1,2,2,2,0.015742,0.329439,0.654819,0.015701,0.329712,0.654556,1845,0
3663,23,1,1,1,1,0.305278,0.640782,0.053941,0.303116,0.642593,0.054276,1845,0
3664,23,0,1,1,1,0.466074,0.467767,0.066159,0.464203,0.469254,0.066513,1845,0
3665,23,1,1,1,1,0.083959,0.714997,0.201044,0.122314,0.698990,0.178680,1845,0
3666,23,2,2,2,2,0.079243,0.438657,0.482100,0.079254,0.439346,0.481384,1845,0
3667,23,1,1,1,1,0.342028,0.567350,0.090622,0.309647,0.587463,0.102859,1845,0
3668,23,1,1,1,1,0.177030,0.681593,0.141376,0.176041,0.682175,0.141754,1845,0
3669,23,1,1,1,1,0.049172,0.510600,0.440228,0.049149,0.511063,0.439758,1845,0
3670,23,0,0,0,0,0.695504,0.295645,0.008850,0.693359,0.297699,0.008926,1845,0
3671,23,2,1,1,1,0.084447,0.737588,0.177965,0.101410,0.728577,0.169983,1845,0
3672,23,1,1,1,1,0.061594,0.558723,0.379683,0.061279,0.558792,0.379913,1845,0
3673,23,2,1,1,1,0.206574,0.707571,0.085855,0.205750,0.708191,0.086029,1845,0
3674,23,1,2,2,2,0.015051,0.447426,0.537524,0.014923,0.447311,0.537735,1845,0
3675,23,0,0,0,0,0.730538,0.258140,0.011322,0.728104,0.260391,0.011475,1845,0
3676,23,2,2,2,2,0.014708,0.344014,0.641279,0.014694,0.344620,0.640656,1845,0
3677,23,0,0,0,0,0.773216,0.219473,0.007311,0.770996,0.221588,0.007401,1845,0
3678,23,1,2,2,2,0.036327,0.426111,0.537561,0.036224,0.426666,0.537079,1845,0
3679,23,1,1,1,1,0.297965,0.640071,0.061965,0.295700,0.641907,0.062363,1845,0
3680,23,0,1,1,1,0.336716,0.623309,0.039975,0.334824,0.624969,0.040176,1845,0
3681,23,1,1,1,1,0.188273,0.656834,0.154894,0.186279,0.657898,0.155792,1845,0
3682,23,2,2,2,2,0.023356,0.294495,0.682149,0.023361,0.294754,0.681870,1845,0
3683,23,1,1,1,1,0.072242,0.754444,0.173314,0.072083,0.754471,0.173416,1845,0
3684,23,1,1,1,1,0.148880,0.756681,0.094439,0.148331,0.757080,0.094559,1845,0
3685,23,0,1,1,1,0.323170,0.631745,0.045085,0.321686,0.633026,0.045258,1845,0
3686,23,2,2,2,2,0.056492,0.374106,0.569402,0.056534,0.374771,0.568665,1845,0
3687,23,1,1,1,1,0.035716,0.615298,0.348986,0.035690,0.615646,0.348648,1845,0
3688,23,2,0,0,0,0.595503,0.353612,0.050885,0.594421,0.354401,0.051163,1845,0
3689,23,1,1,1,1,0.378322,0.577711,0.043967,0.375443,0.580200,0.044327,1845,0
3690,23,0,1,1,1,0.346405,0.602112,0.051483,0.345596,0.602844,0.051544,1845,0
3691,23,2,1,1,1,0.141813,0.717324,0.140862,0.140564,0.717911,0.141510,1845,0
3692,23,0,1,1,1,0.291259,0.625400,0.083341,0.289047,0.627014,0.083908,1845,0
3693,23,1,1,1,1,0.451268,0.519441,0.029291,0.448334,0.522095,0.029556,1845,0
3694,23,1,1,1,1,0.335747,0.578446,0.085807,0.333008,0.580505,0.086456,1845,0
3695,23,0,1,1,1,0.377979,0.580422,0.041599,0.375641,0.582458,0.041870,1845,0
3696,23,1,1,1,1,0.198549,0.678769,0.122682,0.196609,0.679962,0.123413,1845,0
3697,23,2,2,2,2,0.019900,0.479010,0.501090,0.015884,0.467590,0.516510,1845,0
3698,23,1,1,1,1,0.077823,0.758092,0.164085,0.077362,0.758286,0.164337,1845,0
3699,23,1,1,1,1,0.067796,0.766762,0.165442,0.067352,0.766876,0.165741,1845,0
3700,23,1,1,1,1,0.106943,0.669033,0.224025,0.106155,0.669235,0.224594,1845,0
3701,23,0,1,1,1,0.443203,0.523095,0.033701,0.440277,0.525711,0.033997,1845,0
3702,23,2,2,2,2,0.008771,0.216872,0.774357,0.008759,0.217239,0.773987,1845,0
3703,23,1,1,1,1,0.041259,0.487146,0.471595,0.041092,0.487228,0.471649,1845,0
3704,23,2,1,1,1,0.172618,0.715604,0.111778,0.170883,0.716721,0.112381,1845,0
3705,23,1,1,1,1,0.408678,0.560809,0.030514,0.406082,0.563141,0.030746,1845,0
3706,23,0,1,1,1,0.243924,0.687645,0.068431,0.242401,0.688858,0.068726,1845,0
3707,23,2,1,1,1,0.055608,0.621177,0.323214,0.055161,0.620865,0.323944,1845,0
3708,23,0,1,1,1,0.373941,0.561008,0.065052,0.371323,0.563065,0.065598,1845,0
3709,23,1,1,1,1,0.279577,0.625669,0.094754,0.278610,0.626465,0.094894,1845,0
3710,23,1,1,1,1,0.181985,0.723386,0.094629,0.251480,0.671997,0.076492,1845,0
3711,23,2,1,1,1,0.096835,0.723242,0.179923,0.096176,0.723450,0.180359,1845,0
3712,23,1,1,1,1,0.039888,0.638427,0.321685,0.039673,0.638321,0.321976,1845,0
3713,23,1,1,1,1,0.103758,0.708530,0.187712,0.135345,0.718018,0.146606,1845,0
3714,23,1,1,1,1,0.049381,0.553016,0.397604,0.049301,0.553452,0.397217,1845,0
3715,23,0,0,0,0,0.504750,0.465326,0.029924,0.501450,0.468307,0.030228,1845,0
3716,23,2,1,1,1,0.032701,0.494346,0.472952,0.032654,0.494781,0.472534,1845,0
3717,23,1,1,1,1,0.099360,0.707475,0.193164,0.098434,0.707687,0.193848,1845,0
3718,23,2,1,1,1,0.250784,0.639700,0.109516,0.248962,0.640961,0.110046,1845,0
3719,23,1,1,1,1,0.223492,0.700698,0.075810,0.221680,0.702072,0.076233,1845,0
3720,23,0,1,1,1,0.202731,0.659749,0.137521,0.201599,0.660477,0.137894,1845,0
3721,23,2,1,1,1,0.062874,0.575781,0.361345,0.062775,0.576233,0.360962,1845,0
3722,23,0,0,0,0,0.585580,0.388934,0.025486,0.582626,0.391586,0.025757,1845,0
3723,23,1,1,1,1,0.117294,0.761850,0.120857,0.235016,0.681595,0.083359,1845,0
3724,23,1,1,1,1,0.143296,0.692575,0.164129,0.141724,0.693192,0.165054,1845,0
3725,23,0,0,0,0,0.723634,0.268900,0.007466,0.721786,0.270660,0.007523,1845,0
3726,23,1,0,0,0,0.487290,0.472869,0.039841,0.484619,0.475204,0.040161,1845,0
3727,23,2,1,1,1,0.169296,0.744994,0.085710,0.168213,0.745773,0.085999,1845,0
3728,23,1,1,1,1,0.121641,0.758211,0.120147,0.120377,0.758896,0.120697,1845,0
3729,23,1,1,1,1,0.213801,0.690969,0.095230,0.212723,0.691742,0.095505,1845,0
3730,23,1,1,1,1,0.080840,0.763088,0.156072,0.080383,0.763229,0.156372,1845,0
3731,23,0,0,0,0,0.819852,0.175137,0.005011,0.818207,0.176712,0.005066,1845,0
3732,23,2,2,2,2,0.045430,0.414173,0.540397,0.045258,0.414398,0.540329,1845,0
3733,23,1,1,1,1,0.115115,0.760154,0.124731,0.113922,0.760727,0.125336,1845,0
3734,23,2,1,1,1,0.039531,0.617348,0.343121,0.039368,0.617340,0.343277,1845,0
3735,23,1,1,1,1,0.018096,0.571048,0.410856,0.018005,0.571030,0.410950,1845,0
3736,23,0,1,1,1,0.151675,0.741897,0.106427,0.150497,0.742615,0.106857,1845,0
3737,23,2,1,1,1,0.147541,0.705249,0.147210,0.146927,0.705612,0.147430,1845,0
3738,23,0,1,1,1,0.363514,0.573034,0.063451,0.360809,0.575211,0.063950,1845,0
3739,23,1,1,1,1,0.162979,0.691483,0.145538,0.161224,0.692413,0.146347,1845,0
3740,23,1,1,1,1,0.058982,0.759296,0.181722,0.058487,0.759338,0.182144,1845,0
3741,23,0,0,0,0,0.516987,0.453141,0.029872,0.513763,0.456055,0.030167,1845,0
3742,23,1,1,1,1,0.189046,0.705396,0.105558,0.187775,0.706238,0.105972,1845,0
3743,23,2,2,2,2,0.004431,0.119185,0.876384,0.004425,0.119278,0.876282,1845,0
3744,23,1,1,1,1,0.115702,0.708689,0.175609,0.114853,0.709061,0.176056,1845,0
3745,23,1,1,1,1,0.134861,0.695484,0.169655,0.133545,0.696045,0.170395,1845,0
3746,23,1,1,1,1,0.202592,0.688897,0.108511,0.200882,0.690018,0.109085,1845,0
3747,23,0,1,1,1,0.336460,0.618689,0.044851,0.333664,0.621124,0.045197,1845,0
3748,23,2,1,1,1,0.158260,0.707788,0.133952,0.157990,0.708130,0.133850,1845,0
3749,23,1,1,1,1,0.117085,0.681420,0.201495,0.116409,0.681717,0.201843,1845,0
3750,23,2,2,2,2,0.003407,0.150812,0.845782,0.003387,0.151077,0.845505,1845,0
3751,23,1,1,1,1,0.395006,0.549999,0.054995,0.392151,0.552353,0.055481,1845,0
3752,23,0,1,1,1,0.415671,0.549161,0.035167,0.413391,0.551178,0.035416,1845,0
3753,23,2,1,1,1,0.091599,0.664536,0.243864,0.091492,0.664856,0.243637,1845,0
3754,23,0,0,0,0,0.492664,0.478380,0.028956,0.490707,0.480194,0.029083,1845,0
3755,23,1,2,2,2,0.013057,0.234870,0.752073,0.013046,0.235260,0.751663,1845,0
3756,23,1,1,1,1,0.072200,0.714379,0.213421,0.071701,0.714432,0.213837,1845,0
3757,23,0,1,1,1,0.262666,0.656870,0.080464,0.260773,0.658310,0.080902,1845,0
3758,23,1,1,1,1,0.127788,0.695831,0.176381,0.126465,0.696335,0.177170,1845,0
3759,23,2,2,2,2,0.022887,0.306862,0.670250,0.022888,0.307297,0.669785,1845,0
3760,23,1,1,1,1,0.103935,0.680393,0.215672,0.102814,0.680527,0.216629,1845,0
3761,23,1,1,1,1,0.277752,0.628652,0.093596,0.275284,0.630417,0.094284,1845,0
3762,23,1,1,1,1,0.114910,0.695532,0.189558,0.114334,0.695831,0.189819,1845,0
3763,23,0,1,1,1,0.474188,0.492885,0.032928,0.472137,0.494720,0.033127,1845,0
3764,23,2,1,1,1,0.130948,0.607196,0.261856,0.130310,0.607437,0.262222,1845,0
3765,23,1,1,1,1,0.099379,0.769028,0.131593,0.099167,0.769104,0.131699,1845,0
3766,23,2,1,1,1,0.046397,0.566805,0.386798,0.046265,0.567108,0.386612,1845,0
3767,23,1,1,1,1,0.124309,0.739729,0.135961,0.123047,0.740356,0.136566,1845,0
3768,23,0,1,1,1,0.149680,0.728798,0.121523,0.148804,0.729294,0.121872,1845,0
3769,23,2,2,2,2,0.012661,0.318575,0.668764,0.012650,0.319229,0.668091,1845,0
3770,23,0,1,1,1,0.285919,0.611924,0.102157,0.284042,0.613251,0.102692,1845,0
3771,23,1,1,1,1,0.045363,0.515767,0.438870,0.047012,0.504990,0.447968,1845,0
3772,23,1,1,1,1,0.061760,0.651649,0.286591,0.061508,0.651733,0.286728,1845,0
3773,23,0,0,0,0,0.523798,0.439531,0.036670,0.521164,0.441818,0.036987,1845,0
3774,23,1,1,1,1,0.352503,0.584367,0.063130,0.350037,0.586319,0.063614,1845,0
3775,23,2,1,1,1,0.162252,0.433669,0.404079,0.162354,0.434113,0.403519,1845,0
3776,23,1,1,1,1,0.032285,0.546792,0.420923,0.032120,0.546783,0.421066,1845,0
3777,24,1,1,1,1,0.266763,0.649075,0.084162,0.265915,0.649368,0.084702,1845,0
3778,24,1,1,1,1,0.040476,0.495719,0.463805,0.040390,0.494400,0.465179,1845,0
3779,24,0,0,0,0,0.872290,0.124969,0.002741,0.871796,0.125443,0.002747,1845,0
3780,24,2,2,2,2,0.004959,0.166401,0.828640,0.004944,0.165894,0.829147,1845,0
3781,24,1,1,1,1,0.133312,0.688162,0.178526,0.132828,0.688126,0.179031,1845,0
3782,24,2,2,2,2,0.004073,0.257172,0.738756,0.004059,0.257019,0.738892,1845,0
3783,24,1,1,1,1,0.039126,0.499822,0.461052,0.039078,0.498810,0.462082,1845,0
3784,24,0,1,1,1,0.319158,0.589812,0.091030,0.319031,0.589508,0.091431,1845,0
3785,24,2,2,2,2,0.003717,0.163047,0.833236,0.003677,0.162292,0.834000,1845,0
3786,24,0,0,0,0,0.509472,0.458241,0.032287,0.508621,0.458893,0.032455,1845,0
3787,24,1,1,1,1,0.044663,0.635183,0.320154,0.044678,0.634277,0.321014,1845,0
3788,24,1,1,1,1,0.091466,0.750355,0.158179,0.091415,0.749954,0.158615,1845,0
3789,24,0,0,0,0,0.723771,0.264527,0.011701,0.722946,0.265289,0.011749,1845,0
3790,24,1,1,1,1,0.233285,0.693193,0.073522,0.232742,0.693542,0.073685,1845,0
3791,24,2,2,2,2,0.055717,0.439399,0.504884,0.055649,0.438660,0.505661,1845,0
3792,24,1,1,1,1,0.063147,0.697855,0.238998,0.063171,0.697098,0.239700,1845,0
3793,24,1,1,1,1,0.142836,0.729748,0.127416,0.142548,0.729523,0.127914,1845,0
3794,24,1,0,0,0,0.545823,0.418879,0.035298,0.544769,0.419785,0.035431,1845,0
3795,24,0,0,0,0,0.717879,0.273036,0.009085,0.717285,0.273575,0.009109,1845,0
3796,24,2,2,2,2,0.019276,0.349496,0.631227,0.019226,0.348648,0.632111,1845,0
3797,24,1,1,1,1,0.065978,0.621062,0.312960,0.065765,0.619858,0.314362,1845,0
3798,24,2,1,1,1,0.027249,0.559954,0.412796,0.027191,0.559418,0.413361,1845,0
3799,24,1,1,1,1,0.350619,0.600132,0.049249,0.349960,0.600647,0.049377,1845,0
3800,24,0,2,2,2,0.117823,0.433166,0.449011,0.117767,0.432892,0.449310,1845,0
3801,24,2,1,1,1,0.102013,0.676250,0.221737,0.101639,0.676025,0.222305,1845,0
3802,24,0,0,0,0,0.614280,0.369541,0.016179,0.613480,0.370239,0.016251,1845,0
3803,24,1,1,1,1,0.091915,0.759550,0.148535,0.091827,0.759460,0.148697,1845,0
3804,24,1,1,1,1,0.061245,0.755737,0.183019,0.061142,0.755417,0.183426,1845,0
3805,24,0,0,0,0,0.864850,0.132272,0.002879,0.864365,0.132721,0.002884,1845,0
3806,24,1,1,1,1,0.392894,0.524977,0.082129,0.392365,0.525299,0.082306,1845,0
3807,24,2,2,2,2,0.020507,0.443593,0.535900,0.020416,0.443176,0.536392,1845,0
3808,24,1,1,1,1,0.192393,0.566885,0.240722,0.191269,0.566483,0.242233,1845,0
3809,24,1,1,1,1,0.028597,0.586931,0.384472,0.028519,0.585876,0.385590,1845,0
3810,24,1,1,1,1,0.020539,0.616716,0.362745,0.020508,0.616257,0.363220,1845,0
3811,24,0,0,0,0,0.697571,0.292583,0.009846,0.696884,0.293198,0.009888,1845,0
3812,24,2,1,1,1,0.138022,0.622129,0.239848,0.137421,0.621826,0.240723,1845,0
3813,24,1,1,1,1,0.043827,0.653822,0.302352,0.043762,0.652817,0.303391,1845,0
3814,24,2,1,1,1,0.047192,0.549197,0.403611,0.047150,0.548111,0.404724,1845,0
3815,24,1,1,1,1,0.175617,0.733026,0.091357,0.175262,0.733093,0.091629,1845,0
3816,24,0,1,1,1,0.205362,0.624687,0.169951,0.205353,0.624039,0.170578,1845,0
3817,24,2,1,1,1,0.083092,0.670674,0.246234,0.082825,0.670334,0.246826,1845,0
3818,24,0,0,0,0,0.621190,0.361142,0.017668,0.620285,0.361893,0.017792,1845,0
3819,24,1,1,1,1,0.026667,0.535235,0.438098,0.026596,0.534149,0.439240,1845,0
3820,24,1,1,1,1,0.068824,0.761729,0.169447,0.068680,0.761505,0.169800,1845,0
3821,24,0,0,0,0,0.930126,0.068797,0.001077,0.929855,0.069061,0.001068,1845,0
3822,24,1,1,1,1,0.044977,0.721708,0.233315,0.044907,0.721130,0.233948,1845,0
3823,24,2,2,2,2,0.018593,0.387265,0.594142,0.018555,0.386368,0.595062,1845,0
3824,24,1,1,1,1,0.475574,0.496459,0.027967,0.474762,0.497131,0.028076,1845,0
3825,24,1,1,1,1,0.085008,0.777784,0.137209,0.084946,0.777588,0.137451,1845,0
3826,24,1,1,1,1,0.108431,0.689259,0.202310,0.108322,0.688492,0.203171,1845,0
3827,24,0,0,0,0,0.565003,0.420518,0.014479,0.564758,0.420715,0.014511,1845,0
3828,24,2,1,1,1,0.027224,0.525224,0.447552,0.026520,0.524872,0.448593,1845,0
3829,24,1,1,1,1,0.138982,0.577033,0.283984,0.255325,0.626480,0.118179,1845,0
3830,24,2,1,1,1,0.045988,0.690458,0.263554,0.045975,0.689835,0.264175,1845,0
3831,24,1,1,1,1,0.224929,0.637504,0.137567,0.224380,0.637680,0.137909,1845,0
3832,24,0,0,0,0,0.791753,0.201053,0.007194,0.791290,0.201462,0.007217,1845,0
3833,24,2,1,1,1,0.036584,0.530117,0.433299,0.036438,0.529068,0.434464,1845,0
3834,24,0,0,0,0,0.792222,0.199256,0.008522,0.791519,0.199890,0.008575,1845,0
3835,24,1,1,1,1,0.080633,0.659130,0.260238,0.080612,0.658249,0.261108,1845,0
3836,24,1,1,1,1,0.139799,0.710675,0.149527,0.139404,0.710587,0.149979,1845,0
3837,24,0,0,0,0,0.786247,0.206828,0.006926,0.766373,0.225693,0.007904,1845,0
3838,24,1,1,1,1,0.197891,0.724773,0.077336,0.197601,0.724838,0.077530,1845,0
3839,24,2,1,1,1,0.261415,0.579792,0.158793,0.230392,0.596786,0.172791,1845,0
3840,24,1,1,1,1,0.101304,0.731949,0.166747,0.101227,0.731689,0.167053,1845,0
3841,24,1,1,1,1,0.064958,0.543716,0.391327,0.064865,0.542694,0.392410,1845,0
3842,24,1,1,1,1,0.297485,0.617067,0.085449,0.296692,0.617569,0.085724,1845,0
3843,24,0,0,0,0,0.879773,0.117217,0.003010,0.879349,0.117615,0.003021,1845,0
3844,24,2,2,2,2,0.054948,0.465361,0.479690,0.054962,0.464828,0.480179,1845,0
3845,24,1,1,1,1,0.092358,0.666608,0.241034,0.086639,0.668274,0.245056,1845,0
3846,24,2,0,0,0,0.548969,0.424330,0.026701,0.548019,0.425156,0.026794,1845,0
3847,24,1,1,1,1,0.315213,0.601927,0.082860,0.315308,0.601456,0.083206,1845,0
3848,24,0,0,0,0,0.892820,0.105078,0.002102,0.892426,0.105453,0.002106,1845,0
3849,24,2,2,2,2,0.005282,0.195700,0.799018,0.005264,0.195084,0.799637,1845,0
3850,24,0,0,0,0,0.779799,0.214890,0.005311,0.715424,0.276764,0.007782,1845,0
3851,24,1,1,1,1,0.180024,0.729759,0.090217,0.179642,0.729904,0.090424,1845,0
3852,24,1,1,1,1,0.071048,0.799806,0.129146,0.071045,0.799576,0.129349,1845,0
3853,24,0,0,0,0,0.897907,0.099038,0.003055,0.897659,0.099258,0.003052,1845,0
3854,24,1,2,2,2,0.024403,0.437785,0.537813,0.024323,0.436676,0.538986,1845,0
3855,24,2,1,1,1,0.027765,0.571437,0.400798,0.027725,0.570496,0.401764,1845,0
3856,24,1,1,1,1,0.232267,0.689441,0.078292,0.231888,0.689590,0.078506,1845,0
3857,24,1,1,1,1,0.269291,0.662616,0.068093,0.236404,0.687027,0.076538,1845,0
3858,24,1,1,1,1,0.170890,0.724076,0.105034,0.170532,0.724045,0.105392,1845,0
3859,24,0,1,1,1,0.449801,0.510195,0.040004,0.449738,0.510086,0.040146,1845,0
3860,24,2,2,2,2,0.005459,0.239033,0.755508,0.005432,0.238297,0.756241,1845,0
3861,24,1,1,1,1,0.089851,0.779240,0.130909,0.089767,0.779053,0.131165,1845,0
3862,24,2,2,2,2,0.013750,0.297934,0.688317,0.013702,0.297104,0.689178,1845,0
3863,24,1,1,1,1,0.176717,0.693684,0.129599,0.176346,0.693588,0.130035,1845,0
3864,24,0,0,0,0,0.906185,0.092188,0.001627,0.905869,0.092484,0.001617,1845,0
3865,24,2,2,2,2,0.023464,0.202260,0.774276,0.023361,0.201630,0.774994,1845,0
3866,24,1,1,1,1,0.146473,0.738421,0.115106,0.146133,0.738373,0.115463,1845,0
3867,24,1,1,1,1,0.281267,0.654230,0.064503,0.280823,0.654510,0.064636,1845,0
3868,24,0,0,0,0,0.911618,0.086680,0.001703,0.911224,0.087051,0.001709,1845,0
3869,24,1,1,1,1,0.060163,0.672132,0.267705,0.060013,0.671326,0.268646,1845,0
3870,24,2,1,1,1,0.165004,0.672348,0.162648,0.164230,0.672272,0.163467,1845,0
3871,24,1,1,1,1,0.193525,0.723318,0.083157,0.193329,0.723236,0.083405,1845,0
3872,24,1,1,1,1,0.065524,0.723550,0.210926,0.065369,0.723221,0.211395,1845,0
3873,24,1,1,1,1,0.062947,0.694681,0.242372,0.062805,0.693970,0.243195,1845,0
3874,24,0,0,0,0,0.728500,0.259661,0.011839,0.727509,0.260544,0.011932,1845,0
3875,24,2,2,2,2,0.015539,0.330821,0.653640,0.015472,0.329941,0.654556,1845,0
3876,24,1,1,1,1,0.039397,0.670157,0.290446,0.039352,0.669464,0.291153,1845,0
3877,24,2,1,1,1,0.059402,0.622353,0.318245,0.059219,0.621628,0.319122,1845,0
3878,24,1,1,1,1,0.150049,0.740713,0.109238,0.149689,0.740631,0.109650,1845,0
3879,24,0,0,0,0,0.563103,0.403869,0.033028,0.561676,0.405029,0.033264,1845,0
3880,24,2,2,2,2,0.016439,0.266871,0.716690,0.016418,0.266525,0.717041,1845,0
3881,24,0,1,1,1,0.339455,0.598854,0.061691,0.338699,0.599304,0.061966,1845,0
3882,24,1,1,1,1,0.017473,0.565836,0.416691,0.017426,0.564880,0.417679,1845,0
3883,24,1,1,1,1,0.282564,0.637644,0.079792,0.282120,0.637772,0.080093,1845,0
3884,24,0,0,0,0,0.918365,0.080202,0.001433,0.918121,0.080429,0.001434,1845,0
3885,24,1,1,1,1,0.157050,0.693212,0.149738,0.156860,0.692688,0.150421,1845,0
3886,24,2,2,2,2,0.002786,0.226428,0.770786,0.002762,0.225800,0.771423,1845,0
3887,24,1,1,1,1,0.198362,0.676609,0.125029,0.197693,0.676773,0.125519,1845,0
3888,24,1,1,1,1,0.123962,0.772893,0.103145,0.123703,0.772980,0.103302,1845,0
3889,24,1,1,1,1,0.144129,0.745582,0.110289,0.143799,0.745514,0.110657,1845,0
3890,24,0,0,0,0,0.717800,0.266440,0.015759,0.716904,0.267197,0.015869,1845,0
3891,24,2,2,2,2,0.002670,0.101903,0.895427,0.002655,0.101685,0.895630,1845,0
3892,24,1,1,1,1,0.098526,0.702957,0.198517,0.098297,0.702820,0.198868,1845,0
3893,24,2,2,2,2,0.019381,0.483060,0.497558,0.019348,0.482513,0.498108,1845,0
3894,24,1,1,1,1,0.055115,0.572640,0.372246,0.055038,0.571548,0.373383,1845,0
3895,24,0,0,0,0,0.937789,0.061147,0.001064,0.937576,0.061340,0.001053,1845,0
3896,24,2,2,2,2,0.019890,0.394413,0.585696,0.019806,0.393341,0.586823,1845,0
3897,24,0,0,0,0,0.768552,0.225075,0.006374,0.767776,0.225800,0.006393,1845,0
3898,24,1,2,2,2,0.005625,0.171187,0.823187,0.005600,0.170609,0.823776,1845,0
3899,24,1,1,1,1,0.123158,0.767389,0.109453,0.123032,0.767288,0.109650,1845,0
3900,24,0,0,0,0,0.734335,0.256964,0.008700,0.733490,0.257751,0.008743,1845,0
3901,24,1,1,1,1,0.029646,0.604487,0.365867,0.029633,0.603897,0.366440,1845,0
3902,24,2,1,1,1,0.168807,0.671836,0.159358,0.168289,0.671829,0.159851,1845,0
3903,24,1,1,1,1,0.207025,0.689523,0.103452,0.206451,0.689743,0.103775,1845,0
3904,24,1,1,1,1,0.120371,0.746853,0.132775,0.120071,0.746811,0.133087,1845,0
3905,24,1,1,1,1,0.053109,0.619843,0.327048,0.053009,0.618805,0.328171,1845,0
3906,24,0,1,1,1,0.446296,0.530098,0.023606,0.445801,0.530518,0.023651,1845,0
3907,24,2,1,1,1,0.044941,0.729081,0.225978,0.044861,0.728729,0.226395,1845,0
3908,24,1,1,1,1,0.204066,0.710710,0.085224,0.203598,0.710785,0.085587,1845,0
3909,24,2,1,1,1,0.098666,0.716037,0.185298,0.098602,0.715668,0.185699,1845,0
3910,24,1,1,1,1,0.096176,0.770855,0.132969,0.096054,0.770615,0.133301,1845,0
3911,24,0,1,1,1,0.264700,0.634802,0.100498,0.264709,0.634308,0.100952,1845,0
3912,24,2,2,2,2,0.005234,0.235186,0.759580,0.005203,0.234329,0.760437,1845,0
3913,24,0,0,0,0,0.540874,0.434606,0.024520,0.539795,0.435547,0.024628,1845,0
3914,24,1,2,2,2,0.000830,0.071643,0.927528,0.000824,0.071503,0.927658,1845,0
3915,24,1,1,1,1,0.104150,0.763766,0.132083,0.104004,0.763550,0.132431,1845,0
3916,24,0,1,1,1,0.237349,0.663646,0.099005,0.237015,0.663605,0.099365,1845,0
3917,24,1,1,1,1,0.275683,0.645547,0.078769,0.274796,0.646103,0.079071,1845,0
3918,24,2,2,2,2,0.013038,0.402478,0.584484,0.013016,0.401535,0.585434,1845,0
3919,24,1,1,1,1,0.065490,0.751450,0.183060,0.065414,0.751175,0.183395,1845,0
3920,24,1,1,1,1,0.393342,0.565839,0.040819,0.392670,0.566345,0.040955,1845,0
3921,24,1,1,1,1,0.114542,0.702667,0.182791,0.114120,0.702667,0.183182,1845,0
3922,24,0,1,1,1,0.364448,0.555371,0.080182,0.363708,0.555618,0.080643,1845,0
3923,24,2,2,2,2,0.002022,0.116615,0.881364,0.002014,0.116394,0.881577,1845,0
3924,24,1,2,2,2,0.015033,0.489843,0.495123,0.014984,0.488831,0.496155,1845,0
3925,24,2,1,1,1,0.042919,0.612482,0.344598,0.042892,0.611786,0.345291,1845,0
3926,24,1,1,1,1,0.077969,0.757333,0.164698,0.077774,0.757217,0.164993,1845,0
3927,24,0,1,1,1,0.334762,0.555462,0.109776,0.334732,0.555023,0.110214,1845,0
3928,24,0,0,0,0,0.717292,0.273770,0.008938,0.716461,0.274551,0.008972,1845,0
3929,24,1,1,1,1,0.217094,0.664245,0.118661,0.211182,0.666092,0.122711,1845,0
3930,24,1,1,1,1,0.129946,0.752378,0.117676,0.129700,0.752319,0.117966,1845,0
3931,24,0,1,1,1,0.291774,0.633660,0.074566,0.276581,0.645935,0.077469,1845,0
3932,24,1,1,1,1,0.080471,0.707444,0.212085,0.080338,0.706680,0.212952,1845,0
3933,24,2,2,2,2,0.024063,0.301196,0.674741,0.023926,0.300186,0.675873,1845,0
3934,24,1,1,1,1,0.052135,0.663103,0.284762,0.051987,0.662155,0.285843,1845,0
3935,25,1,1,1,1,0.047168,0.571864,0.380968,0.047089,0.571274,0.381622,1845,0
3936,25,0,0,0,0,0.718394,0.274557,0.007049,0.717422,0.275482,0.007080,1845,0
3937,25,2,2,2,2,0.000741,0.058234,0.941025,0.000732,0.058167,0.941071,1845,0
3938,25,1,1,1,1,0.029078,0.676022,0.294901,0.029007,0.675568,0.295410,1845,0
3939,25,2,2,2,2,0.004065,0.132153,0.863783,0.004044,0.132019,0.863907,1845,0
3940,25,1,1,1,1,0.397555,0.569164,0.033280,0.396896,0.569702,0.033371,1845,0
3941,25,0,0,0,0,0.886472,0.111155,0.002372,0.886093,0.111511,0.002365,1845,0
3942,25,2,2,2,2,0.001173,0.087986,0.910841,0.001160,0.087860,0.910965,1845,0
3943,25,0,1,1,1,0.228612,0.610427,0.160962,0.228226,0.610260,0.161484,1845,0
3944,25,1,1,1,1,0.255572,0.681193,0.063235,0.254791,0.681763,0.063431,1845,0
3945,25,0,0,0,0,0.645116,0.341988,0.012896,0.644058,0.342957,0.012955,1845,0
3946,25,1,1,1,1,0.466138,0.500940,0.032922,0.464981,0.501953,0.033035,1845,0
3947,25,2,2,2,2,0.000800,0.057617,0.941584,0.000793,0.057541,0.941635,1845,0
3948,25,1,1,1,1,0.097279,0.770420,0.132301,0.097061,0.770294,0.132614,1845,0
3949,25,1,0,0,0,0.675518,0.309998,0.014484,0.674362,0.311081,0.014542,1845,0
3950,25,1,1,1,1,0.030263,0.645708,0.324028,0.030197,0.645355,0.324432,1845,0
3951,25,0,0,0,0,0.684664,0.300015,0.015322,0.684204,0.300400,0.015381,1845,0
3952,25,2,2,2,2,0.002775,0.107257,0.889967,0.002762,0.107178,0.890030,1845,0
3953,25,1,1,1,1,0.069366,0.706158,0.224475,0.069229,0.705780,0.224976,1845,0
3954,25,2,2,2,2,0.000516,0.048418,0.951066,0.000504,0.048340,0.951126,1845,0
3955,25,1,1,1,1,0.231939,0.702532,0.065529,0.231201,0.703064,0.065720,1845,0
3956,25,0,0,0,0,0.939123,0.059958,0.000919,0.938751,0.060318,0.000916,1845,0
3957,25,2,2,2,2,0.001263,0.068150,0.930587,0.001251,0.068054,0.930679,1845,0
3958,25,0,0,0,0,0.887972,0.109770,0.002257,0.887329,0.110382,0.002274,1845,0
3959,25,1,1,1,1,0.151431,0.702254,0.146316,0.151321,0.702072,0.146591,1845,0
3960,25,1,1,1,1,0.361366,0.587626,0.051008,0.360260,0.588516,0.051208,1845,0
3961,25,1,1,1,1,0.287158,0.653593,0.059249,0.286682,0.653839,0.059448,1845,0
3962,25,2,2,2,2,0.007307,0.216541,0.776152,0.007278,0.216187,0.776520,1845,0
3963,25,1,1,1,1,0.022132,0.553706,0.424162,0.022079,0.552948,0.424942,1845,0
3964,25,1,0,0,0,0.587177,0.385129,0.027694,0.586151,0.386032,0.027802,1845,0
3965,25,0,0,0,0,0.723253,0.268034,0.008713,0.722229,0.268997,0.008743,1845,0
3966,25,2,2,2,2,0.003948,0.220145,0.775907,0.003922,0.219803,0.776260,1845,0
3967,25,1,1,1,1,0.131831,0.717269,0.150900,0.131424,0.717270,0.151291,1845,0
3968,25,2,2,2,2,0.001737,0.142853,0.855411,0.001724,0.142593,0.855652,1845,0
3969,25,1,0,0,0,0.780693,0.213101,0.006206,0.779846,0.213898,0.006226,1845,0
3970,25,0,0,0,0,0.958412,0.041107,0.000481,0.958206,0.041290,0.000473,1845,0
3971,25,2,2,2,2,0.000680,0.056307,0.943013,0.000671,0.056244,0.943069,1845,0
3972,25,0,0,0,0,0.907022,0.091288,0.001690,0.906677,0.091614,0.001694,1845,0
3973,25,1,1,1,1,0.238540,0.685318,0.076142,0.163162,0.735291,0.101517,1845,0
3974,25,1,0,0,0,0.641647,0.345153,0.013200,0.640839,0.345886,0.013245,1845,0
3975,25,0,0,0,0,0.799269,0.194691,0.006040,0.798676,0.195251,0.006058,1845,0
3976,25,1,0,0,0,0.791620,0.203551,0.004829,0.790771,0.204361,0.004852,1845,0
3977,25,2,2,2,2,0.000520,0.042628,0.956852,0.000504,0.042587,0.956879,1845,0
3978,25,1,1,1,1,0.039708,0.736197,0.224095,0.039246,0.737335,0.223404,1845,0
3979,25,1,0,0,0,0.620093,0.369391,0.010516,0.618912,0.370499,0.010559,1845,0
3980,25,1,1,1,1,0.158772,0.712945,0.128283,0.158432,0.712952,0.128601,1845,0
3981,25,0,0,0,0,0.967762,0.031898,0.000340,0.967621,0.032013,0.000336,1845,0
3982,25,2,2,2,2,0.027067,0.442935,0.529998,0.027039,0.442459,0.530472,1845,0
3983,25,1,2,2,2,0.025121,0.444764,0.530115,0.025070,0.444336,0.530563,1845,0
3984,25,2,2,2,2,0.000673,0.084578,0.914748,0.000656,0.084442,0.914871,1845,0
3985,25,1,0,0,0,0.706282,0.284659,0.009058,0.705200,0.285660,0.009109,1845,0
3986,25,0,0,0,0,0.690398,0.298529,0.011072,0.689133,0.299713,0.011124,1845,0
3987,25,2,2,2,2,0.001378,0.088344,0.910278,0.001953,0.118225,0.879807,1845,0
3988,25,0,0,0,0,0.937864,0.061182,0.000954,0.920334,0.078308,0.001328,1845,0
3989,25,1,1,1,1,0.113724,0.756333,0.129943,0.113693,0.756119,0.130173,1845,0
3990,25,1,0,0,0,0.738125,0.255295,0.006580,0.737000,0.256363,0.006607,1845,0
3991,25,0,0,0,0,0.532712,0.447429,0.019859,0.531555,0.448502,0.019928,1845,0
3992,25,1,0,0,0,0.607152,0.376556,0.016291,0.605881,0.377731,0.016373,1845,0
3993,25,2,2,2,2,0.002049,0.107099,0.890853,0.002045,0.107071,0.890869,1845,0
3994,25,1,1,1,1,0.118008,0.697436,0.184556,0.117783,0.697205,0.184998,1845,0
3995,25,1,1,1,1,0.395681,0.572145,0.032174,0.394806,0.572891,0.032272,1845,0
3996,25,1,1,1,1,0.033902,0.622466,0.343632,0.033768,0.622131,0.344070,1845,0
3997,25,0,0,0,0,0.653608,0.333657,0.012735,0.652603,0.334579,0.012787,1845,0
3998,25,2,2,2,2,0.000778,0.059386,0.939836,0.000763,0.059296,0.939911,1845,0
3999,25,1,1,1,1,0.157696,0.688898,0.153406,0.157364,0.688812,0.153793,1845,0
4000,25,2,2,2,2,0.005691,0.211425,0.782885,0.003799,0.167587,0.828583,1845,0
4001,25,1,0,0,0,0.836165,0.159949,0.003886,0.835373,0.160706,0.003906,1845,0
4002,25,0,0,0,0,0.847062,0.149527,0.003411,0.846420,0.150131,0.003418,1845,0
4003,25,2,2,2,2,0.000998,0.074472,0.924530,0.001099,0.076492,0.922379,1845,0
4004,25,0,0,0,0,0.947464,0.051574,0.000962,0.947144,0.051865,0.000961,1845,0
4005,25,1,1,1,1,0.044019,0.642971,0.313009,0.043823,0.642731,0.313416,1845,0
4006,25,1,1,1,1,0.481572,0.495893,0.022535,0.480576,0.496780,0.022614,1845,0
4007,25,0,0,0,0,0.655946,0.331953,0.012101,0.654831,0.332993,0.012146,1845,0
4008,25,1,1,1,1,0.371457,0.551327,0.077217,0.370422,0.551895,0.077652,1845,0
4009,25,2,2,2,2,0.000338,0.034551,0.965111,0.000320,0.034515,0.965134,1845,0
4010,25,1,2,2,2,0.008945,0.323907,0.667148,0.008682,0.317871,0.673416,1845,0
4011,25,1,0,0,0,0.568600,0.412038,0.019362,0.651382,0.334625,0.013977,1845,0
4012,25,1,1,1,1,0.074897,0.698833,0.226271,0.074768,0.698471,0.226746,1845,0
4013,25,0,0,0,0,0.514675,0.433372,0.051954,0.514084,0.433762,0.052124,1845,0
4014,25,2,2,2,2,0.000865,0.076476,0.922659,0.000854,0.076370,0.922760,1845,0
4015,25,1,1,1,1,0.045507,0.641696,0.312797,0.045502,0.641190,0.313293,1845,0
4016,25,2,2,2,2,0.000447,0.052817,0.946736,0.000458,0.054901,0.944626,1845,0
4017,25,1,1,1,1,0.404284,0.563392,0.032324,0.403473,0.564072,0.032425,1845,0
4018,25,0,0,0,0,0.803375,0.191601,0.005024,0.802551,0.192383,0.005051,1845,0
4019,25,2,2,2,2,0.000830,0.094705,0.904465,0.000824,0.094559,0.904602,1845,0
4020,25,0,0,0,0,0.630227,0.356966,0.012807,0.629456,0.357681,0.012848,1845,0
4021,25,1,1,1,1,0.069862,0.739603,0.190535,0.069687,0.739365,0.190933,1845,0
4022,25,1,0,0,0,0.703041,0.286226,0.010733,0.690628,0.297943,0.011398,1845,0
4023,25,0,0,0,0,0.826035,0.169513,0.004452,0.825272,0.170227,0.004471,1845,0
4024,25,1,1,1,1,0.465462,0.501451,0.033087,0.464752,0.502045,0.033188,1845,0
4025,25,2,2,2,2,0.000251,0.031761,0.967988,0.000229,0.031723,0.968018,1845,0
4026,25,1,2,2,2,0.008975,0.421889,0.569136,0.009338,0.425552,0.565094,1845,0
4027,25,1,1,1,1,0.252370,0.669590,0.078041,0.252243,0.669479,0.078247,1845,0
4028,25,1,1,1,1,0.072637,0.718526,0.208837,0.072433,0.718185,0.209366,1845,0
4029,25,0,0,0,0,0.815224,0.179633,0.005143,0.768845,0.223969,0.007156,1845,0
4030,25,2,2,2,2,0.022556,0.263094,0.714351,0.022537,0.263046,0.714401,1845,0
4031,25,1,2,2,2,0.008178,0.389829,0.601993,0.008148,0.389343,0.602493,1845,0
4032,25,2,2,2,2,0.002701,0.271034,0.726265,0.002686,0.270782,0.726517,1845,0
4033,25,1,1,1,1,0.159166,0.764040,0.076794,0.158997,0.764084,0.076904,1845,0
4034,25,0,0,0,0,0.876924,0.120533,0.002544,0.876343,0.121078,0.002548,1845,0
4035,25,2,2,2,2,0.001195,0.079283,0.919522,0.001190,0.079163,0.919632,1845,0
4036,25,0,0,0,0,0.846256,0.149726,0.004019,0.845566,0.150375,0.004044,1845,0
4037,25,1,1,1,1,0.080592,0.750916,0.168492,0.080566,0.750580,0.168839,1845,0
4038,25,1,0,0,0,0.618818,0.355229,0.025953,0.617828,0.356094,0.026047,1845,0
4039,25,0,1,1,1,0.322470,0.609331,0.068199,0.321533,0.609985,0.068466,1845,0
4040,25,1,0,0,0,0.617332,0.366602,0.016065,0.616043,0.367783,0.016144,1845,0
4041,25,2,2,2,2,0.000285,0.030339,0.969377,0.000275,0.030319,0.969376,1845,0
4042,25,1,1,1,1,0.081472,0.667613,0.250915,0.081238,0.667313,0.251419,1845,0
4043,25,1,1,1,1,0.315744,0.646554,0.037702,0.315414,0.646820,0.037750,1845,0
4044,25,1,1,1,1,0.073305,0.763746,0.162949,0.073242,0.763504,0.163239,1845,0
4045,25,0,0,0,0,0.595753,0.387591,0.016656,0.594574,0.388672,0.016724,1845,0
4046,25,2,2,2,2,0.000674,0.082840,0.916487,0.000656,0.082718,0.916595,1845,0
4047,25,1,1,1,1,0.143906,0.743104,0.112990,0.147293,0.741165,0.111511,1845,0
4048,25,2,2,2,2,0.000857,0.070270,0.928873,0.000839,0.070160,0.928970,1845,0
4049,25,1,0,0,0,0.715092,0.275794,0.009115,0.713898,0.276917,0.009171,1845,0
4050,25,0,0,0,0,0.965141,0.034472,0.000387,0.964996,0.034607,0.000381,1845,0
4051,25,2,2,2,2,0.000272,0.030958,0.968770,0.000259,0.030945,0.968765,1845,0
4052,25,0,0,0,0,0.770545,0.224063,0.005391,0.769608,0.224960,0.005417,1845,0
4053,25,1,1,1,1,0.057348,0.713431,0.229221,0.057144,0.713303,0.229538,1845,0
4054,25,1,1,1,1,0.433456,0.530080,0.036464,0.432465,0.530914,0.036591,1845,0
4055,25,0,0,0,0,0.919953,0.078211,0.001836,0.919830,0.078323,0.001831,1845,0
4056,25,1,1,1,1,0.193762,0.713045,0.093194,0.193695,0.712921,0.093369,1845,0
4057,25,1,2,2,2,0.022487,0.471952,0.505562,0.022430,0.471252,0.506302,1845,0
4058,25,1,1,1,1,0.305408,0.649407,0.045185,0.304581,0.650085,0.045303,1845,0
4059,25,1,1,1,1,0.023113,0.620260,0.356627,0.023102,0.619858,0.357025,1845,0
4060,25,0,0,0,0,0.833842,0.161324,0.004834,0.833099,0.162018,0.004852,1845,0
4061,25,2,2,2,2,0.001486,0.121739,0.876775,0.001465,0.121567,0.876938,1845,0
4062,25,1,1,1,1,0.146496,0.718573,0.134931,0.146378,0.718369,0.135239,1845,0
4063,25,2,2,2,2,0.001097,0.073370,0.925533,0.001083,0.073303,0.925583,1845,0
4064,25,1,1,1,1,0.375657,0.587254,0.037090,0.374680,0.588104,0.037201,1845,0
4065,25,0,0,0,0,0.718647,0.270950,0.010403,0.717529,0.272003,0.010452,1845,0
4066,25,2,2,2,2,0.001725,0.091235,0.907040,0.001984,0.110748,0.887238,1845,0
4067,25,0,0,0,0,0.666207,0.321815,0.011978,0.665451,0.322525,0.012009,1845,0
4068,25,1,1,1,1,0.025692,0.608239,0.366069,0.025620,0.607788,0.366562,1845,0
4069,25,1,1,1,1,0.377508,0.585611,0.036881,0.376617,0.586365,0.036987,1845,0
4070,25,0,0,0,0,0.840693,0.155458,0.003849,0.839905,0.156204,0.003860,1845,0
4071,25,1,1,1,1,0.125254,0.726004,0.148742,0.125122,0.725769,0.149094,1845,0
4072,25,2,2,2,2,0.006608,0.290370,0.703023,0.006561,0.289993,0.703415,1845,0
4073,25,1,1,1,1,0.012738,0.497543,0.489719,0.012711,0.497147,0.490128,1845,0
4074,25,1,1,1,1,0.284541,0.666076,0.049383,0.284012,0.666443,0.049530,1845,0
4075,25,1,1,1,1,0.043635,0.641984,0.314381,0.043442,0.641708,0.314835,1845,0
4076,25,0,0,0,0,0.807358,0.188506,0.004136,0.806503,0.189316,0.004150,1845,0
4077,25,2,2,2,2,0.001185,0.066683,0.932132,0.001175,0.066605,0.932205,1845,0
4078,25,1,1,1,1,0.079124,0.595254,0.325622,0.079010,0.594727,0.326248,1845,0
4079,25,2,2,2,2,0.000708,0.092337,0.906955,0.000687,0.092163,0.907120,1845,0
4080,25,1,0,0,0,0.707086,0.276734,0.016179,0.706070,0.277618,0.016296,1845,0
4081,25,0,0,0,0,0.648767,0.340578,0.010655,0.647659,0.341614,0.010696,1845,0
4082,25,2,2,2,2,0.001113,0.088900,0.909988,0.001099,0.088730,0.910141,1845,0
4083,25,0,0,0,0,0.791093,0.201900,0.007007,0.790237,0.202698,0.007034,1845,0
4084,25,1,2,2,2,0.028765,0.477015,0.494220,0.028732,0.476593,0.494659,1845,0
4085,25,1,1,1,1,0.111704,0.769955,0.118340,0.111389,0.769958,0.118622,1845,0
4086,25,0,0,0,0,0.751991,0.240131,0.007879,0.750916,0.241150,0.007919,1845,0
4087,25,1,1,1,1,0.385906,0.581709,0.032385,0.385117,0.582382,0.032471,1845,0
4088,25,2,2,2,2,0.000442,0.044325,0.955233,0.000427,0.044281,0.955261,1845,0
4089,25,1,1,1,1,0.016159,0.562169,0.421672,0.016113,0.561554,0.422302,1845,0
4090,26,1,1,1,1,0.177815,0.732328,0.089857,0.178955,0.731552,0.089478,1845,0
4091,26,1,1,1,1,0.130241,0.707769,0.161990,0.131317,0.707550,0.161102,1845,0
4092,26,0,0,0,0,0.697182,0.289353,0.013465,0.699326,0.287338,0.013321,1845,0
4093,26,2,2,2,2,0.001409,0.134338,0.864252,0.001404,0.134811,0.863770,1845,0
4094,26,1,1,1,1,0.020313,0.590324,0.389364,0.020401,0.590775,0.388809,1845,0
4095,26,2,2,2,2,0.002567,0.104750,0.892683,0.002563,0.104889,0.892532,1845,0
4096,26,1,0,0,0,0.480769,0.477989,0.041241,0.483093,0.475952,0.040939,1845,0
4097,26,0,1,1,1,0.473739,0.492919,0.033341,0.476074,0.490799,0.033112,1845,0
4098,26,2,2,2,2,0.001336,0.086043,0.912621,0.001328,0.086121,0.912521,1845,0
4099,26,0,0,0,0,0.987968,0.011947,0.000084,0.987976,0.011932,0.000076,1845,0
4100,26,1,1,1,1,0.350600,0.478005,0.171395,0.350616,0.478058,0.171310,1845,0
4101,26,1,0,0,0,0.728611,0.262136,0.009252,0.730209,0.260620,0.009155,1845,0
4102,26,0,0,0,0,0.944788,0.054597,0.000615,0.932159,0.067017,0.000809,1845,0
4103,26,1,0,0,0,0.848712,0.148060,0.003228,0.849884,0.146912,0.003189,1845,0
4104,26,2,2,2,2,0.027439,0.446299,0.526261,0.027618,0.447266,0.525085,1845,0
4105,26,1,1,1,1,0.250324,0.685455,0.064221,0.252441,0.683746,0.063782,1845,0
4106,26,1,1,1,1,0.432195,0.541142,0.026664,0.434235,0.539261,0.026474,1845,0
4107,26,1,1,1,1,0.127027,0.697996,0.174977,0.127563,0.698120,0.174286,1845,0
4108,26,0,0,0,0,0.824730,0.167084,0.008187,0.825851,0.166016,0.008102,1845,0
4109,26,2,2,2,2,0.001175,0.078099,0.920726,0.001160,0.078232,0.920578,1845,0
4110,26,1,2,2,2,0.041927,0.470795,0.487278,0.042023,0.471359,0.486603,1845,0
4111,26,1,1,1,1,0.357051,0.598689,0.044260,0.359528,0.596512,0.043945,1845,0
4112,26,0,0,0,0,0.868411,0.128613,0.002977,0.869080,0.127960,0.002945,1845,0
4113,26,2,2,2,2,0.001912,0.072798,0.925291,0.001907,0.072876,0.925201,1845,0
4114,26,0,0,0,0,0.937350,0.061657,0.000992,0.937683,0.061310,0.000977,1845,0
4115,26,1,1,1,1,0.083582,0.620872,0.295546,0.083755,0.621201,0.295029,1845,0
4116,26,1,1,1,1,0.434271,0.532215,0.033515,0.436707,0.529999,0.033264,1845,0
4117,26,0,0,0,0,0.562510,0.413163,0.024327,0.565094,0.410828,0.024048,1845,0
4118,26,1,0,0,0,0.653165,0.334596,0.012239,0.655151,0.332718,0.012115,1845,0
4119,26,2,2,2,2,0.003312,0.113906,0.882783,0.003311,0.114044,0.882629,1845,0
4120,26,1,2,2,2,0.017690,0.361699,0.620611,0.017715,0.362244,0.620026,1845,0
4121,26,1,0,0,0,0.498446,0.467379,0.034175,0.500870,0.465240,0.033875,1845,0
4122,26,1,1,1,1,0.067060,0.534389,0.398552,0.067276,0.534988,0.397720,1845,0
4123,26,0,0,0,0,0.769311,0.225542,0.005147,0.770203,0.224670,0.005112,1845,0
4124,26,2,2,2,2,0.020553,0.324442,0.655005,0.020630,0.325272,0.654083,1845,0
4125,26,1,2,2,2,0.005748,0.271015,0.723237,0.005768,0.271683,0.722534,1845,0
4126,26,2,2,2,2,0.000744,0.059841,0.939415,0.000732,0.059982,0.939255,1845,0
4127,26,1,0,0,0,0.674299,0.316797,0.008904,0.676697,0.314484,0.008789,1845,0
4128,26,0,1,1,1,0.292167,0.665056,0.042777,0.293472,0.663910,0.042603,1845,0
4129,26,2,2,2,2,0.001173,0.076062,0.922765,0.001175,0.076294,0.922516,1845,0
4130,26,0,0,0,0,0.942275,0.056955,0.000770,0.942703,0.056519,0.000748,1845,0
4131,26,1,1,1,1,0.071368,0.669303,0.259329,0.071518,0.669601,0.258865,1845,0
4132,26,1,0,0,0,0.701507,0.288309,0.010184,0.703568,0.286346,0.010056,1845,0
4133,26,0,0,0,0,0.758084,0.230997,0.010920,0.561676,0.412231,0.026077,1845,0
4134,26,1,1,1,1,0.081087,0.731907,0.187006,0.081543,0.731949,0.186478,1845,0
4135,26,2,2,2,2,0.001682,0.093028,0.905290,0.001663,0.093216,0.905090,1845,0
4136,26,1,1,1,1,0.068793,0.602899,0.328308,0.069077,0.603149,0.327759,1845,0
4137,26,1,1,1,1,0.341613,0.608943,0.049445,0.343933,0.606918,0.049118,1845,0
4138,26,1,1,1,1,0.124363,0.696134,0.179503,0.125061,0.696121,0.178802,1845,0
4139,26,0,0,0,0,0.658784,0.328727,0.012489,0.636978,0.349197,0.013809,1845,0
4140,26,2,2,2,2,0.003914,0.163914,0.832172,0.003906,0.164383,0.831680,1845,0
4141,26,1,1,1,1,0.098207,0.685375,0.216418,0.099152,0.685425,0.215408,1845,0
4142,26,2,2,2,2,0.002179,0.100400,0.897421,0.002182,0.100632,0.897171,1845,0
4143,26,1,1,1,1,0.260710,0.665681,0.073609,0.262726,0.664124,0.073135,1845,0
4144,26,0,0,0,0,0.741527,0.249272,0.009201,0.743286,0.247589,0.009094,1845,0
4145,26,2,2,2,2,0.006167,0.206946,0.786887,0.006195,0.207718,0.786057,1845,0
4146,26,0,0,0,0,0.926129,0.072532,0.001339,0.926559,0.072098,0.001312,1845,0
4147,26,1,1,1,1,0.092090,0.676170,0.231740,0.092728,0.676620,0.230621,1845,0
4148,26,1,1,1,1,0.442468,0.519739,0.037793,0.284149,0.656464,0.059372,1845,0
4149,26,0,0,0,0,0.611543,0.371877,0.016580,0.613831,0.369705,0.016434,1845,0
4150,26,1,1,1,1,0.320296,0.639650,0.040054,0.322372,0.637802,0.039795,1845,0
4151,26,2,1,1,1,0.031477,0.545734,0.422789,0.031586,0.545975,0.422424,1845,0
4152,26,1,1,1,1,0.111559,0.756801,0.131640,0.112076,0.756592,0.131317,1845,0
4153,26,1,1,1,1,0.091648,0.758181,0.150171,0.092041,0.758102,0.149841,1845,0
4154,26,1,2,2,2,0.010797,0.389187,0.600016,0.010910,0.390488,0.598572,1845,0
4155,26,0,0,0,0,0.553956,0.429235,0.016808,0.555008,0.428253,0.016724,1845,0
4156,26,2,2,2,2,0.000965,0.054632,0.944403,0.000961,0.054703,0.944321,1845,0
4157,26,1,2,2,2,0.020549,0.453873,0.525578,0.020584,0.454620,0.524765,1845,0
4158,26,2,2,2,2,0.001396,0.072605,0.925999,0.001389,0.072739,0.925858,1845,0
4159,26,1,1,1,1,0.230187,0.639752,0.130061,0.230637,0.639694,0.129639,1845,0
4160,26,0,1,1,1,0.438015,0.518478,0.043507,0.440613,0.516235,0.043121,1845,0
4161,26,2,2,2,2,0.000740,0.053330,0.945930,0.000717,0.053162,0.946091,1845,0
4162,26,0,0,0,0,0.880614,0.116590,0.002796,0.881317,0.115891,0.002762,1845,0
4163,26,1,1,1,1,0.090718,0.767977,0.141306,0.091339,0.767853,0.140778,1845,0
4164,26,1,0,0,0,0.505822,0.468442,0.025736,0.507828,0.466629,0.025528,1845,0
4165,26,0,0,0,0,0.727308,0.260366,0.012326,0.728333,0.259430,0.012222,1845,0
4166,26,1,1,1,1,0.167682,0.719062,0.113257,0.168961,0.718307,0.112717,1845,0
4167,26,2,2,2,2,0.003916,0.236031,0.760053,0.003922,0.236710,0.759338,1845,0
4168,26,1,1,1,1,0.115302,0.655877,0.228821,0.115448,0.656250,0.228271,1845,0
4169,26,1,1,1,1,0.339422,0.608001,0.052577,0.341949,0.605881,0.052155,1845,0
4170,26,1,1,1,1,0.126238,0.729558,0.144204,0.124832,0.732986,0.142166,1845,0
4171,26,0,0,0,0,0.677126,0.312616,0.010258,0.679092,0.310730,0.010147,1845,0
4172,26,2,2,2,2,0.004393,0.224822,0.770785,0.004425,0.225662,0.769897,1845,0
4173,26,1,1,1,1,0.086051,0.659036,0.254913,0.086182,0.659393,0.254395,1845,0
4174,26,2,2,2,2,0.000319,0.036290,0.963391,0.000305,0.036346,0.963318,1845,0
4175,26,1,1,1,1,0.437156,0.519323,0.043520,0.439651,0.517212,0.043121,1845,0
4176,26,0,0,0,0,0.671987,0.317946,0.010067,0.674149,0.315857,0.009964,1845,0
4177,26,2,2,2,2,0.001650,0.120237,0.878113,0.001648,0.120605,0.877716,1845,0
4178,26,0,0,0,0,0.661305,0.329119,0.009575,0.662994,0.327484,0.009491,1845,0
4179,26,1,1,1,1,0.057393,0.701320,0.241287,0.061569,0.717239,0.221161,1845,0
4180,26,1,1,1,1,0.427240,0.535004,0.037756,0.429504,0.533020,0.037445,1845,0
4181,26,0,0,0,0,0.854074,0.141826,0.004099,0.854721,0.141205,0.004059,1845,0
4182,26,1,1,1,1,0.127669,0.773150,0.099181,0.128494,0.772598,0.098877,1845,0
4183,26,2,2,2,2,0.001349,0.085145,0.913506,0.001343,0.085266,0.913361,1845,0
4184,26,1,2,2,2,0.018362,0.296906,0.684732,0.018387,0.297653,0.683929,1845,0
4185,26,1,1,1,1,0.328695,0.615665,0.055640,0.331192,0.613602,0.055191,1845,0
4186,26,1,1,1,1,0.055938,0.663155,0.280907,0.056488,0.663544,0.279938,1845,0
4187,26,0,0,0,0,0.692057,0.295895,0.012048,0.694061,0.293991,0.011917,1845,0
4188,26,2,2,2,2,0.002046,0.133266,0.864688,0.002045,0.133698,0.864243,1845,0
4189,26,1,1,1,1,0.024801,0.639871,0.335327,0.024811,0.640060,0.335098,1845,0
4190,26,2,2,2,2,0.001055,0.119562,0.879383,0.001053,0.119904,0.879028,1845,0
4191,26,1,1,1,1,0.391815,0.572081,0.036104,0.394470,0.569702,0.035812,1845,0
4192,26,0,0,0,0,0.508465,0.469262,0.022273,0.510254,0.467590,0.022125,1845,0
4193,26,2,2,2,2,0.004237,0.268795,0.726968,0.004257,0.269684,0.726028,1845,0
4194,26,0,1,1,1,0.362917,0.588931,0.048151,0.364883,0.587250,0.047852,1845,0
4195,26,1,1,1,1,0.044991,0.621300,0.333709,0.045090,0.621780,0.333115,1845,0
4196,26,1,1,1,1,0.186101,0.713453,0.100445,0.187210,0.712753,0.100021,1845,0
4197,26,0,0,0,0,0.815482,0.179935,0.004583,0.816971,0.178497,0.004517,1845,0
4198,26,1,1,1,1,0.122658,0.700847,0.176495,0.123291,0.700790,0.175903,1845,0
4199,26,2,2,2,2,0.002216,0.143522,0.854262,0.002213,0.144028,0.853729,1845,0
4200,26,1,1,1,1,0.068009,0.715628,0.216363,0.068344,0.715897,0.215729,1845,0
4201,26,1,1,1,1,0.271211,0.667730,0.061059,0.273285,0.666016,0.060684,1845,0
4202,26,1,2,2,2,0.020868,0.469285,0.509847,0.020935,0.470139,0.508896,1845,0
4203,26,0,0,0,0,0.728025,0.263186,0.008789,0.730026,0.261261,0.008682,1845,0
4204,26,2,2,2,2,0.000370,0.032041,0.967589,0.000366,0.032059,0.967560,1845,0
4205,26,1,1,1,1,0.024750,0.589170,0.386079,0.024841,0.589661,0.385468,1845,0
4206,26,2,2,2,2,0.001380,0.123652,0.874968,0.001373,0.124130,0.874466,1845,0
4207,26,1,1,1,1,0.190793,0.724974,0.084233,0.192642,0.723557,0.083771,1845,0
4208,26,0,0,0,0,0.702384,0.288302,0.009314,0.681458,0.308243,0.010269,1845,0
4209,26,2,2,2,2,0.001217,0.098195,0.900588,0.001221,0.098709,0.900040,1845,0
4210,26,0,1,1,1,0.446835,0.520620,0.032545,0.447998,0.519592,0.032379,1845,0
4211,26,1,1,1,1,0.136275,0.760746,0.102979,0.137207,0.760132,0.102631,1845,0
4212,26,1,1,1,1,0.342737,0.621832,0.035431,0.344757,0.620010,0.035217,1845,0
4213,26,0,0,0,0,0.744202,0.248976,0.006822,0.746185,0.247055,0.006744,1845,0
4214,26,1,0,0,0,0.621769,0.359390,0.018841,0.623734,0.357559,0.018677,1845,0
4215,26,2,2,2,2,0.000637,0.062521,0.936842,0.000626,0.062790,0.936554,1845,0
4216,26,1,1,1,1,0.085219,0.629243,0.285538,0.085861,0.629944,0.284164,1845,0
4217,26,1,1,1,1,0.243924,0.701065,0.055011,0.244644,0.700455,0.054871,1845,0
4218,26,1,1,1,1,0.055301,0.700306,0.244394,0.055527,0.700592,0.243866,1845,0
4219,26,0,0,0,0,0.720515,0.270177,0.009307,0.722565,0.268219,0.009201,1845,0
4220,26,2,2,2,2,0.001394,0.064103,0.934503,0.001389,0.064163,0.934433,1845,0
4221,26,1,1,1,1,0.470086,0.497013,0.032901,0.472885,0.494492,0.032608,1845,0
4222,26,1,1,1,1,0.394182,0.555721,0.050098,0.396729,0.553528,0.049713,1845,0
4223,26,0,0,0,0,0.764661,0.227045,0.008294,0.766266,0.225510,0.008194,1845,0
4224,26,2,2,2,2,0.010887,0.229068,0.760045,0.010925,0.229630,0.759430,1845,0
4225,26,0,0,0,0,0.744670,0.247645,0.007685,0.746170,0.246201,0.007599,1845,0
4226,26,1,1,1,1,0.058972,0.655118,0.285910,0.059235,0.655472,0.285263,1845,0
4227,26,1,1,1,1,0.246037,0.648049,0.105914,0.247635,0.647095,0.105240,1845,0
4228,26,0,0,0,0,0.859679,0.137061,0.003261,0.860779,0.135986,0.003204,1845,0
4229,26,1,1,1,1,0.111046,0.725594,0.163360,0.111725,0.725677,0.162567,1845,0
4230,26,2,2,2,2,0.004539,0.242159,0.753302,0.004547,0.242706,0.752716,1845,0
4231,26,1,1,1,1,0.198617,0.717393,0.083990,0.269318,0.663071,0.067596,1845,0
4232,26,1,1,1,1,0.100489,0.773292,0.126219,0.100784,0.773254,0.125931,1845,0
4233,26,0,1,1,1,0.344599,0.604969,0.050432,0.346100,0.603745,0.050125,1845,0
4234,26,2,2,2,2,0.000965,0.091295,0.907740,0.000961,0.091690,0.907333,1845,0
4235,26,1,1,1,1,0.042306,0.646386,0.311308,0.042343,0.646729,0.310913,1845,0
4236,26,2,2,2,2,0.004511,0.208874,0.786616,0.004623,0.223251,0.772095,1845,0
4237,26,1,1,1,1,0.391720,0.566733,0.041548,0.392166,0.566376,0.041443,1845,0
4238,26,0,0,0,0,0.889195,0.108496,0.002309,0.889816,0.107880,0.002274,1845,0
4239,26,2,2,2,2,0.001308,0.079307,0.919384,0.001297,0.079544,0.919128,1845,0
4240,26,0,1,1,1,0.256468,0.672131,0.071402,0.259979,0.669312,0.070679,1845,0
4241,26,1,1,1,1,0.057753,0.688955,0.253292,0.058105,0.689285,0.252594,1845,0
4242,26,1,0,0,0,0.641665,0.345854,0.012482,0.644012,0.343628,0.012344,1845,0
4243,26,0,1,1,1,0.479814,0.489523,0.030664,0.482498,0.487091,0.030396,1845,0
4244,26,1,1,1,1,0.341559,0.609514,0.048927,0.342606,0.608673,0.048691,1845,0
4245,26,2,1,1,1,0.055116,0.517991,0.426892,0.055695,0.518967,0.425308,1845,0
4246,26,1,1,1,1,0.273019,0.636234,0.090746,0.274887,0.635056,0.090027,1845,0
4247,27,1,1,1,1,0.414447,0.550677,0.034876,0.411713,0.553055,0.035202,1845,0
4248,27,1,1,1,1,0.150142,0.717713,0.132146,0.149048,0.718185,0.132751,1845,0
4249,27,0,1,1,1,0.418717,0.550308,0.030975,0.416473,0.552307,0.031204,1845,0
4250,27,2,1,1,1,0.098145,0.684966,0.216889,0.097275,0.684845,0.217865,1845,0
4251,27,1,1,1,1,0.280382,0.646160,0.073458,0.277969,0.647858,0.074142,1845,0
4252,27,2,2,2,2,0.016846,0.223183,0.759971,0.016830,0.223083,0.760071,1845,0
4253,27,1,1,1,1,0.188220,0.727372,0.084407,0.186707,0.728363,0.084900,1845,0
4254,27,0,1,1,1,0.393444,0.552143,0.054412,0.390182,0.554810,0.054977,1845,0
4255,27,2,1,1,1,0.110996,0.536503,0.352502,0.110779,0.535980,0.353226,1845,0
4256,27,0,0,0,0,0.511395,0.458421,0.030184,0.505569,0.463608,0.030807,1845,0
4257,27,1,1,1,1,0.098790,0.657667,0.243543,0.098740,0.657135,0.244095,1845,0
4258,27,1,0,0,0,0.639907,0.343470,0.016624,0.637482,0.345703,0.016785,1845,0
4259,27,0,0,0,0,0.537299,0.392213,0.070487,0.537064,0.392303,0.070618,1845,0
4260,27,1,0,0,0,0.516440,0.449242,0.034318,0.541840,0.428711,0.029419,1845,0
4261,27,2,1,1,1,0.311780,0.637959,0.050261,0.310974,0.638596,0.050400,1845,0
4262,27,1,1,1,1,0.091783,0.648688,0.259530,0.091461,0.648239,0.260284,1845,0
4263,27,1,1,1,1,0.306955,0.612858,0.080187,0.311600,0.607376,0.081009,1845,0
4264,27,1,1,1,1,0.254193,0.663420,0.082387,0.252548,0.664429,0.082993,1845,0
4265,27,0,0,0,0,0.822861,0.172343,0.004796,0.820709,0.174408,0.004868,1845,0
4266,27,2,1,1,1,0.114810,0.690305,0.194885,0.113602,0.690048,0.196320,1845,0
4267,27,1,1,1,1,0.292991,0.594094,0.112915,0.292770,0.593948,0.113251,1845,0
4268,27,2,1,1,1,0.131948,0.581924,0.286128,0.130341,0.581848,0.287781,1845,0
4269,27,1,0,0,0,0.493614,0.482275,0.024110,0.490280,0.485336,0.024368,1845,0
4270,27,0,1,1,1,0.309377,0.607573,0.083051,0.308105,0.608337,0.083542,1845,0
4271,27,2,1,1,1,0.028703,0.529205,0.442092,0.028534,0.528351,0.443085,1845,0
4272,27,0,0,0,0,0.864709,0.132197,0.003094,0.863220,0.133621,0.003128,1845,0
4273,27,1,1,1,1,0.094334,0.643264,0.262401,0.093872,0.642746,0.263367,1845,0
4274,27,1,1,1,1,0.118727,0.753824,0.127450,0.117905,0.753998,0.128067,1845,0
4275,27,0,0,0,0,0.845167,0.151130,0.003703,0.843445,0.152771,0.003754,1845,0
4276,27,1,1,1,1,0.306779,0.620801,0.072420,0.304077,0.622757,0.073135,1845,0
4277,27,2,2,2,2,0.018945,0.286460,0.694595,0.018921,0.286255,0.694809,1845,0
4278,27,1,1,1,1,0.058002,0.737141,0.204858,0.057800,0.736679,0.205505,1845,0
4279,27,1,0,0,0,0.541738,0.434154,0.024108,0.538635,0.436981,0.024368,1845,0
4280,27,1,1,1,1,0.091234,0.754473,0.154294,0.090500,0.754578,0.154907,1845,0
4281,27,0,0,0,0,0.917729,0.081057,0.001214,0.916641,0.082123,0.001221,1845,0
4282,27,2,1,1,1,0.058683,0.637408,0.303909,0.058105,0.636505,0.305374,1845,0
4283,27,1,1,1,1,0.135429,0.721004,0.143566,0.133926,0.721588,0.144470,1845,0
4284,27,2,1,1,1,0.148467,0.676878,0.174654,0.147949,0.676682,0.175339,1845,0
4285,27,1,1,1,1,0.121180,0.760059,0.118761,0.120209,0.760437,0.119324,1845,0
4286,27,0,0,0,0,0.518459,0.457175,0.024366,0.515381,0.459976,0.024628,1845,0
4287,27,2,2,2,2,0.019353,0.445461,0.535186,0.019226,0.444534,0.536209,1845,0
4288,27,0,0,0,0,0.688143,0.299382,0.012474,0.685257,0.302094,0.012634,1845,0
4289,27,1,1,1,1,0.121276,0.721522,0.157202,0.119873,0.721680,0.158432,1845,0
4290,27,1,1,1,1,0.333180,0.622185,0.044635,0.330353,0.624603,0.045029,1845,0
4291,27,0,1,1,1,0.084567,0.551862,0.363571,0.084290,0.551193,0.364487,1845,0
4292,27,1,1,1,1,0.080629,0.743113,0.176258,0.080017,0.743042,0.176910,1845,0
4293,27,2,2,2,2,0.007310,0.191784,0.800906,0.007294,0.191528,0.801163,1845,0
4294,27,1,1,1,1,0.039246,0.672347,0.288408,0.039139,0.671951,0.288895,1845,0
4295,27,1,1,1,1,0.213931,0.703701,0.082367,0.213181,0.704102,0.082687,1845,0
4296,27,1,1,1,1,0.034267,0.642448,0.323285,0.034088,0.641754,0.324142,1845,0
4297,27,0,0,0,0,0.842100,0.153788,0.004112,0.840363,0.155441,0.004166,1845,0
4298,27,2,1,1,1,0.044746,0.564636,0.390618,0.044662,0.563995,0.391312,1845,0
4299,27,1,1,1,1,0.149068,0.658628,0.192304,0.147415,0.658920,0.193649,1845,0
4300,27,2,2,2,2,0.021009,0.446654,0.532337,0.028244,0.475006,0.496719,1845,0
4301,27,1,2,2,2,0.047318,0.443260,0.509422,0.047287,0.443024,0.509659,1845,0
4302,27,0,0,0,0,0.538962,0.429970,0.031068,0.536041,0.432526,0.031403,1845,0
4303,27,2,2,2,2,0.038774,0.412502,0.548725,0.038208,0.410919,0.550858,1845,0
4304,27,0,0,0,0,0.730472,0.260566,0.008961,0.727768,0.263107,0.009094,1845,0
4305,27,1,1,1,1,0.232381,0.690295,0.077323,0.230148,0.691864,0.077972,1845,0
4306,27,1,1,1,1,0.302676,0.640324,0.057000,0.300293,0.642227,0.057449,1845,0
4307,27,0,0,0,0,0.663657,0.314977,0.021366,0.660812,0.317459,0.021698,1845,0
4308,27,1,1,1,1,0.436787,0.528481,0.034732,0.433960,0.530945,0.035065,1845,0
4309,27,2,1,1,1,0.111089,0.689455,0.199456,0.110092,0.689346,0.200546,1845,0
4310,27,1,1,1,1,0.065047,0.617705,0.317248,0.064896,0.617035,0.318054,1845,0
4311,27,1,1,1,1,0.099659,0.708697,0.191644,0.098816,0.708527,0.192627,1845,0
4312,27,1,1,1,1,0.083986,0.730668,0.185346,0.083755,0.730286,0.185928,1845,0
4313,27,0,0,0,0,0.651266,0.323486,0.025248,0.648926,0.325562,0.025482,1845,0
4314,27,2,1,1,1,0.075073,0.582835,0.342092,0.074982,0.582275,0.342728,1845,0
4315,27,2,2,2,2,0.019603,0.306205,0.674192,0.019531,0.305786,0.674652,1845,0
4316,27,1,1,1,1,0.138447,0.560475,0.301077,0.137848,0.560059,0.302078,1845,0
4317,27,0,2,2,2,0.051122,0.281608,0.667270,0.050873,0.281067,0.668045,1845,0
4318,27,2,2,2,2,0.015889,0.375311,0.608800,0.015854,0.374786,0.609344,1845,0
4319,27,0,1,1,1,0.377364,0.567521,0.055115,0.374207,0.570114,0.055649,1845,0
4320,27,1,1,1,1,0.458751,0.508909,0.032340,0.455521,0.511780,0.032684,1845,0
4321,27,0,1,1,1,0.426022,0.533670,0.040308,0.422928,0.536346,0.040695,1845,0
4322,27,2,1,1,1,0.182751,0.622475,0.194773,0.180710,0.623260,0.195999,1845,0
4323,27,1,1,1,1,0.085053,0.625305,0.289642,0.083908,0.624878,0.291199,1845,0
4324,27,1,1,1,1,0.137743,0.717785,0.144472,0.137527,0.716797,0.145660,1845,0
4325,27,1,1,1,1,0.154005,0.767471,0.078525,0.153412,0.767776,0.078796,1845,0
4326,27,0,0,0,0,0.665678,0.320150,0.014172,0.662552,0.323074,0.014359,1845,0
4327,27,2,1,1,1,0.027591,0.539601,0.432808,0.027344,0.538452,0.434174,1845,0
4328,27,1,1,1,1,0.338703,0.592490,0.068808,0.335724,0.594818,0.069427,1845,0
4329,27,2,2,2,2,0.003025,0.133870,0.863106,0.003006,0.133636,0.863327,1845,0
4330,27,1,1,1,1,0.179258,0.734246,0.086496,0.177887,0.735107,0.086975,1845,0
4331,27,0,1,1,1,0.442907,0.518068,0.039025,0.439758,0.520828,0.039398,1845,0
4332,27,2,2,2,2,0.008009,0.272222,0.719769,0.007996,0.271866,0.720108,1845,0
4333,27,0,1,1,1,0.298689,0.634096,0.067215,0.296326,0.635880,0.067780,1845,0
4334,27,1,1,1,1,0.114558,0.523862,0.361580,0.113052,0.523041,0.363892,1845,0
4335,27,1,1,1,1,0.149170,0.673495,0.177335,0.148697,0.673248,0.178024,1845,0
4336,27,0,1,1,1,0.335497,0.610957,0.053546,0.333221,0.612793,0.053970,1845,0
4337,27,1,1,1,1,0.261383,0.681128,0.057490,0.257019,0.684479,0.058472,1845,0
4338,27,2,1,1,1,0.070301,0.628168,0.301531,0.070053,0.627594,0.302322,1845,0
4339,27,1,1,1,1,0.067044,0.712261,0.220694,0.066544,0.711838,0.221588,1845,0
4340,27,1,1,1,1,0.326406,0.617161,0.056433,0.323624,0.619385,0.056976,1845,0
4341,27,1,1,1,1,0.023650,0.528074,0.448275,0.023575,0.527283,0.449127,1845,0
4342,27,0,0,0,0,0.760059,0.232399,0.007542,0.757614,0.234726,0.007645,1845,0
4343,27,2,1,1,1,0.067132,0.694867,0.238001,0.066605,0.694412,0.238953,1845,0
4344,27,1,1,1,1,0.047756,0.519123,0.433121,0.047485,0.518051,0.434448,1845,0
4345,27,2,2,2,2,0.026802,0.469268,0.503929,0.026672,0.468552,0.504761,1845,0
4346,27,1,1,1,1,0.272345,0.642137,0.085518,0.269684,0.644043,0.086258,1845,0
4347,27,0,1,1,1,0.287395,0.531940,0.180664,0.287170,0.531693,0.181107,1845,0
4348,27,2,2,2,2,0.003035,0.142211,0.854754,0.003433,0.150131,0.846420,1845,0
4349,27,0,1,1,1,0.289997,0.649207,0.060796,0.331345,0.617233,0.051392,1845,0
4350,27,1,2,2,2,0.021355,0.399528,0.579117,0.021027,0.398438,0.580505,1845,0
4351,27,1,0,0,0,0.686041,0.300474,0.013485,0.683121,0.303192,0.013657,1845,0
4352,27,0,1,1,1,0.412861,0.551092,0.036047,0.410416,0.553177,0.036392,1845,0
4353,27,1,1,1,1,0.313814,0.622503,0.063683,0.310776,0.624924,0.064270,1845,0
4354,27,2,1,1,1,0.025625,0.578685,0.395690,0.025543,0.578156,0.396286,1845,0
4355,27,1,1,1,1,0.062393,0.784303,0.153304,0.086487,0.778946,0.134552,1845,0
4356,27,1,1,1,1,0.048548,0.605495,0.345957,0.048370,0.605011,0.346588,1845,0
4357,27,1,1,1,1,0.137971,0.728042,0.133987,0.137344,0.728134,0.134491,1845,0
4358,27,0,0,0,0,0.492879,0.482827,0.024295,0.490723,0.484787,0.024475,1845,0
4359,27,2,2,2,2,0.040656,0.466145,0.493199,0.040558,0.465591,0.493835,1845,0
4360,27,1,1,1,1,0.256829,0.655630,0.087541,0.255203,0.656555,0.088226,1845,0
4361,27,2,2,2,2,0.011204,0.320442,0.668353,0.011169,0.320007,0.668808,1845,0
4362,27,1,1,1,1,0.382776,0.572927,0.044297,0.379623,0.575623,0.044739,1845,0
4363,27,0,1,1,1,0.183961,0.664809,0.151230,0.182114,0.665756,0.152100,1845,0
4364,27,2,2,2,2,0.012906,0.309854,0.677239,0.012878,0.309586,0.677521,1845,0
4365,27,0,0,0,0,0.535700,0.434548,0.029752,0.532715,0.437180,0.030090,1845,0
4366,27,1,1,1,1,0.171565,0.692589,0.135846,0.171143,0.692520,0.136322,1845,0
4367,27,1,1,1,1,0.303133,0.629716,0.067151,0.298996,0.632996,0.067978,1845,0
4368,27,0,1,1,1,0.374273,0.554530,0.071198,0.373657,0.554825,0.071487,1845,0
4369,27,1,1,1,1,0.252557,0.688125,0.059318,0.251450,0.688950,0.059586,1845,0
4370,27,2,2,2,2,0.009558,0.220177,0.770266,0.009537,0.220062,0.770386,1845,0
4371,27,1,1,1,1,0.068339,0.685215,0.246446,0.067932,0.684677,0.247360,1845,0
4372,27,1,1,1,1,0.123967,0.703433,0.172599,0.122498,0.703888,0.173599,1845,0
4373,27,1,1,1,1,0.035293,0.612420,0.352287,0.035126,0.611771,0.353088,1845,0
4374,27,0,1,1,1,0.304521,0.634901,0.060578,0.302353,0.636642,0.060989,1845,0
4375,27,2,2,2,2,0.022620,0.367786,0.609594,0.022522,0.367111,0.610352,1845,0
4376,27,1,1,1,1,0.053308,0.661908,0.284784,0.053116,0.661224,0.285629,1845,0
4377,27,2,2,2,2,0.009638,0.330628,0.659734,0.009613,0.330261,0.660095,1845,0
4378,27,1,2,2,2,0.010810,0.195126,0.794064,0.010803,0.195053,0.794113,1845,0
4379,27,0,1,1,1,0.034440,0.544989,0.420571,0.034073,0.544250,0.421661,1845,0
4380,27,2,1,1,1,0.030552,0.531609,0.437839,0.030502,0.531021,0.438446,1845,0
4381,27,0,1,1,1,0.285707,0.641042,0.073251,0.283371,0.642792,0.073822,1845,0
4382,27,1,2,2,2,0.015756,0.400792,0.583452,0.015701,0.400284,0.584000,1845,0
4383,27,1,1,1,1,0.465102,0.500378,0.034520,0.461823,0.503281,0.034882,1845,0
4384,27,0,0,0,0,0.653195,0.334873,0.011932,0.650528,0.337372,0.012085,1845,0
4385,27,1,1,1,1,0.257726,0.677793,0.064481,0.255615,0.679367,0.064987,1845,0
4386,27,2,1,1,1,0.028369,0.497029,0.474602,0.028275,0.496216,0.475494,1845,0
4387,27,1,1,1,1,0.029247,0.608494,0.362259,0.029083,0.607635,0.363266,1845,0
4388,27,1,1,1,1,0.147764,0.696333,0.155903,0.146133,0.697052,0.156799,1845,0
4389,27,1,1,1,1,0.053758,0.680398,0.265844,0.053696,0.679871,0.266418,1845,0
4390,27,0,0,0,0,0.787267,0.202161,0.010572,0.785706,0.203598,0.010681,1845,0
4391,27,2,1,1,1,0.029755,0.498191,0.472054,0.029465,0.496918,0.473602,1845,0
4392,27,1,1,1,1,0.094669,0.710243,0.195088,0.094055,0.709900,0.196030,1845,0
4393,27,2,2,2,2,0.005641,0.240415,0.753944,0.005615,0.239975,0.754379,1845,0
4394,27,1,1,1,1,0.159722,0.709826,0.130452,0.157913,0.710632,0.131439,1845,0
4395,27,0,0,0,0,0.492950,0.481226,0.025824,0.489578,0.484299,0.026093,1845,0
4396,27,2,1,1,1,0.053056,0.568162,0.378783,0.052841,0.567520,0.379623,1845,0
4397,27,0,1,1,1,0.305988,0.629785,0.064227,0.303345,0.631866,0.064758,1845,0
4398,27,1,1,1,1,0.016197,0.499820,0.483984,0.016052,0.498627,0.485306,1845,0
4399,27,1,1,1,1,0.081690,0.773441,0.144869,0.081024,0.773605,0.145340,1845,0
4400,27,0,0,0,0,0.819930,0.174795,0.005275,0.818375,0.176285,0.005325,1845,0
4401,27,1,1,1,1,0.072593,0.658992,0.268415,0.071609,0.658661,0.269714,1845,0
4402,27,2,2,2,2,0.002548,0.169640,0.827812,0.002533,0.169327,0.828125,1845,0
4403,27,1,2,2,2,0.011276,0.374679,0.614045,0.011200,0.373871,0.614899,1845,0
4404,28,1,1,1,1,0.403223,0.560747,0.036030,0.403076,0.560852,0.036057,1845,0
4405,28,1,1,1,1,0.122967,0.781938,0.095094,0.122955,0.782013,0.095001,1845,0
4406,28,0,0,0,0,0.926437,0.072524,0.001039,0.926315,0.072617,0.001038,1845,0
4407,28,2,2,2,2,0.000723,0.077115,0.922162,0.000839,0.084000,0.915146,1845,0
4408,28,1,1,1,1,0.179383,0.728670,0.091947,0.179352,0.728729,0.091888,1845,0
4409,28,2,2,2,2,0.000281,0.030982,0.968737,0.000275,0.031021,0.968674,1845,0
4410,28,1,0,0,0,0.511985,0.464478,0.023537,0.511826,0.464600,0.023544,1845,0
4411,28,0,0,0,0,0.916520,0.081717,0.001763,0.916412,0.081818,0.001755,1845,0
4412,28,2,2,2,2,0.002958,0.159117,0.837925,0.002945,0.159576,0.837448,1845,0
4413,28,0,0,0,0,0.597718,0.380775,0.021507,0.597366,0.381104,0.021515,1845,0
4414,28,1,1,1,1,0.091582,0.709543,0.198875,0.091599,0.709930,0.198456,1845,0
4415,28,1,0,0,0,0.534688,0.442969,0.022343,0.534515,0.443130,0.022339,1845,0
4416,28,0,0,0,0,0.501530,0.477346,0.021124,0.501358,0.477509,0.021103,1845,0
4417,28,1,1,1,1,0.444344,0.514979,0.040677,0.444336,0.514999,0.040649,1845,0
4418,28,2,2,2,2,0.000431,0.049390,0.950179,0.000427,0.049545,0.950012,1845,0
4419,28,1,1,1,1,0.053195,0.554072,0.392733,0.053192,0.554611,0.392166,1845,0
4420,28,1,1,1,1,0.280739,0.658076,0.061185,0.308151,0.634521,0.057297,1845,0
4421,28,1,2,2,2,0.017824,0.341019,0.641157,0.017853,0.341858,0.640274,1845,0
4422,28,0,1,1,1,0.415889,0.544196,0.039915,0.415924,0.544159,0.039886,1845,0
4423,28,2,2,2,2,0.000721,0.066344,0.932936,0.000717,0.066559,0.932709,1845,0
4424,28,1,2,2,2,0.019779,0.352010,0.628211,0.019806,0.352859,0.627304,1845,0
4425,28,2,2,2,2,0.000395,0.036851,0.962754,0.000381,0.036896,0.962692,1845,0
4426,28,1,1,1,1,0.227094,0.648378,0.124528,0.227264,0.648468,0.124237,1845,0
4427,28,0,0,0,0,0.908169,0.090238,0.001594,0.908096,0.090286,0.001587,1845,0
4428,28,2,2,2,2,0.000387,0.044040,0.955574,0.000381,0.044144,0.955460,1845,0
4429,28,0,0,0,0,0.919932,0.078543,0.001525,0.919815,0.078644,0.001511,1845,0
4430,28,1,2,2,2,0.016010,0.336163,0.647827,0.016022,0.336914,0.647034,1845,0
4431,28,1,1,1,1,0.274936,0.668878,0.056186,0.275009,0.668869,0.056107,1845,0
4432,28,0,0,0,0,0.814246,0.181170,0.004583,0.814117,0.181274,0.004578,1845,0
4433,28,1,0,0,0,0.614000,0.366093,0.019907,0.613861,0.366241,0.019867,1845,0
4434,28,2,2,2,2,0.000451,0.038223,0.961325,0.000427,0.037521,0.962021,1845,0
4435,28,1,2,2,2,0.014074,0.430372,0.555555,0.014084,0.431046,0.554855,1845,0
4436,28,1,0,0,0,0.601140,0.377866,0.020994,0.600983,0.377991,0.020996,1845,0
4437,28,1,1,1,1,0.145095,0.692342,0.162563,0.145111,0.692612,0.162247,1845,0
4438,28,0,0,0,0,0.760976,0.230612,0.008412,0.760757,0.230804,0.008408,1845,0
4439,28,2,2,2,2,0.000197,0.023836,0.975967,0.000183,0.023834,0.975952,1845,0
4440,28,1,2,1,1,0.021188,0.489243,0.489569,0.021179,0.489731,0.489059,1845,0
4441,28,2,2,2,2,0.000431,0.040807,0.958762,0.000412,0.040863,0.958694,1845,0
4442,28,1,1,1,1,0.464127,0.500722,0.035151,0.464005,0.500885,0.035095,1845,0
4443,28,0,0,0,0,0.788478,0.206165,0.005357,0.788391,0.206238,0.005341,1845,0
4444,28,2,2,2,2,0.000635,0.075307,0.924058,0.000641,0.075195,0.924133,1845,0
4445,28,0,0,0,0,0.638191,0.348032,0.013777,0.638077,0.348145,0.013763,1845,0
4446,28,1,2,2,2,0.005936,0.319532,0.674532,0.005936,0.320221,0.673813,1845,0
4447,28,1,1,1,1,0.189967,0.737391,0.072642,0.189926,0.737427,0.072632,1845,0
4448,28,0,0,0,0,0.510816,0.458082,0.031102,0.510666,0.458252,0.031052,1845,0
4449,28,1,1,1,1,0.177608,0.672796,0.149597,0.109146,0.695084,0.195755,1845,0
4450,28,2,2,2,2,0.000535,0.058759,0.940707,0.000519,0.058929,0.940521,1845,0
4451,28,1,2,2,2,0.004936,0.276133,0.718931,0.004929,0.276749,0.718292,1845,0
4452,28,1,0,0,0,0.536838,0.443400,0.019762,0.536743,0.443481,0.019745,1845,0
4453,28,1,1,1,1,0.043629,0.637224,0.319147,0.043625,0.637711,0.318634,1845,0
4454,28,0,0,0,0,0.801345,0.193639,0.005017,0.801102,0.193863,0.005005,1845,0
4455,28,2,2,2,2,0.000682,0.070722,0.928596,0.000671,0.070969,0.928329,1845,0
4456,28,1,1,1,1,0.182007,0.715953,0.102040,0.182053,0.716003,0.101913,1845,0
4457,28,2,2,2,2,0.001230,0.108888,0.889883,0.001221,0.109238,0.889511,1845,0
4458,28,1,0,0,0,0.669334,0.319721,0.010945,0.689926,0.300064,0.009995,1845,0
4459,28,0,0,0,0,0.729378,0.262976,0.007646,0.729233,0.263107,0.007645,1845,0
4460,28,2,2,2,2,0.000164,0.021968,0.977868,0.000153,0.021973,0.977844,1845,0
4461,28,0,0,0,0,0.698551,0.293263,0.008186,0.698380,0.293427,0.008179,1845,0
4462,28,1,1,1,1,0.057642,0.721456,0.220902,0.057617,0.721634,0.220718,1845,0
4463,28,1,1,1,1,0.342908,0.616376,0.040716,0.342972,0.616364,0.040649,1845,0
4464,28,0,0,0,0,0.523837,0.454990,0.021173,0.523636,0.455170,0.021164,1845,0
4465,28,1,0,0,0,0.547626,0.424492,0.027881,0.547424,0.424698,0.027863,1845,0
4466,28,2,2,2,2,0.000383,0.044273,0.955345,0.000366,0.044373,0.955231,1845,0
4467,28,1,1,1,1,0.050441,0.640336,0.309223,0.050446,0.640823,0.308701,1845,0
4468,28,1,0,0,0,0.544676,0.432102,0.023222,0.544495,0.432266,0.023224,1845,0
4469,28,1,1,1,1,0.158057,0.739361,0.102582,0.158096,0.739441,0.102432,1845,0
4470,28,0,0,0,0,0.726047,0.267308,0.006645,0.725891,0.267456,0.006622,1845,0
4471,28,2,2,2,2,0.000476,0.065943,0.933580,0.000473,0.066147,0.933350,1845,0
4472,28,1,1,1,1,0.288187,0.647406,0.064407,0.288284,0.647339,0.064362,1845,0
4473,28,2,2,2,2,0.000607,0.071503,0.927890,0.000595,0.071747,0.927628,1845,0
4474,28,1,0,0,0,0.500371,0.476596,0.023033,0.500214,0.476746,0.023026,1845,0
4475,28,0,0,0,0,0.855361,0.140890,0.003750,0.855240,0.140991,0.003738,1845,0
4476,28,2,2,2,2,0.000121,0.020174,0.979705,0.000107,0.020096,0.979767,1845,0
4477,28,0,0,0,0,0.913381,0.085021,0.001598,0.913300,0.085098,0.001587,1845,0
4478,28,1,2,2,2,0.007166,0.360526,0.632308,0.007156,0.361130,0.631683,1845,0
4479,28,1,1,1,1,0.161757,0.745038,0.093205,0.161713,0.745193,0.093079,1845,0
4480,28,0,1,1,1,0.460626,0.504704,0.034670,0.460648,0.504730,0.034607,1845,0
4481,28,1,1,1,1,0.274029,0.667466,0.058505,0.273926,0.667603,0.058441,1845,0
4482,28,2,2,2,2,0.003306,0.176879,0.819814,0.001678,0.130478,0.867813,1845,0
4483,28,1,1,1,1,0.050232,0.716375,0.233393,0.050247,0.716614,0.233124,1845,0
4484,28,1,0,0,0,0.898738,0.099514,0.001748,0.898605,0.099640,0.001740,1845,0
4485,28,1,2,2,2,0.027537,0.449109,0.523353,0.027573,0.450073,0.522339,1845,0
4486,28,0,0,0,0,0.747654,0.243019,0.009326,0.747498,0.243164,0.009323,1845,0
4487,28,2,2,2,2,0.000600,0.066171,0.933229,0.000595,0.066391,0.932983,1845,0
4488,28,1,2,2,2,0.009118,0.338050,0.652832,0.009125,0.338837,0.652023,1845,0
4489,28,2,2,2,2,0.000929,0.077129,0.921942,0.000916,0.077377,0.921692,1845,0
4490,28,1,1,1,1,0.390587,0.579980,0.029433,0.390747,0.579819,0.029404,1845,0
4491,28,0,0,0,0,0.723791,0.267763,0.008446,0.723511,0.268021,0.008438,1845,0
4492,28,2,2,2,2,0.000724,0.047413,0.951862,0.000717,0.047470,0.951797,1845,0
4493,28,0,0,0,0,0.919966,0.078963,0.001071,0.919846,0.079071,0.001053,1845,0
4494,28,1,2,2,2,0.006673,0.241965,0.751362,0.006668,0.242691,0.750610,1845,0
4495,28,1,1,1,1,0.317416,0.617574,0.065010,0.317459,0.617569,0.064941,1845,0
4496,28,0,0,0,0,0.882079,0.116030,0.001892,0.881958,0.116135,0.001877,1845,0
4497,28,1,1,1,1,0.214412,0.690242,0.095346,0.214432,0.690247,0.095306,1845,0
4498,28,2,2,2,2,0.000316,0.031506,0.968178,0.000305,0.031540,0.968140,1845,0
4499,28,1,0,0,0,0.859127,0.138397,0.002476,0.859024,0.138489,0.002472,1845,0
4500,28,1,1,1,1,0.168409,0.712070,0.119521,0.168518,0.712067,0.119400,1845,0
4501,28,0,0,0,0,0.901315,0.096625,0.002059,0.901199,0.096725,0.002045,1845,0
4502,28,2,2,2,2,0.002664,0.174814,0.822522,0.002655,0.175278,0.822037,1845,0
4503,28,1,1,1,1,0.097267,0.765567,0.137166,0.097260,0.765625,0.137085,1845,0
4504,28,2,2,2,2,0.002880,0.172113,0.825007,0.002884,0.172607,0.824478,1845,0
4505,28,1,0,0,0,0.615449,0.368586,0.015965,0.615219,0.368790,0.015976,1845,0
4506,28,0,0,0,0,0.621258,0.364442,0.014300,0.620941,0.364731,0.014297,1845,0
4507,28,2,2,2,2,0.000277,0.032002,0.967721,0.000259,0.032043,0.967667,1845,0
4508,28,0,0,0,0,0.922132,0.076299,0.001568,0.922058,0.076355,0.001556,1845,0
4509,28,1,1,1,1,0.117178,0.781741,0.101080,0.117157,0.781815,0.101013,1845,0
4510,28,1,0,0,0,0.885858,0.111865,0.002277,0.885651,0.112045,0.002274,1845,0
4511,28,0,0,0,0,0.804553,0.190207,0.005240,0.804276,0.190460,0.005234,1845,0
4512,28,1,0,0,0,0.558893,0.414526,0.026580,0.558640,0.414734,0.026611,1845,0
4513,28,1,1,1,1,0.041534,0.582777,0.375689,0.041534,0.583282,0.375153,1845,0
4514,28,1,0,0,0,0.834769,0.161630,0.003601,0.834625,0.161758,0.003586,1845,0
4515,28,0,0,0,0,0.932634,0.066161,0.001204,0.919724,0.078735,0.001511,1845,0
4516,28,2,2,2,2,0.002284,0.235017,0.762699,0.002274,0.235504,0.762192,1845,0
4517,28,1,1,1,1,0.024242,0.510243,0.465515,0.024246,0.510803,0.464935,1845,0
4518,28,2,2,2,2,0.000270,0.028858,0.970872,0.000259,0.028885,0.970825,1845,0
4519,28,1,1,1,1,0.172167,0.738138,0.089694,0.172211,0.738098,0.089661,1845,0
4520,28,0,0,0,0,0.759641,0.232108,0.008251,0.759445,0.232285,0.008240,1845,0
4521,28,2,2,2,2,0.000420,0.050547,0.949033,0.000412,0.050705,0.948853,1845,0
4522,28,0,0,0,0,0.889868,0.107694,0.002438,0.889755,0.107803,0.002426,1845,0
4523,28,1,1,1,1,0.260785,0.634067,0.105148,0.260925,0.634201,0.104843,1845,0
4524,28,1,0,0,0,0.617051,0.368825,0.014124,0.617004,0.368866,0.014099,1845,0
4525,28,0,0,0,0,0.768873,0.224203,0.006924,0.776840,0.216568,0.006561,1845,0
4526,28,1,0,0,0,0.569297,0.415991,0.014713,0.569214,0.416061,0.014694,1845,0
4527,28,2,2,2,2,0.000648,0.077419,0.921932,0.000641,0.077682,0.921646,1845,0
4528,28,1,1,1,1,0.138691,0.763401,0.097908,0.138733,0.763397,0.097839,1845,0
4529,28,1,1,1,1,0.296528,0.639404,0.064068,0.296570,0.639435,0.063965,1845,0
4530,28,1,1,1,1,0.076541,0.732818,0.190640,0.076569,0.733063,0.190338,1845,0
4531,28,0,0,0,0,0.553155,0.426158,0.020687,0.552948,0.426376,0.020660,1845,0
4532,28,2,2,2,2,0.000255,0.031539,0.968205,0.000244,0.031586,0.968155,1845,0
4533,28,1,1,1,1,0.049557,0.714588,0.235855,0.049576,0.714737,0.235672,1845,0
4534,28,2,2,2,2,0.002376,0.170467,0.827156,0.002365,0.170975,0.826645,1845,0
4535,28,1,0,0,0,0.829603,0.166283,0.004115,0.829559,0.166321,0.004105,1845,0
4536,28,0,0,0,0,0.897450,0.100165,0.002385,0.897293,0.100296,0.002380,1845,0
4537,28,2,2,2,2,0.002028,0.157860,0.840112,0.002014,0.158920,0.839050,1845,0
4538,28,0,0,0,0,0.968673,0.031034,0.000293,0.968643,0.031052,0.000275,1845,0
4539,28,1,1,1,1,0.088446,0.742104,0.169450,0.088470,0.742264,0.169235,1845,0
4540,28,1,0,0,0,0.695680,0.292041,0.012280,0.695480,0.292206,0.012283,1845,0
4541,28,0,0,0,0,0.887819,0.110230,0.001951,0.887619,0.110413,0.001938,1845,0
4542,28,1,0,0,0,0.504083,0.473950,0.021967,0.506287,0.471878,0.021820,1845,0
4543,28,2,2,2,2,0.000530,0.073004,0.926466,0.000519,0.073257,0.926193,1845,0
4544,28,1,1,1,1,0.085482,0.765131,0.149387,0.085464,0.765121,0.149399,1845,0
4545,28,1,1,1,1,0.305658,0.649935,0.044407,0.307602,0.648132,0.044250,1845,0
4546,28,1,1,1,1,0.040516,0.579232,0.380252,0.040527,0.579559,0.379883,1845,0
4547,28,0,0,0,0,0.963446,0.036152,0.000402,0.963379,0.036209,0.000397,1845,0
4548,28,2,2,2,2,0.006002,0.292780,0.701218,0.006012,0.293365,0.700607,1845,0
4549,28,1,1,1,1,0.075484,0.745428,0.179088,0.075500,0.745621,0.178864,1845,0
4550,28,1,0,0,0,0.857480,0.138709,0.003811,0.857300,0.138870,0.003799,1845,0
4551,28,0,0,0,0,0.919625,0.078512,0.001863,0.919662,0.078461,0.001846,1845,0
4552,28,2,2,2,2,0.000467,0.047326,0.952207,0.000458,0.047455,0.952072,1845,0
4553,28,0,0,0,0,0.903979,0.094513,0.001507,0.903809,0.094666,0.001495,1845,0
4554,28,1,1,1,1,0.042785,0.672859,0.284357,0.042786,0.673203,0.283997,1845,0
4555,28,1,1,1,1,0.449488,0.517634,0.032877,0.449417,0.517715,0.032852,1845,0
4556,28,0,0,0,0,0.908620,0.089670,0.001709,0.908493,0.089783,0.001694,1845,0
4557,28,1,0,0,0,0.500353,0.480929,0.018718,0.500107,0.481171,0.018707,1845,0
4558,28,2,2,2,2,0.000198,0.026966,0.972836,0.000183,0.027084,0.972717,1845,0
4559,28,1,1,1,1,0.026225,0.632388,0.341387,0.026215,0.632416,0.341339,1845,0
